#ifndef SPRITES_H
#define SPRITES_H

#include <Arduino.h>

// Auto-generated from uploaded PNG sprites. Each sprite is 32x32,
// RGB565 format, stored in flash (PROGMEM) to save RAM.

static const uint16_t SPRITE_W = 64;
static const uint16_t SPRITE_H = 64;

// cat.png (64x64)
static const uint16_t cat[4096] PROGMEM = {
  0x0000,0x0000,0x0000,0x0000,0x0000,0x0000,0x0000,0x0000,0x0000,0x0000,0x0000,0x0000,0x0000,0x0000,0x0000,0x0000,
  0x0000,0x0000,0x0000,0x0000,0x0000,0x0000,0x0000,0x0000,0x0000,0x0000,0x0000,0x0000,0x0000,0x0000,0x0000,0x0000,
  0x0000,0x0000,0x0000,0x0000,0x0000,0x0000,0x0000,0x0000,0x0000,0x0000,0x0000,0x0000,0x0000,0x0000,0x0000,0x0000,
  0x0000,0x0000,0x0000,0x0000,0x0000,0x0000,0x0000,0x0000,0x0000,0x0000,0x0000,0x0000,0x0000,0x0000,0x0000,0x0000,
  0x0000,0x0000,0x0000,0x0000,0x0000,0x0000,0x0000,0x0000,0x0000,0x0000,0x0000,0x0000,0x0000,0x0000,0x0000,0x0000,
  0x0000,0x0000,0x0000,0x0000,0x0000,0x0000,0x0000,0x0000,0x0000,0x0000,0x0000,0x0000,0x0000,0x0000,0x0000,0x0000,
  0x0000,0x0000,0x0000,0x0000,0x0000,0x0000,0x0000,0x0000,0x0000,0x0000,0x0000,0x0000,0x0000,0x0000,0x0000,0x0000,
  0x0000,0x0000,0x0000,0x0000,0x0000,0x0000,0x0000,0x0000,0x0000,0x0000,0x0000,0x0000,0x0000,0x0000,0x0000,0x0000,
  0x0000,0x0000,0x0000,0x0000,0x0000,0x0000,0x0000,0x0000,0x0000,0x0000,0x0000,0x0000,0x0000,0x0000,0x0000,0x0000,
  0x0000,0x0000,0x0000,0x0000,0x0000,0x0000,0x0000,0x0000,0x0000,0x0000,0x0000,0x0000,0x0000,0x0000,0x0000,0x0000,
  0x0000,0x0000,0x0000,0x0000,0x0000,0x0000,0x0000,0x0000,0x0000,0x0000,0x0000,0x0000,0x0000,0x0000,0x0000,0x0000,
  0x0000,0x0000,0x0000,0x0000,0x0000,0x0000,0x0000,0x0000,0x0000,0x0000,0x0000,0x0000,0x0000,0x0000,0x0000,0x0000,
  0x0000,0x0000,0x0000,0x0000,0x0000,0x0000,0x0000,0x0000,0x0000,0x0000,0x0000,0x0000,0x0000,0x0000,0x0000,0x0000,
  0x0000,0x0000,0x0000,0x0000,0x0000,0x0000,0x0000,0x0000,0x0000,0x0000,0x0000,0x0000,0x0000,0x0000,0x0000,0x0000,
  0x0000,0x0000,0x0000,0x0000,0x0000,0x0000,0x0000,0x0000,0x0000,0x0000,0x0000,0x0000,0x0000,0x0000,0x0000,0x0000,
  0x0000,0x0000,0x0000,0x0000,0x0000,0x0000,0x0000,0x0000,0x0000,0x0000,0x0000,0x0000,0x0000,0x0000,0x0000,0x0000,
  0x0000,0x0000,0x0000,0x0000,0x0000,0x0000,0x0000,0x0000,0x0000,0x0000,0x0000,0x0000,0x0000,0x0000,0x0000,0x0000,
  0x0000,0x0000,0x0000,0x0000,0x0000,0x0000,0x0000,0x0000,0x0000,0x0000,0x0000,0x0000,0x0000,0x0000,0x0000,0x0000,
  0x0000,0x0000,0x0000,0x0000,0x0000,0x0000,0x0000,0x0000,0x0000,0x0000,0x0000,0x0000,0x0000,0x0000,0x0000,0x0000,
  0x0000,0x0000,0x0000,0x0000,0x0000,0x0000,0x0000,0x0000,0x0000,0x0000,0x0000,0x0000,0x0000,0x0000,0x0000,0x0000,
  0x0000,0x0000,0x0000,0x0000,0x0000,0x0000,0x0000,0x0000,0x0000,0x0000,0x0000,0x0000,0x0000,0x0000,0x0000,0x0000,
  0x0000,0x0000,0x0000,0x0000,0x0000,0x0000,0x0000,0x0000,0x0000,0x0000,0x0000,0x0000,0x0000,0x0000,0x0000,0x0000,
  0x0000,0x0000,0x0000,0x0000,0x0000,0x0000,0x0000,0x0000,0x0000,0x0000,0x0000,0x0000,0x0000,0x0000,0x0000,0x0000,
  0x0000,0x0000,0x0000,0x0000,0x0000,0x0000,0x0000,0x0000,0x0000,0x0000,0x0000,0x0000,0x0000,0x0000,0x0000,0x0000,
  0x0000,0x0000,0x0000,0x0000,0x0000,0x0000,0x0000,0x0000,0x0000,0x0000,0x0000,0x0000,0x0000,0x0000,0x0000,0x0000,
  0x0000,0x0000,0x0000,0x0000,0x0000,0x0000,0x0000,0x0000,0x0000,0x0000,0x0000,0x0000,0x0000,0x0000,0x0000,0x0000,
  0x0000,0x0000,0x0000,0x0000,0x0000,0x0000,0x0000,0x0000,0x0000,0x0000,0x0000,0x0000,0x0000,0x0000,0x0000,0x0000,
  0x0000,0x0000,0x0000,0x0000,0x0000,0x0000,0x0000,0x0000,0x0000,0x0000,0x0000,0x0000,0x0000,0x0000,0x0000,0x0000,
  0x0000,0x0000,0x0000,0x0000,0x0000,0x0000,0x0000,0x0000,0x0000,0x0000,0x0000,0x0000,0x0000,0x0000,0x0000,0x0000,
  0x0000,0x0000,0x0000,0x0000,0x0000,0x0000,0x0000,0x0000,0x0000,0x0000,0x0000,0x0000,0x0000,0x0000,0x0000,0x0000,
  0x0000,0x0000,0x0000,0x0000,0x0000,0x0000,0x0000,0x0000,0x0000,0x0000,0x0000,0x0000,0x0000,0x0000,0x0000,0x0000,
  0x0000,0x0000,0x0000,0x0000,0x0000,0x0000,0x0000,0x0000,0x0000,0x0000,0x0000,0x0000,0x0000,0x0000,0x0000,0x0000,
  0x0000,0x0000,0x0000,0x0000,0x0000,0x0000,0x0000,0x0000,0x0000,0x0000,0x0000,0x0000,0x0000,0x0000,0x0000,0x0000,
  0x0000,0x0000,0x0000,0x0000,0x0000,0x0000,0x0000,0x0000,0x0000,0x0000,0x0000,0x0000,0x0000,0x0000,0x0000,0x0000,
  0x0000,0x0000,0x0000,0x0000,0x0000,0x0000,0x0000,0x0000,0x0000,0x0000,0x0000,0x0000,0x0000,0x0000,0x0000,0x0000,
  0x0000,0x0000,0x0000,0x0000,0x0000,0x0000,0x0000,0x0000,0x0000,0x0000,0x0000,0x0000,0x0000,0x0000,0x0000,0x0000,
  0x0000,0x0000,0x0000,0x0000,0x0000,0x0000,0x0000,0x0000,0x0000,0x0000,0x0000,0x0000,0x0000,0x0000,0x0000,0x0000,
  0x0000,0x0000,0x0000,0x0000,0x0000,0x0000,0x0000,0x0000,0x0000,0x0000,0x0000,0x0000,0x0000,0x0000,0x0000,0x0000,
  0x0000,0x0000,0x0000,0x0000,0x0000,0x0000,0x0000,0x0000,0x0000,0x0000,0x0000,0x0000,0x0000,0x0000,0x0000,0x0000,
  0x0000,0x0000,0x0000,0x0000,0x0000,0x0000,0x0000,0x0000,0x0000,0x0000,0x0000,0x0000,0x0000,0x0000,0x0000,0x0000,
  0x0000,0x0000,0x0000,0x0000,0x0000,0x0000,0x0000,0x0000,0x0000,0x0000,0x0000,0x0000,0x0000,0x0000,0x630C,0x630C,
  0x630C,0x630C,0x0000,0x0000,0x0000,0x0000,0x0000,0x0000,0x0000,0x0000,0x0000,0x0000,0x0000,0x0000,0x0000,0x0000,
  0x0000,0x0000,0x0000,0x0000,0x0000,0x0000,0x0000,0x0000,0x630C,0x630C,0x630C,0x630C,0x0000,0x0000,0x0000,0x0000,
  0x0000,0x0000,0x0000,0x0000,0x0000,0x0000,0x0000,0x0000,0x0000,0x0000,0x0000,0x0000,0x0000,0x0000,0x0000,0x0000,
  0x0000,0x0000,0x0000,0x0000,0x0000,0x0000,0x0000,0x0000,0x0000,0x0000,0x0000,0x0000,0x0000,0x0000,0x630C,0x630C,
  0x630C,0x630C,0x0000,0x0000,0x0000,0x0000,0x0000,0x0000,0x0000,0x0000,0x0000,0x0000,0x0000,0x0000,0x0000,0x0000,
  0x0000,0x0000,0x0000,0x0000,0x0000,0x0000,0x0000,0x0000,0x630C,0x630C,0x630C,0x630C,0x0000,0x0000,0x0000,0x0000,
  0x0000,0x0000,0x0000,0x0000,0x0000,0x0000,0x0000,0x0000,0x0000,0x0000,0x0000,0x0000,0x0000,0x0000,0x0000,0x0000,
  0x0000,0x0000,0x0000,0x0000,0x0000,0x0000,0x0000,0x0000,0x0000,0x0000,0x0000,0x0000,0xEBF1,0xEBF1,0x0000,0x0000,
  0x630C,0x630C,0x630C,0x630C,0x0000,0x0000,0x0000,0x0000,0x0000,0x0000,0x0000,0x0000,0x0000,0x0000,0x0000,0x0000,
  0x0000,0x0000,0x0000,0x0000,0x0000,0x0000,0x630C,0x630C,0x630C,0x630C,0x0000,0x0000,0xEBF1,0xEBF1,0x0000,0x0000,
  0x0000,0x0000,0x0000,0x0000,0x0000,0x0000,0x0000,0x0000,0x0000,0x0000,0x0000,0x0000,0x0000,0x0000,0x0000,0x0000,
  0x0000,0x0000,0x0000,0x0000,0x0000,0x0000,0x0000,0x0000,0x0000,0x0000,0x0000,0x0000,0xEBF1,0xEBF1,0x0000,0x0000,
  0x630C,0x630C,0x630C,0x630C,0x0000,0x0000,0x0000,0x0000,0x0000,0x0000,0x0000,0x0000,0x0000,0x0000,0x0000,0x0000,
  0x0000,0x0000,0x0000,0x0000,0x0000,0x0000,0x630C,0x630C,0x630C,0x630C,0x0000,0x0000,0xEBF1,0xEBF1,0x0000,0x0000,
  0x0000,0x0000,0x0000,0x0000,0x0000,0x0000,0x0000,0x0000,0x0000,0x0000,0x0000,0x0000,0x0000,0x0000,0x0000,0x0000,
  0x0000,0x0000,0x0000,0x0000,0x0000,0x0000,0x0000,0x0000,0x0000,0x0000,0x0000,0x0000,0xEBF1,0xEBF1,0x0000,0x0000,
  0x630C,0x630C,0x630C,0x630C,0x630C,0x630C,0x0000,0x0000,0x0000,0x0000,0x0000,0x0000,0x0000,0x0000,0x0000,0x0000,
  0x0000,0x0000,0x0000,0x0000,0x630C,0x630C,0x630C,0x630C,0x630C,0x630C,0x0000,0x0000,0xEBF1,0xEBF1,0x0000,0x0000,
  0x0000,0x0000,0x0000,0x0000,0x0000,0x0000,0x0000,0x0000,0x0000,0x0000,0x0000,0x0000,0x0000,0x0000,0x0000,0x0000,
  0x0000,0x0000,0x0000,0x0000,0x0000,0x0000,0x0000,0x0000,0x0000,0x0000,0x0000,0x0000,0xEBF1,0xEBF1,0x0000,0x0000,
  0x630C,0x630C,0x630C,0x630C,0x630C,0x630C,0x0000,0x0000,0x0000,0x0000,0x0000,0x0000,0x0000,0x0000,0x0000,0x0000,
  0x0000,0x0000,0x0000,0x0000,0x630C,0x630C,0x630C,0x630C,0x630C,0x630C,0x0000,0x0000,0xEBF1,0xEBF1,0x0000,0x0000,
  0x0000,0x0000,0x0000,0x0000,0x0000,0x0000,0x0000,0x0000,0x0000,0x0000,0x0000,0x0000,0x0000,0x0000,0x0000,0x0000,
  0x0000,0x0000,0x0000,0x0000,0x0000,0x0000,0x0000,0x0000,0x0000,0x0000,0x0000,0x0000,0xEBF1,0xEBF1,0xEBF1,0xEBF1,
  0x0000,0x0000,0x630C,0x630C,0x630C,0x630C,0x4229,0x4229,0x630C,0x630C,0x4229,0x4229,0x4229,0x4229,0x4229,0x4229,
  0x630C,0x630C,0x4229,0x4229,0x630C,0x630C,0x630C,0x630C,0x630C,0x630C,0xEBF1,0xEBF1,0xEBF1,0xEBF1,0x0000,0x0000,
  0x0000,0x0000,0x0000,0x0000,0x0000,0x0000,0x0000,0x0000,0x0000,0x0000,0x0000,0x0000,0x0000,0x0000,0x0000,0x0000,
  0x0000,0x0000,0x0000,0x0000,0x0000,0x0000,0x0000,0x0000,0x0000,0x0000,0x0000,0x0000,0xEBF1,0xEBF1,0xEBF1,0xEBF1,
  0x0000,0x0000,0x630C,0x630C,0x630C,0x630C,0x4229,0x4229,0x630C,0x630C,0x4229,0x4229,0x4229,0x4229,0x4229,0x4229,
  0x630C,0x630C,0x4229,0x4229,0x630C,0x630C,0x630C,0x630C,0x630C,0x630C,0xEBF1,0xEBF1,0xEBF1,0xEBF1,0x0000,0x0000,
  0x0000,0x0000,0x0000,0x0000,0x0000,0x0000,0x0000,0x0000,0x0000,0x0000,0x0000,0x0000,0x0000,0x0000,0x0000,0x0000,
  0x0000,0x0000,0x0000,0x0000,0x0000,0x0000,0x0000,0x0000,0x0000,0x0000,0x0000,0x0000,0xEBF1,0xEBF1,0xEBF1,0xEBF1,
  0x0000,0x0000,0x630C,0x630C,0x630C,0x630C,0x4229,0x4229,0x630C,0x630C,0x4229,0x4229,0x4229,0x4229,0x4229,0x4229,
  0x630C,0x630C,0x4229,0x4229,0x630C,0x630C,0x630C,0x630C,0xEBF1,0xEBF1,0xEBF1,0xEBF1,0xEBF1,0xEBF1,0x0000,0x0000,
  0x0000,0x0000,0x0000,0x0000,0x0000,0x0000,0x0000,0x0000,0x0000,0x0000,0x0000,0x0000,0x0000,0x0000,0x0000,0x0000,
  0x0000,0x0000,0x0000,0x0000,0x0000,0x0000,0x0000,0x0000,0x0000,0x0000,0x0000,0x0000,0xEBF1,0xEBF1,0xEBF1,0xEBF1,
  0x0000,0x0000,0x630C,0x630C,0x630C,0x630C,0x4229,0x4229,0x630C,0x630C,0x4229,0x4229,0x4229,0x4229,0x4229,0x4229,
  0x630C,0x630C,0x4229,0x4229,0x630C,0x630C,0x630C,0x630C,0xEBF1,0xEBF1,0xEBF1,0xEBF1,0xEBF1,0xEBF1,0x0000,0x0000,
  0x0000,0x0000,0x0000,0x0000,0x0000,0x0000,0x0000,0x0000,0x0000,0x0000,0x0000,0x0000,0x0000,0x0000,0x0000,0x0000,
  0x0000,0x0000,0x0000,0x0000,0x0000,0x0000,0x0000,0x0000,0x0000,0x0000,0x0000,0x0000,0xEBF1,0xEBF1,0xEBF1,0xEBF1,
  0x630C,0x630C,0x630C,0x630C,0x630C,0x630C,0x630C,0x630C,0x630C,0x630C,0x630C,0x630C,0x4229,0x4229,0x630C,0x630C,
  0x630C,0x630C,0x630C,0x630C,0x630C,0x630C,0x630C,0x630C,0x0000,0x0000,0xEBF1,0xEBF1,0x0000,0x0000,0x0000,0x0000,
  0x0000,0x0000,0x0000,0x0000,0x0000,0x0000,0x0000,0x0000,0x0000,0x0000,0x0000,0x0000,0x0000,0x0000,0x0000,0x0000,
  0x0000,0x0000,0x0000,0x0000,0x0000,0x0000,0x0000,0x0000,0x0000,0x0000,0x0000,0x0000,0xEBF1,0xEBF1,0xEBF1,0xEBF1,
  0x630C,0x630C,0x630C,0x630C,0x630C,0x630C,0x630C,0x630C,0x630C,0x630C,0x630C,0x630C,0x4229,0x4229,0x630C,0x630C,
  0x630C,0x630C,0x630C,0x630C,0x630C,0x630C,0x630C,0x630C,0x0000,0x0000,0xEBF1,0xEBF1,0x0000,0x0000,0x0000,0x0000,
  0x0000,0x0000,0x0000,0x0000,0x0000,0x0000,0x0000,0x0000,0x0000,0x0000,0x0000,0x0000,0x0000,0x0000,0x0000,0x0000,
  0x0000,0x0000,0x0000,0x0000,0x0000,0x0000,0x0000,0x0000,0x0000,0x0000,0x0000,0x0000,0x0000,0x0000,0x630C,0x630C,
  0x630C,0x630C,0x630C,0x630C,0x0000,0x0000,0x0000,0x0000,0x0000,0x0000,0x630C,0x630C,0x4229,0x4229,0x630C,0x630C,
  0x0000,0x0000,0x0000,0x0000,0x0000,0x0000,0x630C,0x630C,0x630C,0x630C,0x0000,0x0000,0x0000,0x0000,0x0000,0x0000,
  0x0000,0x0000,0x0000,0x0000,0x0000,0x0000,0x0000,0x0000,0x0000,0x0000,0x0000,0x0000,0x0000,0x0000,0x0000,0x0000,
  0x0000,0x0000,0x0000,0x0000,0x0000,0x0000,0x0000,0x0000,0x0000,0x0000,0x0000,0x0000,0x0000,0x0000,0x630C,0x630C,
  0x630C,0x630C,0x630C,0x630C,0x0000,0x0000,0x0000,0x0000,0x0000,0x0000,0x630C,0x630C,0x4229,0x4229,0x630C,0x630C,
  0x0000,0x0000,0x0000,0x0000,0x0000,0x0000,0x630C,0x630C,0x630C,0x630C,0x0000,0x0000,0x0000,0x0000,0x0000,0x0000,
  0x0000,0x0000,0x0000,0x0000,0x0000,0x0000,0x0000,0x0000,0x0000,0x0000,0x0000,0x0000,0x0000,0x0000,0x0000,0x0000,
  0x0000,0x0000,0x0000,0x0000,0x0000,0x0000,0x0000,0x0000,0x0000,0x0000,0x0000,0x0000,0x0000,0x0000,0x630C,0x630C,
  0x630C,0x630C,0x0000,0x0000,0x9F2A,0x9F2A,0x0000,0x0000,0x9F2A,0x9F2A,0x630C,0x630C,0x630C,0x630C,0x630C,0x630C,
  0x9F2A,0x9F2A,0x0000,0x0000,0x9F2A,0x9F2A,0x0000,0x0000,0x630C,0x630C,0x630C,0x630C,0x0000,0x0000,0x0000,0x0000,
  0x0000,0x0000,0x0000,0x0000,0x0000,0x0000,0x0000,0x0000,0x0000,0x0000,0x0000,0x0000,0x0000,0x0000,0x0000,0x0000,
  0x0000,0x0000,0x0000,0x0000,0x0000,0x0000,0x0000,0x0000,0x0000,0x0000,0x0000,0x0000,0x0000,0x0000,0x630C,0x630C,
  0x630C,0x630C,0x0000,0x0000,0x9F2A,0x9F2A,0x0000,0x0000,0x9F2A,0x9F2A,0x630C,0x630C,0x630C,0x630C,0x630C,0x630C,
  0x9F2A,0x9F2A,0x0000,0x0000,0x9F2A,0x9F2A,0x0000,0x0000,0x630C,0x630C,0x630C,0x630C,0x0000,0x0000,0x0000,0x0000,
  0x0000,0x0000,0x0000,0x0000,0x0000,0x0000,0x0000,0x0000,0x0000,0x0000,0x0000,0x0000,0x0000,0x0000,0x0000,0x0000,
  0x0000,0x0000,0x0000,0x0000,0x0000,0x0000,0x0000,0x0000,0x0000,0x0000,0x0000,0x0000,0x0000,0x0000,0x630C,0x630C,
  0x630C,0x630C,0x0000,0x0000,0x9F2A,0x9F2A,0x0000,0x0000,0x9F2A,0x9F2A,0x630C,0x630C,0x630C,0x630C,0x630C,0x630C,
  0x9F2A,0x9F2A,0x0000,0x0000,0x9F2A,0x9F2A,0x0000,0x0000,0x630C,0x630C,0x630C,0x630C,0x0000,0x0000,0x0000,0x0000,
  0x0000,0x0000,0x0000,0x0000,0x0000,0x0000,0x0000,0x0000,0x0000,0x0000,0x0000,0x0000,0x0000,0x0000,0x0000,0x0000,
  0x0000,0x0000,0x0000,0x0000,0x0000,0x0000,0x0000,0x0000,0x0000,0x0000,0x0000,0x0000,0x0000,0x0000,0x630C,0x630C,
  0x630C,0x630C,0x0000,0x0000,0x9F2A,0x9F2A,0x0000,0x0000,0x9F2A,0x9F2A,0x630C,0x630C,0x630C,0x630C,0x630C,0x630C,
  0x9F2A,0x9F2A,0x0000,0x0000,0x9F2A,0x9F2A,0x0000,0x0000,0x630C,0x630C,0x630C,0x630C,0x0000,0x0000,0x0000,0x0000,
  0x0000,0x0000,0x0000,0x0000,0x0000,0x0000,0x0000,0x0000,0x0000,0x0000,0x0000,0x0000,0x0000,0x0000,0x0000,0x0000,
  0x0000,0x0000,0x0000,0x0000,0x0000,0x0000,0x0000,0x0000,0xFFFF,0xFFFF,0xFFFF,0xFFFF,0x630C,0x630C,0x630C,0x630C,
  0x630C,0x630C,0x630C,0x630C,0x630C,0x630C,0x630C,0x630C,0xD6BA,0xD6BA,0xD6BA,0xD6BA,0xD6BA,0xD6BA,0xD6BA,0xD6BA,
  0xD6BA,0xD6BA,0x630C,0x630C,0x630C,0x630C,0x630C,0x630C,0x630C,0x630C,0x630C,0x630C,0xFFFF,0xFFFF,0xFFFF,0xFFFF,
  0xFFFF,0xFFFF,0x0000,0x0000,0x0000,0x0000,0x0000,0x0000,0x0000,0x0000,0x0000,0x0000,0x0000,0x0000,0x0000,0x0000,
  0x0000,0x0000,0x0000,0x0000,0x0000,0x0000,0x0000,0x0000,0xFFFF,0xFFFF,0xFFFF,0xFFFF,0x630C,0x630C,0x630C,0x630C,
  0x630C,0x630C,0x630C,0x630C,0x630C,0x630C,0x630C,0x630C,0xD6BA,0xD6BA,0xD6BA,0xD6BA,0xD6BA,0xD6BA,0xD6BA,0xD6BA,
  0xD6BA,0xD6BA,0x630C,0x630C,0x630C,0x630C,0x630C,0x630C,0x630C,0x630C,0x630C,0x630C,0xFFFF,0xFFFF,0xFFFF,0xFFFF,
  0xFFFF,0xFFFF,0x0000,0x0000,0x0000,0x0000,0x0000,0x0000,0x0000,0x0000,0x0000,0x0000,0x0000,0x0000,0x0000,0x0000,
  0x0000,0x0000,0x0000,0x0000,0x0000,0x0000,0x0000,0x0000,0x0000,0x0000,0x0000,0x0000,0xFFFF,0xFFFF,0xFFFF,0xFFFF,
  0x630C,0x630C,0x630C,0x630C,0x630C,0x630C,0xD6BA,0xD6BA,0xD6BA,0xD6BA,0xEBF1,0xEBF1,0xEBF1,0xEBF1,0xEBF1,0xEBF1,
  0xD6BA,0xD6BA,0xD6BA,0xD6BA,0x630C,0x630C,0x630C,0x630C,0xFFFF,0xFFFF,0xFFFF,0xFFFF,0xFFFF,0xFFFF,0x0000,0x0000,
  0x0000,0x0000,0x0000,0x0000,0x0000,0x0000,0x0000,0x0000,0x0000,0x0000,0x0000,0x0000,0x0000,0x0000,0x0000,0x0000,
  0x0000,0x0000,0x0000,0x0000,0x0000,0x0000,0x0000,0x0000,0x0000,0x0000,0x0000,0x0000,0xFFFF,0xFFFF,0xFFFF,0xFFFF,
  0x630C,0x630C,0x630C,0x630C,0x630C,0x630C,0xD6BA,0xD6BA,0xD6BA,0xD6BA,0xEBF1,0xEBF1,0xEBF1,0xEBF1,0xEBF1,0xEBF1,
  0xD6BA,0xD6BA,0xD6BA,0xD6BA,0x630C,0x630C,0x630C,0x630C,0xFFFF,0xFFFF,0xFFFF,0xFFFF,0xFFFF,0xFFFF,0x0000,0x0000,
  0x0000,0x0000,0x0000,0x0000,0x0000,0x0000,0x0000,0x0000,0x0000,0x0000,0x0000,0x0000,0x0000,0x0000,0x0000,0x0000,
  0x0000,0x0000,0x0000,0x0000,0x0000,0x0000,0x0000,0x0000,0x0000,0x0000,0x0000,0x0000,0x630C,0x630C,0x630C,0x630C,
  0x630C,0x630C,0x630C,0x630C,0xD6BA,0xD6BA,0xD6BA,0xD6BA,0xD6BA,0xD6BA,0xD6BA,0xD6BA,0x0000,0x0000,0xD6BA,0xD6BA,
  0xD6BA,0xD6BA,0xD6BA,0xD6BA,0xD6BA,0xD6BA,0x630C,0x630C,0x630C,0x630C,0x630C,0x630C,0x630C,0x630C,0x0000,0x0000,
  0x0000,0x0000,0x0000,0x0000,0x0000,0x0000,0x0000,0x0000,0x0000,0x0000,0x0000,0x0000,0x0000,0x0000,0x0000,0x0000,
  0x0000,0x0000,0x0000,0x0000,0x0000,0x0000,0x0000,0x0000,0x0000,0x0000,0x0000,0x0000,0x630C,0x630C,0x630C,0x630C,
  0x630C,0x630C,0x630C,0x630C,0xD6BA,0xD6BA,0xD6BA,0xD6BA,0xD6BA,0xD6BA,0xD6BA,0xD6BA,0x0000,0x0000,0xD6BA,0xD6BA,
  0xD6BA,0xD6BA,0xD6BA,0xD6BA,0xD6BA,0xD6BA,0x630C,0x630C,0x630C,0x630C,0x630C,0x630C,0x630C,0x630C,0x0000,0x0000,
  0x0000,0x0000,0x0000,0x0000,0x0000,0x0000,0x0000,0x0000,0x0000,0x0000,0x0000,0x0000,0x0000,0x0000,0x0000,0x0000,
  0x0000,0x0000,0x0000,0x0000,0x0000,0x0000,0x0000,0x0000,0x0000,0x0000,0xFFFF,0xFFFF,0xFFFF,0xFFFF,0xFFFF,0xFFFF,
  0x630C,0x630C,0xD6BA,0xD6BA,0xD6BA,0xD6BA,0xD6BA,0xD6BA,0xD6BA,0xD6BA,0x0000,0x0000,0xD6BA,0xD6BA,0x0000,0x0000,
  0xD6BA,0xD6BA,0xD6BA,0xD6BA,0xD6BA,0xD6BA,0xD6BA,0xD6BA,0xFFFF,0xFFFF,0xFFFF,0xFFFF,0xFFFF,0xFFFF,0x0000,0x0000,
  0x0000,0x0000,0x0000,0x0000,0x0000,0x0000,0x0000,0x0000,0x0000,0x0000,0x0000,0x0000,0x0000,0x0000,0x0000,0x0000,
  0x0000,0x0000,0x0000,0x0000,0x0000,0x0000,0x0000,0x0000,0x0000,0x0000,0xFFFF,0xFFFF,0xFFFF,0xFFFF,0xFFFF,0xFFFF,
  0x630C,0x630C,0xD6BA,0xD6BA,0xD6BA,0xD6BA,0xD6BA,0xD6BA,0xD6BA,0xD6BA,0x0000,0x0000,0xD6BA,0xD6BA,0x0000,0x0000,
  0xD6BA,0xD6BA,0xD6BA,0xD6BA,0xD6BA,0xD6BA,0xD6BA,0xD6BA,0xFFFF,0xFFFF,0xFFFF,0xFFFF,0xFFFF,0xFFFF,0x0000,0x0000,
  0x0000,0x0000,0x0000,0x0000,0x0000,0x0000,0x0000,0x0000,0x0000,0x0000,0x0000,0x0000,0x0000,0x0000,0x0000,0x0000,
  0x0000,0x0000,0x0000,0x0000,0x0000,0x0000,0x0000,0x0000,0x0000,0x0000,0x0000,0x0000,0x0000,0x0000,0x0000,0x0000,
  0xD6BA,0xD6BA,0xD6BA,0xD6BA,0xD6BA,0xD6BA,0xD6BA,0xD6BA,0xD6BA,0xD6BA,0xD6BA,0xD6BA,0xD6BA,0xD6BA,0xD6BA,0xD6BA,
  0xD6BA,0xD6BA,0xD6BA,0xD6BA,0xD6BA,0xD6BA,0xD6BA,0xD6BA,0xD6BA,0xD6BA,0x0000,0x0000,0x0000,0x0000,0x0000,0x0000,
  0x0000,0x0000,0x0000,0x0000,0x0000,0x0000,0x0000,0x0000,0x0000,0x0000,0x0000,0x0000,0x0000,0x0000,0x0000,0x0000,
  0x0000,0x0000,0x0000,0x0000,0x0000,0x0000,0x0000,0x0000,0x0000,0x0000,0x0000,0x0000,0x0000,0x0000,0x0000,0x0000,
  0xD6BA,0xD6BA,0xD6BA,0xD6BA,0xD6BA,0xD6BA,0xD6BA,0xD6BA,0xD6BA,0xD6BA,0xD6BA,0xD6BA,0xD6BA,0xD6BA,0xD6BA,0xD6BA,
  0xD6BA,0xD6BA,0xD6BA,0xD6BA,0xD6BA,0xD6BA,0xD6BA,0xD6BA,0xD6BA,0xD6BA,0x0000,0x0000,0x0000,0x0000,0x0000,0x0000,
  0x0000,0x0000,0x0000,0x0000,0x0000,0x0000,0x0000,0x0000,0x0000,0x0000,0x0000,0x0000,0x0000,0x0000,0x0000,0x0000,
  0x0000,0x0000,0x0000,0x0000,0x0000,0x0000,0x0000,0x0000,0x0000,0x0000,0x0000,0x0000,0x0000,0x0000,0x0000,0x0000,
  0xFFFF,0xFFFF,0xD6BA,0xD6BA,0xD6BA,0xD6BA,0xD6BA,0xD6BA,0xD6BA,0xD6BA,0xD6BA,0xD6BA,0xD6BA,0xD6BA,0xD6BA,0xD6BA,
  0xD6BA,0xD6BA,0xD6BA,0xD6BA,0xD6BA,0xD6BA,0xD6BA,0xD6BA,0xFFFF,0xFFFF,0x0000,0x0000,0x0000,0x0000,0x0000,0x0000,
  0x0000,0x0000,0x0000,0x0000,0x0000,0x0000,0x0000,0x0000,0x0000,0x0000,0x0000,0x0000,0x0000,0x0000,0x0000,0x0000,
  0x0000,0x0000,0x0000,0x0000,0x0000,0x0000,0x0000,0x0000,0x0000,0x0000,0x0000,0x0000,0x0000,0x0000,0x0000,0x0000,
  0xFFFF,0xFFFF,0xD6BA,0xD6BA,0xD6BA,0xD6BA,0xD6BA,0xD6BA,0xD6BA,0xD6BA,0xD6BA,0xD6BA,0xD6BA,0xD6BA,0xD6BA,0xD6BA,
  0xD6BA,0xD6BA,0xD6BA,0xD6BA,0xD6BA,0xD6BA,0xD6BA,0xD6BA,0xFFFF,0xFFFF,0x0000,0x0000,0x0000,0x0000,0x0000,0x0000,
  0x0000,0x0000,0x0000,0x0000,0x0000,0x0000,0x0000,0x0000,0x0000,0x0000,0x0000,0x0000,0x0000,0x0000,0x0000,0x0000,
  0x0000,0x0000,0x0000,0x0000,0x0000,0x0000,0x0000,0x0000,0x0000,0x0000,0x0000,0x0000,0x0000,0x0000,0xFFFF,0xFFFF,
  0x0000,0x0000,0x0000,0x0000,0x0000,0x0000,0x0000,0x0000,0xD6BA,0xD6BA,0xD6BA,0xD6BA,0xD6BA,0xD6BA,0xD6BA,0xD6BA,
  0xD6BA,0xD6BA,0x0000,0x0000,0x0000,0x0000,0x0000,0x0000,0x0000,0x0000,0xFFFF,0xFFFF,0x0000,0x0000,0x0000,0x0000,
  0x0000,0x0000,0x0000,0x0000,0x0000,0x0000,0x0000,0x0000,0x0000,0x0000,0x0000,0x0000,0x0000,0x0000,0x0000,0x0000,
  0x0000,0x0000,0x0000,0x0000,0x0000,0x0000,0x0000,0x0000,0x0000,0x0000,0x0000,0x0000,0x0000,0x0000,0xFFFF,0xFFFF,
  0x0000,0x0000,0x0000,0x0000,0x0000,0x0000,0x0000,0x0000,0xD6BA,0xD6BA,0xD6BA,0xD6BA,0xD6BA,0xD6BA,0xD6BA,0xD6BA,
  0xD6BA,0xD6BA,0x0000,0x0000,0x0000,0x0000,0x0000,0x0000,0x0000,0x0000,0xFFFF,0xFFFF,0x0000,0x0000,0x0000,0x0000,
  0x0000,0x0000,0x0000,0x0000,0x0000,0x0000,0x0000,0x0000,0x0000,0x0000,0x0000,0x0000,0x0000,0x0000,0x0000,0x0000,
  0x0000,0x0000,0x0000,0x0000,0x0000,0x0000,0x0000,0x0000,0x0000,0x0000,0x0000,0x0000,0x0000,0x0000,0x0000,0x0000,
  0x0000,0x0000,0x0000,0x0000,0x630C,0x630C,0x630C,0x630C,0x0000,0x0000,0x0000,0x0000,0x0000,0x0000,0x0000,0x0000,
  0x0000,0x0000,0x630C,0x630C,0x630C,0x630C,0x0000,0x0000,0x0000,0x0000,0x0000,0x0000,0x0000,0x0000,0x0000,0x0000,
  0x0000,0x0000,0x0000,0x0000,0x0000,0x0000,0x0000,0x0000,0x0000,0x0000,0x0000,0x0000,0x0000,0x0000,0x0000,0x0000,
  0x0000,0x0000,0x0000,0x0000,0x0000,0x0000,0x0000,0x0000,0x0000,0x0000,0x0000,0x0000,0x0000,0x0000,0x0000,0x0000,
  0x0000,0x0000,0x0000,0x0000,0x630C,0x630C,0x630C,0x630C,0x0000,0x0000,0x0000,0x0000,0x0000,0x0000,0x0000,0x0000,
  0x0000,0x0000,0x630C,0x630C,0x630C,0x630C,0x0000,0x0000,0x0000,0x0000,0x0000,0x0000,0x0000,0x0000,0x0000,0x0000,
  0x0000,0x0000,0x0000,0x0000,0x0000,0x0000,0x0000,0x0000,0x0000,0x0000,0x0000,0x0000,0x0000,0x0000,0x0000,0x0000,
  0x0000,0x0000,0x0000,0x0000,0x0000,0x0000,0x0000,0x0000,0x0000,0x0000,0x0000,0x0000,0x0000,0x0000,0x0000,0x0000,
  0x0000,0x0000,0x0000,0x0000,0x630C,0x630C,0x630C,0x630C,0xD6BA,0xD6BA,0xD6BA,0xD6BA,0xD6BA,0xD6BA,0xD6BA,0xD6BA,
  0xD6BA,0xD6BA,0x630C,0x630C,0x630C,0x630C,0x0000,0x0000,0x0000,0x0000,0x0000,0x0000,0x0000,0x0000,0x0000,0x0000,
  0x0000,0x0000,0x0000,0x0000,0x0000,0x0000,0x0000,0x0000,0x0000,0x0000,0x0000,0x0000,0x0000,0x0000,0x0000,0x0000,
  0x0000,0x0000,0x0000,0x0000,0x0000,0x0000,0x0000,0x0000,0x0000,0x0000,0x0000,0x0000,0x0000,0x0000,0x0000,0x0000,
  0x0000,0x0000,0x0000,0x0000,0x630C,0x630C,0x630C,0x630C,0xD6BA,0xD6BA,0xD6BA,0xD6BA,0xD6BA,0xD6BA,0xD6BA,0xD6BA,
  0xD6BA,0xD6BA,0x630C,0x630C,0x630C,0x630C,0x0000,0x0000,0x0000,0x0000,0x0000,0x0000,0x0000,0x0000,0x0000,0x0000,
  0x0000,0x0000,0x0000,0x0000,0x0000,0x0000,0x0000,0x0000,0x0000,0x0000,0x0000,0x0000,0x0000,0x0000,0x0000,0x0000,
  0x0000,0x0000,0x0000,0x0000,0x0000,0x0000,0x0000,0x0000,0x0000,0x0000,0x0000,0x0000,0x0000,0x0000,0x0000,0x0000,
  0x0000,0x0000,0x0000,0x0000,0x630C,0x630C,0x630C,0x630C,0xD6BA,0xD6BA,0xD6BA,0xD6BA,0xD6BA,0xD6BA,0xD6BA,0xD6BA,
  0xD6BA,0xD6BA,0x630C,0x630C,0x630C,0x630C,0x0000,0x0000,0x0000,0x0000,0x0000,0x0000,0x0000,0x0000,0x0000,0x0000,
  0x0000,0x0000,0x0000,0x0000,0x0000,0x0000,0x0000,0x0000,0x0000,0x0000,0x0000,0x0000,0x0000,0x0000,0x0000,0x0000,
  0x0000,0x0000,0x0000,0x0000,0x0000,0x0000,0x0000,0x0000,0x0000,0x0000,0x0000,0x0000,0x0000,0x0000,0x0000,0x0000,
  0x0000,0x0000,0x0000,0x0000,0x630C,0x630C,0x630C,0x630C,0xD6BA,0xD6BA,0xD6BA,0xD6BA,0xD6BA,0xD6BA,0xD6BA,0xD6BA,
  0xD6BA,0xD6BA,0x630C,0x630C,0x630C,0x630C,0x0000,0x0000,0x0000,0x0000,0x0000,0x0000,0x0000,0x0000,0x0000,0x0000,
  0x0000,0x0000,0x0000,0x0000,0x0000,0x0000,0x0000,0x0000,0x0000,0x0000,0x0000,0x0000,0x0000,0x0000,0x0000,0x0000,
  0x0000,0x0000,0x0000,0x0000,0x0000,0x0000,0x0000,0x0000,0x0000,0x0000,0x0000,0x0000,0x0000,0x0000,0x0000,0x0000,
  0x0000,0x0000,0x0000,0x0000,0x630C,0x630C,0x630C,0x630C,0x630C,0x630C,0xD6BA,0xD6BA,0xD6BA,0xD6BA,0xD6BA,0xD6BA,
  0x630C,0x630C,0x630C,0x630C,0x630C,0x630C,0x0000,0x0000,0x0000,0x0000,0x0000,0x0000,0x0000,0x0000,0x0000,0x0000,
  0x0000,0x0000,0x0000,0x0000,0x630C,0x630C,0x630C,0x630C,0x0000,0x0000,0x0000,0x0000,0x0000,0x0000,0x0000,0x0000,
  0x0000,0x0000,0x0000,0x0000,0x0000,0x0000,0x0000,0x0000,0x0000,0x0000,0x0000,0x0000,0x0000,0x0000,0x0000,0x0000,
  0x0000,0x0000,0x0000,0x0000,0x630C,0x630C,0x630C,0x630C,0x630C,0x630C,0xD6BA,0xD6BA,0xD6BA,0xD6BA,0xD6BA,0xD6BA,
  0x630C,0x630C,0x630C,0x630C,0x630C,0x630C,0x0000,0x0000,0x0000,0x0000,0x0000,0x0000,0x0000,0x0000,0x0000,0x0000,
  0x0000,0x0000,0x0000,0x0000,0x630C,0x630C,0x630C,0x630C,0x0000,0x0000,0x0000,0x0000,0x0000,0x0000,0x0000,0x0000,
  0x0000,0x0000,0x0000,0x0000,0x0000,0x0000,0x0000,0x0000,0x0000,0x0000,0x0000,0x0000,0x0000,0x0000,0x0000,0x0000,
  0x0000,0x0000,0x0000,0x0000,0x630C,0x630C,0x630C,0x630C,0x630C,0x630C,0xD6BA,0xD6BA,0xD6BA,0xD6BA,0xD6BA,0xD6BA,
  0x630C,0x630C,0x630C,0x630C,0x630C,0x630C,0x0000,0x0000,0x0000,0x0000,0x0000,0x0000,0x0000,0x0000,0x0000,0x0000,
  0x0000,0x0000,0x0000,0x0000,0x4229,0x4229,0x4229,0x4229,0x630C,0x630C,0x0000,0x0000,0x0000,0x0000,0x0000,0x0000,
  0x0000,0x0000,0x0000,0x0000,0x0000,0x0000,0x0000,0x0000,0x0000,0x0000,0x0000,0x0000,0x0000,0x0000,0x0000,0x0000,
  0x0000,0x0000,0x0000,0x0000,0x630C,0x630C,0x630C,0x630C,0x630C,0x630C,0xD6BA,0xD6BA,0xD6BA,0xD6BA,0xD6BA,0xD6BA,
  0x630C,0x630C,0x630C,0x630C,0x630C,0x630C,0x0000,0x0000,0x0000,0x0000,0x0000,0x0000,0x0000,0x0000,0x0000,0x0000,
  0x0000,0x0000,0x0000,0x0000,0x4229,0x4229,0x4229,0x4229,0x630C,0x630C,0x0000,0x0000,0x0000,0x0000,0x0000,0x0000,
  0x0000,0x0000,0x0000,0x0000,0x0000,0x0000,0x0000,0x0000,0x0000,0x0000,0x0000,0x0000,0x0000,0x0000,0x0000,0x0000,
  0x0000,0x0000,0x0000,0x0000,0x630C,0x630C,0x630C,0x630C,0x0000,0x0000,0xD6BA,0xD6BA,0xD6BA,0xD6BA,0xD6BA,0xD6BA,
  0x0000,0x0000,0x630C,0x630C,0x630C,0x630C,0x0000,0x0000,0x630C,0x630C,0x0000,0x0000,0x0000,0x0000,0x0000,0x0000,
  0x0000,0x0000,0x0000,0x0000,0x0000,0x0000,0x630C,0x630C,0x630C,0x630C,0x0000,0x0000,0x0000,0x0000,0x0000,0x0000,
  0x0000,0x0000,0x0000,0x0000,0x0000,0x0000,0x0000,0x0000,0x0000,0x0000,0x0000,0x0000,0x0000,0x0000,0x0000,0x0000,
  0x0000,0x0000,0x0000,0x0000,0x630C,0x630C,0x630C,0x630C,0x0000,0x0000,0xD6BA,0xD6BA,0xD6BA,0xD6BA,0xD6BA,0xD6BA,
  0x0000,0x0000,0x630C,0x630C,0x630C,0x630C,0x0000,0x0000,0x630C,0x630C,0x0000,0x0000,0x0000,0x0000,0x0000,0x0000,
  0x0000,0x0000,0x0000,0x0000,0x0000,0x0000,0x630C,0x630C,0x630C,0x630C,0x0000,0x0000,0x0000,0x0000,0x0000,0x0000,
  0x0000,0x0000,0x0000,0x0000,0x0000,0x0000,0x0000,0x0000,0x0000,0x0000,0x0000,0x0000,0x0000,0x0000,0x0000,0x0000,
  0x0000,0x0000,0x0000,0x0000,0x630C,0x630C,0x630C,0x630C,0x630C,0x630C,0x0000,0x0000,0xD6BA,0xD6BA,0x0000,0x0000,
  0x630C,0x630C,0x630C,0x630C,0x630C,0x630C,0x0000,0x0000,0x630C,0x630C,0x4229,0x4229,0x630C,0x630C,0x0000,0x0000,
  0x0000,0x0000,0x0000,0x0000,0x0000,0x0000,0x4229,0x4229,0x630C,0x630C,0x0000,0x0000,0x0000,0x0000,0x0000,0x0000,
  0x0000,0x0000,0x0000,0x0000,0x0000,0x0000,0x0000,0x0000,0x0000,0x0000,0x0000,0x0000,0x0000,0x0000,0x0000,0x0000,
  0x0000,0x0000,0x0000,0x0000,0x630C,0x630C,0x630C,0x630C,0x630C,0x630C,0x0000,0x0000,0xD6BA,0xD6BA,0x0000,0x0000,
  0x630C,0x630C,0x630C,0x630C,0x630C,0x630C,0x0000,0x0000,0x630C,0x630C,0x4229,0x4229,0x630C,0x630C,0x0000,0x0000,
  0x0000,0x0000,0x0000,0x0000,0x0000,0x0000,0x4229,0x4229,0x630C,0x630C,0x0000,0x0000,0x0000,0x0000,0x0000,0x0000,
  0x0000,0x0000,0x0000,0x0000,0x0000,0x0000,0x0000,0x0000,0x0000,0x0000,0x0000,0x0000,0x0000,0x0000,0x0000,0x0000,
  0x0000,0x0000,0x0000,0x0000,0x0000,0x0000,0x630C,0x630C,0x630C,0x630C,0x630C,0x630C,0x0000,0x0000,0x630C,0x630C,
  0x630C,0x630C,0x630C,0x630C,0x0000,0x0000,0x0000,0x0000,0x630C,0x630C,0x4229,0x4229,0x630C,0x630C,0x0000,0x0000,
  0x0000,0x0000,0x0000,0x0000,0x0000,0x0000,0x630C,0x630C,0x630C,0x630C,0x0000,0x0000,0x0000,0x0000,0x0000,0x0000,
  0x0000,0x0000,0x0000,0x0000,0x0000,0x0000,0x0000,0x0000,0x0000,0x0000,0x0000,0x0000,0x0000,0x0000,0x0000,0x0000,
  0x0000,0x0000,0x0000,0x0000,0x0000,0x0000,0x630C,0x630C,0x630C,0x630C,0x630C,0x630C,0x0000,0x0000,0x630C,0x630C,
  0x630C,0x630C,0x630C,0x630C,0x0000,0x0000,0x0000,0x0000,0x630C,0x630C,0x4229,0x4229,0x630C,0x630C,0x0000,0x0000,
  0x0000,0x0000,0x0000,0x0000,0x0000,0x0000,0x630C,0x630C,0x630C,0x630C,0x0000,0x0000,0x0000,0x0000,0x0000,0x0000,
  0x0000,0x0000,0x0000,0x0000,0x0000,0x0000,0x0000,0x0000,0x0000,0x0000,0x0000,0x0000,0x0000,0x0000,0x0000,0x0000,
  0x0000,0x0000,0x0000,0x0000,0x0000,0x0000,0x630C,0x630C,0x630C,0x630C,0x630C,0x630C,0x0000,0x0000,0x630C,0x630C,
  0x630C,0x630C,0x630C,0x630C,0x0000,0x0000,0x630C,0x630C,0x630C,0x630C,0x630C,0x630C,0x630C,0x630C,0x4229,0x4229,
  0x0000,0x0000,0x0000,0x0000,0x630C,0x630C,0x630C,0x630C,0x0000,0x0000,0x0000,0x0000,0x0000,0x0000,0x0000,0x0000,
  0x0000,0x0000,0x0000,0x0000,0x0000,0x0000,0x0000,0x0000,0x0000,0x0000,0x0000,0x0000,0x0000,0x0000,0x0000,0x0000,
  0x0000,0x0000,0x0000,0x0000,0x0000,0x0000,0x630C,0x630C,0x630C,0x630C,0x630C,0x630C,0x0000,0x0000,0x630C,0x630C,
  0x630C,0x630C,0x630C,0x630C,0x0000,0x0000,0x630C,0x630C,0x630C,0x630C,0x630C,0x630C,0x630C,0x630C,0x4229,0x4229,
  0x0000,0x0000,0x0000,0x0000,0x630C,0x630C,0x630C,0x630C,0x0000,0x0000,0x0000,0x0000,0x0000,0x0000,0x0000,0x0000,
  0x0000,0x0000,0x0000,0x0000,0x0000,0x0000,0x0000,0x0000,0x0000,0x0000,0x0000,0x0000,0x0000,0x0000,0x0000,0x0000,
  0x0000,0x0000,0x0000,0x0000,0x0000,0x0000,0x630C,0x630C,0xD6BA,0xD6BA,0xD6BA,0xD6BA,0x0000,0x0000,0xD6BA,0xD6BA,
  0xD6BA,0xD6BA,0x630C,0x630C,0x630C,0x630C,0x0000,0x0000,0x630C,0x630C,0x630C,0x630C,0x630C,0x630C,0x4229,0x4229,
  0x0000,0x0000,0x630C,0x630C,0x630C,0x630C,0x0000,0x0000,0x0000,0x0000,0x0000,0x0000,0x0000,0x0000,0x0000,0x0000,
  0x0000,0x0000,0x0000,0x0000,0x0000,0x0000,0x0000,0x0000,0x0000,0x0000,0x0000,0x0000,0x0000,0x0000,0x0000,0x0000,
  0x0000,0x0000,0x0000,0x0000,0x0000,0x0000,0x630C,0x630C,0xD6BA,0xD6BA,0xD6BA,0xD6BA,0x0000,0x0000,0xD6BA,0xD6BA,
  0xD6BA,0xD6BA,0x630C,0x630C,0x630C,0x630C,0x0000,0x0000,0x630C,0x630C,0x630C,0x630C,0x630C,0x630C,0x4229,0x4229,
  0x0000,0x0000,0x630C,0x630C,0x630C,0x630C,0x0000,0x0000,0x0000,0x0000,0x0000,0x0000,0x0000,0x0000,0x0000,0x0000,
  0x0000,0x0000,0x0000,0x0000,0x0000,0x0000,0x0000,0x0000,0x0000,0x0000,0x0000,0x0000,0x0000,0x0000,0x0000,0x0000,
  0x0000,0x0000,0x0000,0x0000,0x630C,0x630C,0x630C,0x630C,0xD6BA,0xD6BA,0x0000,0x0000,0x0000,0x0000,0x0000,0x0000,
  0xD6BA,0xD6BA,0x630C,0x630C,0x630C,0x630C,0x0000,0x0000,0x630C,0x630C,0x630C,0x630C,0x630C,0x630C,0x630C,0x630C,
  0x0000,0x0000,0x630C,0x630C,0x0000,0x0000,0x0000,0x0000,0x0000,0x0000,0x0000,0x0000,0x0000,0x0000,0x0000,0x0000,
  0x0000,0x0000,0x0000,0x0000,0x0000,0x0000,0x0000,0x0000,0x0000,0x0000,0x0000,0x0000,0x0000,0x0000,0x0000,0x0000,
  0x0000,0x0000,0x0000,0x0000,0x630C,0x630C,0x630C,0x630C,0xD6BA,0xD6BA,0x0000,0x0000,0x0000,0x0000,0x0000,0x0000,
  0xD6BA,0xD6BA,0x630C,0x630C,0x630C,0x630C,0x0000,0x0000,0x630C,0x630C,0x630C,0x630C,0x630C,0x630C,0x630C,0x630C,
  0x0000,0x0000,0x630C,0x630C,0x0000,0x0000,0x0000,0x0000,0x0000,0x0000,0x0000,0x0000,0x0000,0x0000,0x0000,0x0000,
};

// cat-sleep_1.png (64x64)
static const uint16_t cat_sleep_1[4096] PROGMEM = {
  0x0000,0x0000,0x0000,0x0000,0x0000,0x0000,0x0000,0x0000,0x0000,0x0000,0x0000,0x0000,0x0000,0x0000,0x0000,0x0000,
  0x0000,0x0000,0x0000,0x0000,0x0000,0x0000,0x0000,0x0000,0x0000,0x0000,0x0000,0x0000,0x0000,0x0000,0x0000,0x0000,
  0x0000,0x0000,0x0000,0x0000,0x0000,0x0000,0x0000,0x0000,0x0000,0x0000,0x0000,0x0000,0x0000,0x0000,0x0000,0x0000,
  0x0000,0x0000,0x0000,0x0000,0x0000,0x0000,0x0000,0x0000,0x0000,0x0000,0x0000,0x0000,0x0000,0x0000,0x0000,0x0000,
  0x0000,0x0000,0x0000,0x0000,0x0000,0x0000,0x0000,0x0000,0x0000,0x0000,0x0000,0x0000,0x0000,0x0000,0x0000,0x0000,
  0x0000,0x0000,0x0000,0x0000,0x0000,0x0000,0x0000,0x0000,0x0000,0x0000,0x0000,0x0000,0x0000,0x0000,0x0000,0x0000,
  0x0000,0x0000,0x0000,0x0000,0x0000,0x0000,0x0000,0x0000,0x0000,0x0000,0x0000,0x0000,0x0000,0x0000,0x0000,0x0000,
  0x0000,0x0000,0x0000,0x0000,0x0000,0x0000,0x0000,0x0000,0x0000,0x0000,0x0000,0x0000,0x0000,0x0000,0x0000,0x0000,
  0x0000,0x0000,0x0000,0x0000,0x0000,0x0000,0x0000,0x0000,0x0000,0x0000,0x0000,0x0000,0x0000,0x0000,0x0000,0x0000,
  0x0000,0x0000,0x0000,0x0000,0x0000,0x0000,0x0000,0x0000,0x0000,0x0000,0x0000,0x0000,0x0000,0x0000,0x0000,0x0000,
  0x0000,0x0000,0x0000,0x0000,0x0000,0x0000,0x0000,0x0000,0x0000,0x0000,0x0000,0x0000,0x0000,0x0000,0x0000,0x0000,
  0x0000,0x0000,0x0000,0x0000,0x0000,0x0000,0x0000,0x0000,0x0000,0x0000,0x0000,0x0000,0x0000,0x0000,0x0000,0x0000,
  0x0000,0x0000,0x0000,0x0000,0x0000,0x0000,0x0000,0x0000,0x0000,0x0000,0x0000,0x0000,0x0000,0x0000,0x0000,0x0000,
  0x0000,0x0000,0x0000,0x0000,0x0000,0x0000,0x0000,0x0000,0x0000,0x0000,0x0000,0x0000,0x0000,0x0000,0x0000,0x0000,
  0x0000,0x0000,0x0000,0x0000,0x0000,0x0000,0x0000,0x0000,0x0000,0x0000,0x0000,0x0000,0x0000,0x0000,0x0000,0x0000,
  0x0000,0x0000,0x0000,0x0000,0x0000,0x0000,0x0000,0x0000,0x0000,0x0000,0x0000,0x0000,0x0000,0x0000,0x0000,0x0000,
  0x0000,0x0000,0x0000,0x0000,0x0000,0x0000,0x0000,0x0000,0x0000,0x0000,0x0000,0x0000,0x0000,0x0000,0x0000,0x0000,
  0x0000,0x0000,0x0000,0x0000,0x0000,0x0000,0x0000,0x0000,0x0000,0x0000,0x0000,0x0000,0x0000,0x0000,0x0000,0x0000,
  0x0000,0x0000,0x0000,0x0000,0x0000,0x0000,0x0000,0x0000,0x0000,0x0000,0x0000,0x0000,0x0000,0x0000,0x0000,0x0000,
  0x0000,0x0000,0x0000,0x0000,0x0000,0x0000,0x0000,0x0000,0x0000,0x0000,0x0000,0x0000,0x0000,0x0000,0x0000,0x0000,
  0x0000,0x0000,0x0000,0x0000,0x0000,0x0000,0x0000,0x0000,0x0000,0x0000,0x0000,0x0000,0x0000,0x0000,0x0000,0x0000,
  0x0000,0x0000,0x0000,0x0000,0x0000,0x0000,0x0000,0x0000,0x0000,0x0000,0x0000,0x0000,0x0000,0x0000,0x0000,0x0000,
  0x0000,0x0000,0x0000,0x0000,0x0000,0x0000,0x0000,0x0000,0x0000,0x0000,0x0000,0x0000,0x0000,0x0000,0x0000,0x0000,
  0x0000,0x0000,0x0000,0x0000,0x0000,0x0000,0x0000,0x0000,0x0000,0x0000,0x0000,0x0000,0x0000,0x0000,0x0000,0x0000,
  0x0000,0x0000,0x0000,0x0000,0x0000,0x0000,0x0000,0x0000,0x0000,0x0000,0x0000,0x0000,0x0000,0x0000,0x0000,0x0000,
  0x0000,0x0000,0x0000,0x0000,0x0000,0x0000,0x0000,0x0000,0x0000,0x0000,0x0000,0x0000,0x0000,0x0000,0x0000,0x0000,
  0x0000,0x0000,0x0000,0x0000,0x0000,0x0000,0x0000,0x0000,0x0000,0x0000,0x0000,0x0000,0x0000,0x0000,0x0000,0x0000,
  0x0000,0x0000,0x0000,0x0000,0x0000,0x0000,0x0000,0x0000,0x0000,0x0000,0x0000,0x0000,0x0000,0x0000,0x0000,0x0000,
  0x0000,0x0000,0x0000,0x0000,0x0000,0x0000,0x0000,0x0000,0x0000,0x0000,0x0000,0x0000,0x0000,0x0000,0x0000,0x0000,
  0x0000,0x0000,0x0000,0x0000,0x0000,0x0000,0x0000,0x0000,0x0000,0x0000,0x0000,0x0000,0x0000,0x0000,0x0000,0x0000,
  0x0000,0x0000,0x0000,0x0000,0x0000,0x0000,0x0000,0x0000,0x0000,0x0000,0x0000,0x0000,0x0000,0x0000,0x0000,0x0000,
  0x0000,0x0000,0x0000,0x0000,0x0000,0x0000,0x0000,0x0000,0x0000,0x0000,0x0000,0x0000,0x0000,0x0000,0x0000,0x0000,
  0x0000,0x0000,0x0000,0x0000,0x0000,0x0000,0x0000,0x0000,0x0000,0x0000,0x0000,0x0000,0x0000,0x0000,0x0000,0x0000,
  0x0000,0x0000,0x0000,0x0000,0x0000,0x0000,0x0000,0x0000,0x0000,0x0000,0x0000,0x0000,0x0000,0x0000,0x0000,0x0000,
  0x0000,0x0000,0x0000,0x0000,0x0000,0x0000,0x0000,0x0000,0x0000,0x0000,0x0000,0x0000,0x0000,0x0000,0x0000,0x0000,
  0x0000,0x0000,0x0000,0x0000,0x0000,0x0000,0x0000,0x0000,0x0000,0x0000,0x0000,0x0000,0x0000,0x0000,0x0000,0x0000,
  0x0000,0x0000,0x0000,0x0000,0x0000,0x0000,0x0000,0x0000,0x0000,0x0000,0x0000,0x0000,0x0000,0x0000,0x0000,0x0000,
  0x0000,0x0000,0x0000,0x0000,0x0000,0x0000,0x0000,0x0000,0x0000,0x0000,0x0000,0x0000,0x0000,0x0000,0x0000,0x0000,
  0x0000,0x0000,0x0000,0x0000,0x0000,0x0000,0x0000,0x0000,0x0000,0x0000,0x0000,0x0000,0x0000,0x0000,0x0000,0x0000,
  0x0000,0x0000,0x0000,0x0000,0x0000,0x0000,0x0000,0x0000,0x0000,0x0000,0x0000,0x0000,0x0000,0x0000,0x0000,0x0000,
  0x0000,0x0000,0x0000,0x0000,0x0000,0x0000,0x0000,0x0000,0x0000,0x0000,0x0000,0x0000,0x0000,0x0000,0x0000,0x0000,
  0x0000,0x0000,0x0000,0x0000,0x0000,0x0000,0x0000,0x0000,0x0000,0x0000,0x0000,0x0000,0x0000,0x0000,0x0000,0x0000,
  0x0000,0x0000,0x0000,0x0000,0x0000,0x0000,0x0000,0x0000,0x0000,0x0000,0x0000,0x0000,0x0000,0x0000,0x0000,0x0000,
  0x0000,0x0000,0x0000,0x0000,0x0000,0x0000,0x0000,0x0000,0x0000,0x0000,0x0000,0x0000,0x0000,0x0000,0x0000,0x0000,
  0x0000,0x0000,0x0000,0x0000,0x0000,0x0000,0x0000,0x0000,0x0000,0x0000,0x0000,0x0000,0x0000,0x0000,0x0000,0x0000,
  0x0000,0x0000,0x0000,0x0000,0x0000,0x0000,0x0000,0x0000,0x0000,0x0000,0x0000,0x0000,0x0000,0x0000,0x0000,0x0000,
  0x0000,0x0000,0x0000,0x0000,0x0000,0x0000,0x0000,0x0000,0x0000,0x0000,0x0000,0x0000,0x0000,0x0000,0x0000,0x0000,
  0x0000,0x0000,0x0000,0x0000,0x0000,0x0000,0x0000,0x0000,0x0000,0x0000,0x0000,0x0000,0x0000,0x0000,0x0000,0x0000,
  0x0000,0x0000,0x0000,0x0000,0x0000,0x0000,0x0000,0x0000,0x0000,0x0000,0x0000,0x0000,0x0000,0x0000,0x0000,0x0000,
  0x0000,0x0000,0x0000,0x0000,0x0000,0x0000,0x0000,0x0000,0x0000,0x0000,0x0000,0x0000,0x0000,0x0000,0x0000,0x0000,
  0x0000,0x0000,0x0000,0x0000,0x0000,0x0000,0x0000,0x0000,0x0000,0x0000,0x0000,0x0000,0x0000,0x0000,0x0000,0x0000,
  0x0000,0x0000,0x0000,0x0000,0x0000,0x0000,0x0000,0x0000,0x0000,0x0000,0x0000,0x0000,0x0000,0x0000,0x0000,0x0000,
  0x0000,0x0000,0x0000,0x0000,0x0000,0x0000,0x0000,0x0000,0x0000,0x0000,0x0000,0x0000,0x0000,0x0000,0x0000,0x0000,
  0x0000,0x0000,0x0000,0x0000,0x0000,0x0000,0x0000,0x0000,0x0000,0x0000,0x0000,0x0000,0x0000,0x0000,0x0000,0x0000,
  0x0000,0x0000,0x0000,0x0000,0x0000,0x0000,0x0000,0x0000,0x0000,0x0000,0x0000,0x0000,0x0000,0x0000,0x0000,0x0000,
  0x0000,0x0000,0x0000,0x0000,0x0000,0x0000,0x0000,0x0000,0x0000,0x0000,0x0000,0x0000,0x0000,0x0000,0x0000,0x0000,
  0x0000,0x0000,0x0000,0x0000,0x0000,0x0000,0x0000,0x0000,0x0000,0x0000,0x0000,0x0000,0x0000,0x0000,0x0000,0x0000,
  0x0000,0x0000,0x0000,0x0000,0x0000,0x0000,0x64DF,0x64DF,0x64DF,0x64DF,0x64DF,0x64DF,0x64DF,0x64DF,0x64DF,0x64DF,
  0x0000,0x0000,0x0000,0x0000,0x0000,0x0000,0x0000,0x0000,0x0000,0x0000,0x0000,0x0000,0x0000,0x0000,0x0000,0x0000,
  0x0000,0x0000,0x0000,0x0000,0x0000,0x0000,0x0000,0x0000,0x0000,0x0000,0x0000,0x0000,0x0000,0x0000,0x0000,0x0000,
  0x0000,0x0000,0x0000,0x0000,0x0000,0x0000,0x0000,0x0000,0x0000,0x0000,0x0000,0x0000,0x0000,0x0000,0x0000,0x0000,
  0x0000,0x0000,0x0000,0x0000,0x0000,0x0000,0x64DF,0x64DF,0x64DF,0x64DF,0x64DF,0x64DF,0x64DF,0x64DF,0x64DF,0x64DF,
  0x0000,0x0000,0x0000,0x0000,0x0000,0x0000,0x0000,0x0000,0x0000,0x0000,0x0000,0x0000,0x0000,0x0000,0x0000,0x0000,
  0x0000,0x0000,0x0000,0x0000,0x0000,0x0000,0x0000,0x0000,0x0000,0x0000,0x0000,0x0000,0x0000,0x0000,0x0000,0x0000,
  0x0000,0x0000,0x0000,0x0000,0x0000,0x0000,0x0000,0x0000,0x0000,0x0000,0x0000,0x0000,0x0000,0x0000,0x0000,0x0000,
  0x0000,0x0000,0x64DF,0x64DF,0x64DF,0x64DF,0x64DF,0x64DF,0x64DF,0x64DF,0x64DF,0x64DF,0x64DF,0x64DF,0x64DF,0x64DF,
  0x64DF,0x64DF,0x0000,0x0000,0x0000,0x0000,0x0000,0x0000,0x0000,0x0000,0x0000,0x0000,0x0000,0x0000,0x0000,0x0000,
  0x0000,0x0000,0x0000,0x0000,0x0000,0x0000,0x0000,0x0000,0x0000,0x0000,0x0000,0x0000,0x0000,0x0000,0x0000,0x0000,
  0x0000,0x0000,0x0000,0x0000,0x0000,0x0000,0x0000,0x0000,0x0000,0x0000,0x0000,0x0000,0x0000,0x0000,0x0000,0x0000,
  0x0000,0x0000,0x64DF,0x64DF,0x64DF,0x64DF,0x64DF,0x64DF,0x64DF,0x64DF,0x64DF,0x64DF,0x64DF,0x64DF,0x64DF,0x64DF,
  0x64DF,0x64DF,0x0000,0x0000,0x0000,0x0000,0x0000,0x0000,0x0000,0x0000,0x0000,0x0000,0x0000,0x0000,0x0000,0x0000,
  0x0000,0x0000,0x0000,0x0000,0x0000,0x0000,0x0000,0x0000,0x0000,0x0000,0x0000,0x0000,0x0000,0x0000,0x0000,0x0000,
  0x0000,0x0000,0x0000,0x0000,0x0000,0x0000,0x630C,0x630C,0x630C,0x630C,0x0000,0x0000,0x0000,0x0000,0x0000,0x0000,
  0x64DF,0x64DF,0x64DF,0x64DF,0x64DF,0x64DF,0x64DF,0x64DF,0x64DF,0x64DF,0x64DF,0x64DF,0x64DF,0x64DF,0x3B9A,0x3B9A,
  0x64DF,0x64DF,0x64DF,0x64DF,0x0000,0x0000,0x0000,0x0000,0x0000,0x0000,0x0000,0x0000,0x0000,0x0000,0x0000,0x0000,
  0x0000,0x0000,0x0000,0x0000,0x0000,0x0000,0x0000,0x0000,0x0000,0x0000,0x0000,0x0000,0x0000,0x0000,0x0000,0x0000,
  0x0000,0x0000,0x0000,0x0000,0x0000,0x0000,0x630C,0x630C,0x630C,0x630C,0x0000,0x0000,0x0000,0x0000,0x0000,0x0000,
  0x64DF,0x64DF,0x64DF,0x64DF,0x64DF,0x64DF,0x64DF,0x64DF,0x64DF,0x64DF,0x64DF,0x64DF,0x64DF,0x64DF,0x3B9A,0x3B9A,
  0x64DF,0x64DF,0x64DF,0x64DF,0x0000,0x0000,0x0000,0x0000,0x0000,0x0000,0x0000,0x0000,0x0000,0x0000,0x0000,0x0000,
  0x0000,0x0000,0x0000,0x0000,0x0000,0x0000,0x0000,0x0000,0x0000,0x0000,0x0000,0x0000,0x0000,0x0000,0x0000,0x0000,
  0x0000,0x0000,0x0000,0x0000,0xEBF1,0xEBF1,0x0000,0x0000,0x630C,0x630C,0x630C,0x630C,0x0000,0x0000,0x64DF,0x64DF,
  0x64DF,0x64DF,0x64DF,0x64DF,0x64DF,0x64DF,0x64DF,0x64DF,0x64DF,0x64DF,0x3B9A,0x3B9A,0x3B9A,0x3B9A,0x0000,0x0000,
  0x3B9A,0x3B9A,0x64DF,0x64DF,0x64DF,0x64DF,0x0000,0x0000,0x0000,0x0000,0x0000,0x0000,0x0000,0x0000,0x0000,0x0000,
  0x0000,0x0000,0x0000,0x0000,0x0000,0x0000,0x0000,0x0000,0x0000,0x0000,0x0000,0x0000,0x0000,0x0000,0x0000,0x0000,
  0x0000,0x0000,0x0000,0x0000,0xEBF1,0xEBF1,0x0000,0x0000,0x630C,0x630C,0x630C,0x630C,0x0000,0x0000,0x64DF,0x64DF,
  0x64DF,0x64DF,0x64DF,0x64DF,0x64DF,0x64DF,0x64DF,0x64DF,0x64DF,0x64DF,0x3B9A,0x3B9A,0x3B9A,0x3B9A,0x0000,0x0000,
  0x3B9A,0x3B9A,0x64DF,0x64DF,0x64DF,0x64DF,0x0000,0x0000,0x0000,0x0000,0x0000,0x0000,0x0000,0x0000,0x0000,0x0000,
  0x0000,0x0000,0x0000,0x0000,0x0000,0x0000,0x0000,0x0000,0x0000,0x0000,0x0000,0x0000,0x0000,0x0000,0x0000,0x0000,
  0x0000,0x0000,0x0000,0x0000,0xEBF1,0xEBF1,0x0000,0x0000,0x630C,0x630C,0x630C,0x630C,0x0000,0x0000,0x0000,0x0000,
  0x0000,0x0000,0x0000,0x0000,0x0000,0x0000,0x0000,0x0000,0x0000,0x0000,0x0000,0x0000,0x0000,0x0000,0x630C,0x630C,
  0x0000,0x0000,0x3B9A,0x3B9A,0x64DF,0x64DF,0x0000,0x0000,0x0000,0x0000,0x0000,0x0000,0x0000,0x0000,0x0000,0x0000,
  0x0000,0x0000,0x0000,0x0000,0x0000,0x0000,0x0000,0x0000,0x0000,0x0000,0x0000,0x0000,0x0000,0x0000,0x0000,0x0000,
  0x0000,0x0000,0x0000,0x0000,0xEBF1,0xEBF1,0x0000,0x0000,0x630C,0x630C,0x630C,0x630C,0x0000,0x0000,0x0000,0x0000,
  0x0000,0x0000,0x0000,0x0000,0x0000,0x0000,0x0000,0x0000,0x0000,0x0000,0x0000,0x0000,0x0000,0x0000,0x630C,0x630C,
  0x0000,0x0000,0x3B9A,0x3B9A,0x64DF,0x64DF,0x0000,0x0000,0x0000,0x0000,0x0000,0x0000,0x0000,0x0000,0x0000,0x0000,
  0x0000,0x0000,0x0000,0x0000,0x0000,0x0000,0x0000,0x0000,0x0000,0x0000,0x0000,0x0000,0x0000,0x0000,0x0000,0x0000,
  0x0000,0x0000,0x0000,0x0000,0xEBF1,0xEBF1,0xEBF1,0xEBF1,0x0000,0x0000,0x630C,0x630C,0x630C,0x630C,0x4229,0x4229,
  0x630C,0x630C,0x4229,0x4229,0x4229,0x4229,0x4229,0x4229,0x630C,0x630C,0x4229,0x4229,0x630C,0x630C,0x630C,0x630C,
  0x630C,0x630C,0x0000,0x0000,0x3B9A,0x3B9A,0x0000,0x0000,0x0000,0x0000,0x0000,0x0000,0x0000,0x0000,0x0000,0x0000,
  0x0000,0x0000,0x0000,0x0000,0x0000,0x0000,0x0000,0x0000,0x0000,0x0000,0x0000,0x0000,0x0000,0x0000,0x0000,0x0000,
  0x0000,0x0000,0x0000,0x0000,0xEBF1,0xEBF1,0xEBF1,0xEBF1,0x0000,0x0000,0x630C,0x630C,0x630C,0x630C,0x4229,0x4229,
  0x630C,0x630C,0x4229,0x4229,0x4229,0x4229,0x4229,0x4229,0x630C,0x630C,0x4229,0x4229,0x630C,0x630C,0x630C,0x630C,
  0x630C,0x630C,0x0000,0x0000,0x3B9A,0x3B9A,0x0000,0x0000,0x0000,0x0000,0x0000,0x0000,0x0000,0x0000,0x0000,0x0000,
  0x0000,0x0000,0x0000,0x0000,0x0000,0x0000,0x0000,0x0000,0x0000,0x0000,0x0000,0x0000,0x0000,0x0000,0x0000,0x0000,
  0x0000,0x0000,0x0000,0x0000,0xEBF1,0xEBF1,0xEBF1,0xEBF1,0x0000,0x0000,0x630C,0x630C,0x630C,0x630C,0x4229,0x4229,
  0x630C,0x630C,0x4229,0x4229,0x4229,0x4229,0x4229,0x4229,0x630C,0x630C,0x4229,0x4229,0x630C,0x630C,0x630C,0x630C,
  0xEBF1,0xEBF1,0xEBF1,0xEBF1,0x0000,0x0000,0x0000,0x0000,0x0000,0x0000,0x0000,0x0000,0x0000,0x0000,0x0000,0x0000,
  0x0000,0x0000,0x0000,0x0000,0x0000,0x0000,0x0000,0x0000,0x0000,0x0000,0x0000,0x0000,0x0000,0x0000,0x0000,0x0000,
  0x0000,0x0000,0x0000,0x0000,0xEBF1,0xEBF1,0xEBF1,0xEBF1,0x0000,0x0000,0x630C,0x630C,0x630C,0x630C,0x4229,0x4229,
  0x630C,0x630C,0x4229,0x4229,0x4229,0x4229,0x4229,0x4229,0x630C,0x630C,0x4229,0x4229,0x630C,0x630C,0x630C,0x630C,
  0xEBF1,0xEBF1,0xEBF1,0xEBF1,0x0000,0x0000,0x0000,0x0000,0x0000,0x0000,0x0000,0x0000,0x0000,0x0000,0x0000,0x0000,
  0x0000,0x0000,0x0000,0x0000,0x0000,0x0000,0x0000,0x0000,0x0000,0x0000,0x0000,0x0000,0x0000,0x0000,0x0000,0x0000,
  0x0000,0x0000,0x0000,0x0000,0xEBF1,0xEBF1,0xEBF1,0xEBF1,0x630C,0x630C,0x630C,0x630C,0x630C,0x630C,0x630C,0x630C,
  0x630C,0x630C,0x630C,0x630C,0x4229,0x4229,0x630C,0x630C,0x630C,0x630C,0x630C,0x630C,0x630C,0x630C,0x630C,0x630C,
  0x0000,0x0000,0xEBF1,0xEBF1,0x0000,0x0000,0x0000,0x0000,0x0000,0x0000,0x0000,0x0000,0x0000,0x0000,0x0000,0x0000,
  0x0000,0x0000,0x0000,0x0000,0x0000,0x0000,0x0000,0x0000,0x0000,0x0000,0x0000,0x0000,0x0000,0x0000,0x0000,0x0000,
  0x0000,0x0000,0x0000,0x0000,0xEBF1,0xEBF1,0xEBF1,0xEBF1,0x630C,0x630C,0x630C,0x630C,0x630C,0x630C,0x630C,0x630C,
  0x630C,0x630C,0x630C,0x630C,0x4229,0x4229,0x630C,0x630C,0x630C,0x630C,0x630C,0x630C,0x630C,0x630C,0x630C,0x630C,
  0x0000,0x0000,0xEBF1,0xEBF1,0x0000,0x0000,0x0000,0x0000,0x0000,0x0000,0x0000,0x0000,0x0000,0x0000,0x0000,0x0000,
  0x0000,0x0000,0x0000,0x0000,0x0000,0x0000,0x0000,0x0000,0x0000,0x0000,0x0000,0x0000,0x0000,0x0000,0x0000,0x0000,
  0x0000,0x0000,0x0000,0x0000,0x0000,0x0000,0x630C,0x630C,0x630C,0x630C,0x630C,0x630C,0x630C,0x630C,0x630C,0x630C,
  0x630C,0x630C,0x630C,0x630C,0x4229,0x4229,0x630C,0x630C,0x630C,0x630C,0x630C,0x630C,0x630C,0x630C,0x630C,0x630C,
  0x630C,0x630C,0x0000,0x0000,0x0000,0x0000,0x0000,0x0000,0x0000,0x0000,0x0000,0x0000,0x0000,0x0000,0x0000,0x0000,
  0x0000,0x0000,0x0000,0x0000,0x0000,0x0000,0x0000,0x0000,0x0000,0x0000,0x0000,0x0000,0x0000,0x0000,0x0000,0x0000,
  0x0000,0x0000,0x0000,0x0000,0x0000,0x0000,0x630C,0x630C,0x630C,0x630C,0x630C,0x630C,0x630C,0x630C,0x630C,0x630C,
  0x630C,0x630C,0x630C,0x630C,0x4229,0x4229,0x630C,0x630C,0x630C,0x630C,0x630C,0x630C,0x630C,0x630C,0x630C,0x630C,
  0x630C,0x630C,0x0000,0x0000,0x0000,0x0000,0x0000,0x0000,0x0000,0x0000,0x0000,0x0000,0x0000,0x0000,0x0000,0x0000,
  0x0000,0x0000,0x0000,0x0000,0x0000,0x0000,0x0000,0x0000,0x0000,0x0000,0x0000,0x0000,0x0000,0x0000,0x0000,0x0000,
  0x0000,0x0000,0x0000,0x0000,0x0000,0x0000,0x630C,0x630C,0x630C,0x630C,0x0000,0x0000,0x630C,0x630C,0x630C,0x630C,
  0x630C,0x630C,0x630C,0x630C,0x630C,0x630C,0x630C,0x630C,0x630C,0x630C,0x630C,0x630C,0x630C,0x630C,0x0000,0x0000,
  0x630C,0x630C,0x630C,0x630C,0x0000,0x0000,0x0000,0x0000,0x0000,0x0000,0x0000,0x0000,0x0000,0x0000,0x0000,0x0000,
  0x0000,0x0000,0x0000,0x0000,0x0000,0x0000,0x0000,0x0000,0x0000,0x0000,0x0000,0x0000,0x0000,0x0000,0x0000,0x0000,
  0x0000,0x0000,0x0000,0x0000,0x0000,0x0000,0x630C,0x630C,0x630C,0x630C,0x0000,0x0000,0x630C,0x630C,0x630C,0x630C,
  0x630C,0x630C,0x630C,0x630C,0x630C,0x630C,0x630C,0x630C,0x630C,0x630C,0x630C,0x630C,0x630C,0x630C,0x0000,0x0000,
  0x630C,0x630C,0x630C,0x630C,0x0000,0x0000,0x0000,0x0000,0x0000,0x0000,0x0000,0x0000,0x0000,0x0000,0x0000,0x0000,
  0x0000,0x0000,0x0000,0x0000,0x0000,0x0000,0x0000,0x0000,0x0000,0x0000,0x0000,0x0000,0x0000,0x0000,0x0000,0x0000,
  0x0000,0x0000,0x0000,0x0000,0x0000,0x0000,0x630C,0x630C,0x630C,0x630C,0x630C,0x630C,0x0000,0x0000,0x0000,0x0000,
  0x0000,0x0000,0x630C,0x630C,0x630C,0x630C,0x630C,0x630C,0x0000,0x0000,0x0000,0x0000,0x0000,0x0000,0x630C,0x630C,
  0x630C,0x630C,0x630C,0x630C,0x0000,0x0000,0x0000,0x0000,0x0000,0x0000,0x0000,0x0000,0x0000,0x0000,0x0000,0x0000,
  0x0000,0x0000,0x0000,0x0000,0x0000,0x0000,0x0000,0x0000,0x0000,0x0000,0x0000,0x0000,0x0000,0x0000,0x0000,0x0000,
  0x0000,0x0000,0x0000,0x0000,0x0000,0x0000,0x630C,0x630C,0x630C,0x630C,0x630C,0x630C,0x0000,0x0000,0x0000,0x0000,
  0x0000,0x0000,0x630C,0x630C,0x630C,0x630C,0x630C,0x630C,0x0000,0x0000,0x0000,0x0000,0x0000,0x0000,0x630C,0x630C,
  0x630C,0x630C,0x630C,0x630C,0x0000,0x0000,0x0000,0x0000,0x0000,0x0000,0x0000,0x0000,0x0000,0x0000,0x0000,0x0000,
  0x0000,0x0000,0x0000,0x0000,0x0000,0x0000,0x0000,0x0000,0x0000,0x0000,0x0000,0x0000,0x0000,0x0000,0x0000,0x0000,
  0xFFFF,0xFFFF,0xFFFF,0xFFFF,0x630C,0x630C,0x630C,0x630C,0x630C,0x630C,0x630C,0x630C,0x630C,0x630C,0x630C,0x630C,
  0xD6BA,0xD6BA,0xD6BA,0xD6BA,0xD6BA,0xD6BA,0xD6BA,0xD6BA,0xD6BA,0xD6BA,0x630C,0x630C,0x630C,0x630C,0x630C,0x630C,
  0x630C,0x630C,0x630C,0x630C,0xFFFF,0xFFFF,0xFFFF,0xFFFF,0xFFFF,0xFFFF,0x0000,0x0000,0x0000,0x0000,0x0000,0x0000,
  0x0000,0x0000,0x0000,0x0000,0x0000,0x0000,0x0000,0x0000,0x0000,0x0000,0x0000,0x0000,0x0000,0x0000,0x0000,0x0000,
  0xFFFF,0xFFFF,0xFFFF,0xFFFF,0x630C,0x630C,0x630C,0x630C,0x630C,0x630C,0x630C,0x630C,0x630C,0x630C,0x630C,0x630C,
  0xD6BA,0xD6BA,0xD6BA,0xD6BA,0xD6BA,0xD6BA,0xD6BA,0xD6BA,0xD6BA,0xD6BA,0x630C,0x630C,0x630C,0x630C,0x630C,0x630C,
  0x630C,0x630C,0x630C,0x630C,0xFFFF,0xFFFF,0xFFFF,0xFFFF,0xFFFF,0xFFFF,0x0000,0x0000,0x0000,0x0000,0x0000,0x0000,
  0x0000,0x0000,0x0000,0x0000,0x0000,0x0000,0x0000,0x0000,0x0000,0x0000,0x0000,0x0000,0x0000,0x0000,0x0000,0x0000,
  0x0000,0x0000,0x0000,0x0000,0xFFFF,0xFFFF,0xFFFF,0xFFFF,0x630C,0x630C,0x630C,0x630C,0x630C,0x630C,0xD6BA,0xD6BA,
  0xD6BA,0xD6BA,0xEBF1,0xEBF1,0xEBF1,0xEBF1,0xEBF1,0xEBF1,0xD6BA,0xD6BA,0xD6BA,0xD6BA,0x630C,0x630C,0x630C,0x630C,
  0xFFFF,0xFFFF,0xFFFF,0xFFFF,0xFFFF,0xFFFF,0x0000,0x0000,0x0000,0x0000,0x0000,0x0000,0x0000,0x0000,0x0000,0x0000,
  0x0000,0x0000,0x0000,0x0000,0x0000,0x0000,0x0000,0x0000,0x0000,0x0000,0x0000,0x0000,0x0000,0x0000,0x0000,0x0000,
  0x0000,0x0000,0x0000,0x0000,0xFFFF,0xFFFF,0xFFFF,0xFFFF,0x630C,0x630C,0x630C,0x630C,0x630C,0x630C,0xD6BA,0xD6BA,
  0xD6BA,0xD6BA,0xEBF1,0xEBF1,0xEBF1,0xEBF1,0xEBF1,0xEBF1,0xD6BA,0xD6BA,0xD6BA,0xD6BA,0x630C,0x630C,0x630C,0x630C,
  0xFFFF,0xFFFF,0xFFFF,0xFFFF,0xFFFF,0xFFFF,0x0000,0x0000,0x0000,0x0000,0x0000,0x0000,0x0000,0x0000,0x0000,0x0000,
  0x0000,0x0000,0x0000,0x0000,0x0000,0x0000,0x0000,0x0000,0x0000,0x0000,0x0000,0x0000,0x0000,0x0000,0x0000,0x0000,
  0x0000,0x0000,0x0000,0x0000,0x630C,0x630C,0x630C,0x630C,0x630C,0x630C,0x630C,0x630C,0xD6BA,0xD6BA,0xD6BA,0xD6BA,
  0xD6BA,0xD6BA,0xD6BA,0xD6BA,0x0000,0x0000,0xD6BA,0xD6BA,0xD6BA,0xD6BA,0xD6BA,0xD6BA,0xD6BA,0xD6BA,0x630C,0x630C,
  0x630C,0x630C,0x630C,0x630C,0x630C,0x630C,0x0000,0x0000,0x0000,0x0000,0x0000,0x0000,0x4229,0x4229,0x4229,0x4229,
  0x630C,0x630C,0x4229,0x4229,0x4229,0x4229,0x630C,0x630C,0x630C,0x630C,0x0000,0x0000,0x0000,0x0000,0x0000,0x0000,
  0x0000,0x0000,0x0000,0x0000,0x630C,0x630C,0x630C,0x630C,0x630C,0x630C,0x630C,0x630C,0xD6BA,0xD6BA,0xD6BA,0xD6BA,
  0xD6BA,0xD6BA,0xD6BA,0xD6BA,0x0000,0x0000,0xD6BA,0xD6BA,0xD6BA,0xD6BA,0xD6BA,0xD6BA,0xD6BA,0xD6BA,0x630C,0x630C,
  0x630C,0x630C,0x630C,0x630C,0x630C,0x630C,0x0000,0x0000,0x0000,0x0000,0x0000,0x0000,0x4229,0x4229,0x4229,0x4229,
  0x630C,0x630C,0x4229,0x4229,0x4229,0x4229,0x630C,0x630C,0x630C,0x630C,0x0000,0x0000,0x0000,0x0000,0x0000,0x0000,
  0x0000,0x0000,0xFFFF,0xFFFF,0xFFFF,0xFFFF,0xFFFF,0xFFFF,0x630C,0x630C,0xD6BA,0xD6BA,0xD6BA,0xD6BA,0xD6BA,0xD6BA,
  0xD6BA,0xD6BA,0x0000,0x0000,0xD6BA,0xD6BA,0x0000,0x0000,0xD6BA,0xD6BA,0xD6BA,0xD6BA,0xD6BA,0xD6BA,0xD6BA,0xD6BA,
  0xFFFF,0xFFFF,0xFFFF,0xFFFF,0xFFFF,0xFFFF,0x0000,0x0000,0x630C,0x630C,0x630C,0x630C,0x4229,0x4229,0x4229,0x4229,
  0x630C,0x630C,0x4229,0x4229,0x4229,0x4229,0x630C,0x630C,0x630C,0x630C,0x0000,0x0000,0x0000,0x0000,0x0000,0x0000,
  0x0000,0x0000,0xFFFF,0xFFFF,0xFFFF,0xFFFF,0xFFFF,0xFFFF,0x630C,0x630C,0xD6BA,0xD6BA,0xD6BA,0xD6BA,0xD6BA,0xD6BA,
  0xD6BA,0xD6BA,0x0000,0x0000,0xD6BA,0xD6BA,0x0000,0x0000,0xD6BA,0xD6BA,0xD6BA,0xD6BA,0xD6BA,0xD6BA,0xD6BA,0xD6BA,
  0xFFFF,0xFFFF,0xFFFF,0xFFFF,0xFFFF,0xFFFF,0x0000,0x0000,0x630C,0x630C,0x630C,0x630C,0x4229,0x4229,0x4229,0x4229,
  0x630C,0x630C,0x4229,0x4229,0x4229,0x4229,0x630C,0x630C,0x630C,0x630C,0x0000,0x0000,0x0000,0x0000,0x0000,0x0000,
  0x0000,0x0000,0x0000,0x0000,0x0000,0x0000,0x0000,0x0000,0xD6BA,0xD6BA,0xD6BA,0xD6BA,0xD6BA,0xD6BA,0xD6BA,0xD6BA,
  0xD6BA,0xD6BA,0xD6BA,0xD6BA,0xD6BA,0xD6BA,0xD6BA,0xD6BA,0xD6BA,0xD6BA,0xD6BA,0xD6BA,0xD6BA,0xD6BA,0xD6BA,0xD6BA,
  0xD6BA,0xD6BA,0x0000,0x0000,0x0000,0x0000,0x4229,0x4229,0x630C,0x630C,0x630C,0x630C,0x4229,0x4229,0x4229,0x4229,
  0x630C,0x630C,0x630C,0x630C,0x4229,0x4229,0x630C,0x630C,0x630C,0x630C,0x4229,0x4229,0x0000,0x0000,0x0000,0x0000,
  0x0000,0x0000,0x0000,0x0000,0x0000,0x0000,0x0000,0x0000,0xD6BA,0xD6BA,0xD6BA,0xD6BA,0xD6BA,0xD6BA,0xD6BA,0xD6BA,
  0xD6BA,0xD6BA,0xD6BA,0xD6BA,0xD6BA,0xD6BA,0xD6BA,0xD6BA,0xD6BA,0xD6BA,0xD6BA,0xD6BA,0xD6BA,0xD6BA,0xD6BA,0xD6BA,
  0xD6BA,0xD6BA,0x0000,0x0000,0x0000,0x0000,0x4229,0x4229,0x630C,0x630C,0x630C,0x630C,0x4229,0x4229,0x4229,0x4229,
  0x630C,0x630C,0x630C,0x630C,0x4229,0x4229,0x630C,0x630C,0x630C,0x630C,0x4229,0x4229,0x0000,0x0000,0x0000,0x0000,
  0x0000,0x0000,0x0000,0x0000,0x0000,0x0000,0x0000,0x0000,0xFFFF,0xFFFF,0xD6BA,0xD6BA,0xD6BA,0xD6BA,0xD6BA,0xD6BA,
  0xD6BA,0xD6BA,0xD6BA,0xD6BA,0xD6BA,0xD6BA,0xD6BA,0xD6BA,0xD6BA,0xD6BA,0xD6BA,0xD6BA,0xD6BA,0xD6BA,0xD6BA,0xD6BA,
  0xFFFF,0xFFFF,0x0000,0x0000,0x4229,0x4229,0x4229,0x4229,0x630C,0x630C,0x630C,0x630C,0x630C,0x630C,0x4229,0x4229,
  0x630C,0x630C,0x630C,0x630C,0x4229,0x4229,0x630C,0x630C,0x630C,0x630C,0x4229,0x4229,0x630C,0x630C,0x0000,0x0000,
  0x0000,0x0000,0x0000,0x0000,0x0000,0x0000,0x0000,0x0000,0xFFFF,0xFFFF,0xD6BA,0xD6BA,0xD6BA,0xD6BA,0xD6BA,0xD6BA,
  0xD6BA,0xD6BA,0xD6BA,0xD6BA,0xD6BA,0xD6BA,0xD6BA,0xD6BA,0xD6BA,0xD6BA,0xD6BA,0xD6BA,0xD6BA,0xD6BA,0xD6BA,0xD6BA,
  0xFFFF,0xFFFF,0x0000,0x0000,0x4229,0x4229,0x4229,0x4229,0x630C,0x630C,0x630C,0x630C,0x630C,0x630C,0x4229,0x4229,
  0x630C,0x630C,0x630C,0x630C,0x4229,0x4229,0x630C,0x630C,0x630C,0x630C,0x4229,0x4229,0x630C,0x630C,0x0000,0x0000,
  0x0000,0x0000,0x0000,0x0000,0x0000,0x0000,0xFFFF,0xFFFF,0x0000,0x0000,0x0000,0x0000,0x0000,0x0000,0x0000,0x0000,
  0xD6BA,0xD6BA,0xD6BA,0xD6BA,0xD6BA,0xD6BA,0xD6BA,0xD6BA,0xD6BA,0xD6BA,0x0000,0x0000,0x0000,0x0000,0x0000,0x0000,
  0x0000,0x0000,0xFFFF,0xFFFF,0x630C,0x630C,0x4229,0x4229,0x630C,0x630C,0x630C,0x630C,0x630C,0x630C,0x630C,0x630C,
  0x630C,0x630C,0x630C,0x630C,0x630C,0x630C,0x630C,0x630C,0x630C,0x630C,0x630C,0x630C,0x630C,0x630C,0x0000,0x0000,
  0x0000,0x0000,0x0000,0x0000,0x0000,0x0000,0xFFFF,0xFFFF,0x0000,0x0000,0x0000,0x0000,0x0000,0x0000,0x0000,0x0000,
  0xD6BA,0xD6BA,0xD6BA,0xD6BA,0xD6BA,0xD6BA,0xD6BA,0xD6BA,0xD6BA,0xD6BA,0x0000,0x0000,0x0000,0x0000,0x0000,0x0000,
  0x0000,0x0000,0xFFFF,0xFFFF,0x630C,0x630C,0x4229,0x4229,0x630C,0x630C,0x630C,0x630C,0x630C,0x630C,0x630C,0x630C,
  0x630C,0x630C,0x630C,0x630C,0x630C,0x630C,0x630C,0x630C,0x630C,0x630C,0x630C,0x630C,0x630C,0x630C,0x0000,0x0000,
  0x0000,0x0000,0x0000,0x0000,0x0000,0x0000,0x0000,0x0000,0x0000,0x0000,0x0000,0x0000,0x630C,0x630C,0x630C,0x630C,
  0x0000,0x0000,0x0000,0x0000,0x0000,0x0000,0x0000,0x0000,0x0000,0x0000,0x630C,0x630C,0x630C,0x630C,0x630C,0x630C,
  0x630C,0x630C,0x630C,0x630C,0x630C,0x630C,0x630C,0x630C,0x630C,0x630C,0x630C,0x630C,0x630C,0x630C,0x630C,0x630C,
  0x630C,0x630C,0x630C,0x630C,0x630C,0x630C,0x630C,0x630C,0x630C,0x630C,0x630C,0x630C,0x630C,0x630C,0x0000,0x0000,
  0x0000,0x0000,0x0000,0x0000,0x0000,0x0000,0x0000,0x0000,0x0000,0x0000,0x0000,0x0000,0x630C,0x630C,0x630C,0x630C,
  0x0000,0x0000,0x0000,0x0000,0x0000,0x0000,0x0000,0x0000,0x0000,0x0000,0x630C,0x630C,0x630C,0x630C,0x630C,0x630C,
  0x630C,0x630C,0x630C,0x630C,0x630C,0x630C,0x630C,0x630C,0x630C,0x630C,0x630C,0x630C,0x630C,0x630C,0x630C,0x630C,
  0x630C,0x630C,0x630C,0x630C,0x630C,0x630C,0x630C,0x630C,0x630C,0x630C,0x630C,0x630C,0x630C,0x630C,0x0000,0x0000,
  0x0000,0x0000,0x0000,0x0000,0x0000,0x0000,0x0000,0x0000,0x0000,0x0000,0x0000,0x0000,0x630C,0x630C,0x630C,0x630C,
  0xD6BA,0xD6BA,0xD6BA,0xD6BA,0xD6BA,0xD6BA,0xD6BA,0xD6BA,0xD6BA,0xD6BA,0x630C,0x630C,0x630C,0x630C,0x630C,0x630C,
  0x630C,0x630C,0x630C,0x630C,0x630C,0x630C,0x630C,0x630C,0x630C,0x630C,0x0000,0x0000,0x630C,0x630C,0x630C,0x630C,
  0x630C,0x630C,0x630C,0x630C,0x630C,0x630C,0x630C,0x630C,0x630C,0x630C,0x630C,0x630C,0x630C,0x630C,0x0000,0x0000,
  0x0000,0x0000,0x0000,0x0000,0x0000,0x0000,0x0000,0x0000,0x0000,0x0000,0x0000,0x0000,0x630C,0x630C,0x630C,0x630C,
  0xD6BA,0xD6BA,0xD6BA,0xD6BA,0xD6BA,0xD6BA,0xD6BA,0xD6BA,0xD6BA,0xD6BA,0x630C,0x630C,0x630C,0x630C,0x630C,0x630C,
  0x630C,0x630C,0x630C,0x630C,0x630C,0x630C,0x630C,0x630C,0x630C,0x630C,0x0000,0x0000,0x630C,0x630C,0x630C,0x630C,
  0x630C,0x630C,0x630C,0x630C,0x630C,0x630C,0x630C,0x630C,0x630C,0x630C,0x630C,0x630C,0x630C,0x630C,0x0000,0x0000,
  0x0000,0x0000,0x0000,0x0000,0x0000,0x0000,0x0000,0x0000,0x0000,0x0000,0x0000,0x0000,0x630C,0x630C,0x630C,0x630C,
  0xD6BA,0xD6BA,0xD6BA,0xD6BA,0xD6BA,0xD6BA,0xD6BA,0xD6BA,0xD6BA,0xD6BA,0x630C,0x630C,0x630C,0x630C,0x630C,0x630C,
  0x630C,0x630C,0x630C,0x630C,0x630C,0x630C,0x630C,0x630C,0x630C,0x630C,0x0000,0x0000,0x630C,0x630C,0x630C,0x630C,
  0x630C,0x630C,0x630C,0x630C,0x630C,0x630C,0x630C,0x630C,0x630C,0x630C,0x630C,0x630C,0x630C,0x630C,0x0000,0x0000,
  0x0000,0x0000,0x0000,0x0000,0x0000,0x0000,0x0000,0x0000,0x0000,0x0000,0x0000,0x0000,0x630C,0x630C,0x630C,0x630C,
  0xD6BA,0xD6BA,0xD6BA,0xD6BA,0xD6BA,0xD6BA,0xD6BA,0xD6BA,0xD6BA,0xD6BA,0x630C,0x630C,0x630C,0x630C,0x630C,0x630C,
  0x630C,0x630C,0x630C,0x630C,0x630C,0x630C,0x630C,0x630C,0x630C,0x630C,0x0000,0x0000,0x630C,0x630C,0x630C,0x630C,
  0x630C,0x630C,0x630C,0x630C,0x630C,0x630C,0x630C,0x630C,0x630C,0x630C,0x630C,0x630C,0x630C,0x630C,0x0000,0x0000,
  0x0000,0x0000,0x0000,0x0000,0x0000,0x0000,0x0000,0x0000,0x0000,0x0000,0x0000,0x0000,0x630C,0x630C,0x630C,0x630C,
  0xD6BA,0xD6BA,0xD6BA,0xD6BA,0xD6BA,0xD6BA,0xD6BA,0xD6BA,0xD6BA,0xD6BA,0x630C,0x630C,0x630C,0x630C,0x630C,0x630C,
  0x630C,0x630C,0x630C,0x630C,0x630C,0x630C,0x630C,0x630C,0x630C,0x630C,0x630C,0x630C,0x0000,0x0000,0x630C,0x630C,
  0x630C,0x630C,0x630C,0x630C,0x630C,0x630C,0x630C,0x630C,0x630C,0x630C,0x630C,0x630C,0x630C,0x630C,0x0000,0x0000,
  0x0000,0x0000,0x0000,0x0000,0x0000,0x0000,0x0000,0x0000,0x0000,0x0000,0x0000,0x0000,0x630C,0x630C,0x630C,0x630C,
  0xD6BA,0xD6BA,0xD6BA,0xD6BA,0xD6BA,0xD6BA,0xD6BA,0xD6BA,0xD6BA,0xD6BA,0x630C,0x630C,0x630C,0x630C,0x630C,0x630C,
  0x630C,0x630C,0x630C,0x630C,0x630C,0x630C,0x630C,0x630C,0x630C,0x630C,0x630C,0x630C,0x0000,0x0000,0x630C,0x630C,
  0x630C,0x630C,0x630C,0x630C,0x630C,0x630C,0x630C,0x630C,0x630C,0x630C,0x630C,0x630C,0x630C,0x630C,0x0000,0x0000,
  0x0000,0x0000,0x0000,0x0000,0x0000,0x0000,0x0000,0x0000,0x0000,0x0000,0x0000,0x0000,0x630C,0x630C,0x630C,0x630C,
  0x630C,0x630C,0xD6BA,0xD6BA,0xD6BA,0xD6BA,0xD6BA,0xD6BA,0x630C,0x630C,0x630C,0x630C,0x630C,0x630C,0x630C,0x630C,
  0x630C,0x630C,0x630C,0x630C,0x630C,0x630C,0x630C,0x630C,0x630C,0x630C,0x630C,0x630C,0x630C,0x630C,0x0000,0x0000,
  0x0000,0x0000,0x630C,0x630C,0x630C,0x630C,0x630C,0x630C,0x630C,0x630C,0x630C,0x630C,0x630C,0x630C,0x0000,0x0000,
  0x0000,0x0000,0x0000,0x0000,0x0000,0x0000,0x0000,0x0000,0x0000,0x0000,0x0000,0x0000,0x630C,0x630C,0x630C,0x630C,
  0x630C,0x630C,0xD6BA,0xD6BA,0xD6BA,0xD6BA,0xD6BA,0xD6BA,0x630C,0x630C,0x630C,0x630C,0x630C,0x630C,0x630C,0x630C,
  0x630C,0x630C,0x630C,0x630C,0x630C,0x630C,0x630C,0x630C,0x630C,0x630C,0x630C,0x630C,0x630C,0x630C,0x0000,0x0000,
  0x0000,0x0000,0x630C,0x630C,0x630C,0x630C,0x630C,0x630C,0x630C,0x630C,0x630C,0x630C,0x630C,0x630C,0x0000,0x0000,
  0x0000,0x0000,0x0000,0x0000,0x0000,0x0000,0x0000,0x0000,0x0000,0x0000,0x0000,0x0000,0x0000,0x0000,0x630C,0x630C,
  0x630C,0x630C,0xD6BA,0xD6BA,0xD6BA,0xD6BA,0xD6BA,0xD6BA,0x630C,0x630C,0x630C,0x630C,0x630C,0x630C,0x630C,0x630C,
  0x630C,0x630C,0x630C,0x630C,0x630C,0x630C,0x630C,0x630C,0x630C,0x630C,0x630C,0x630C,0x0000,0x0000,0x0000,0x0000,
  0x630C,0x630C,0x630C,0x630C,0x630C,0x630C,0x630C,0x630C,0x630C,0x630C,0x630C,0x630C,0x0000,0x0000,0x0000,0x0000,
  0x0000,0x0000,0x0000,0x0000,0x0000,0x0000,0x0000,0x0000,0x0000,0x0000,0x0000,0x0000,0x0000,0x0000,0x630C,0x630C,
  0x630C,0x630C,0xD6BA,0xD6BA,0xD6BA,0xD6BA,0xD6BA,0xD6BA,0x630C,0x630C,0x630C,0x630C,0x630C,0x630C,0x630C,0x630C,
  0x630C,0x630C,0x630C,0x630C,0x630C,0x630C,0x630C,0x630C,0x630C,0x630C,0x630C,0x630C,0x0000,0x0000,0x0000,0x0000,
  0x630C,0x630C,0x630C,0x630C,0x630C,0x630C,0x630C,0x630C,0x630C,0x630C,0x630C,0x630C,0x0000,0x0000,0x0000,0x0000,
  0x0000,0x0000,0x0000,0x0000,0x0000,0x0000,0x0000,0x0000,0x0000,0x0000,0x0000,0x0000,0x0000,0x0000,0x0000,0x0000,
  0x0000,0x0000,0x0000,0x0000,0xD6BA,0xD6BA,0xD6BA,0xD6BA,0x630C,0x630C,0x630C,0x630C,0x630C,0x630C,0x0000,0x0000,
  0x0000,0x0000,0x0000,0x0000,0x0000,0x0000,0x0000,0x0000,0x0000,0x0000,0x0000,0x0000,0x0000,0x0000,0x630C,0x630C,
  0x630C,0x630C,0x630C,0x630C,0x630C,0x630C,0x630C,0x630C,0x630C,0x630C,0x0000,0x0000,0x0000,0x0000,0x0000,0x0000,
  0x0000,0x0000,0x0000,0x0000,0x0000,0x0000,0x0000,0x0000,0x0000,0x0000,0x0000,0x0000,0x0000,0x0000,0x0000,0x0000,
  0x0000,0x0000,0x0000,0x0000,0xD6BA,0xD6BA,0xD6BA,0xD6BA,0x630C,0x630C,0x630C,0x630C,0x630C,0x630C,0x0000,0x0000,
  0x0000,0x0000,0x0000,0x0000,0x0000,0x0000,0x0000,0x0000,0x0000,0x0000,0x0000,0x0000,0x0000,0x0000,0x630C,0x630C,
  0x630C,0x630C,0x630C,0x630C,0x630C,0x630C,0x630C,0x630C,0x630C,0x630C,0x0000,0x0000,0x0000,0x0000,0x0000,0x0000,
};

// cat-sleep_2.png (64x64)
static const uint16_t cat_sleep_2[4096] PROGMEM = {
  0x0000,0x0000,0x0000,0x0000,0x0000,0x0000,0x0000,0x0000,0x0000,0x0000,0x0000,0x0000,0x0000,0x0000,0x0000,0x0000,
  0x0000,0x0000,0x0000,0x0000,0x0000,0x0000,0x0000,0x0000,0x0000,0x0000,0x0000,0x0000,0x0000,0x0000,0x0000,0x0000,
  0x0000,0x0000,0x0000,0x0000,0x0000,0x0000,0x0000,0x0000,0x0000,0x0000,0x0000,0x0000,0x0000,0x0000,0x0000,0x0000,
  0x0000,0x0000,0x0000,0x0000,0x0000,0x0000,0x0000,0x0000,0x0000,0x0000,0x0000,0x0000,0x0000,0x0000,0x0000,0x0000,
  0x0000,0x0000,0x0000,0x0000,0x0000,0x0000,0x0000,0x0000,0x0000,0x0000,0x0000,0x0000,0x0000,0x0000,0x0000,0x0000,
  0x0000,0x0000,0x0000,0x0000,0x0000,0x0000,0x0000,0x0000,0x0000,0x0000,0x0000,0x0000,0x0000,0x0000,0x0000,0x0000,
  0x0000,0x0000,0x0000,0x0000,0x0000,0x0000,0x0000,0x0000,0x0000,0x0000,0x0000,0x0000,0x0000,0x0000,0x0000,0x0000,
  0x0000,0x0000,0x0000,0x0000,0x0000,0x0000,0x0000,0x0000,0x0000,0x0000,0x0000,0x0000,0x0000,0x0000,0x0000,0x0000,
  0x0000,0x0000,0x0000,0x0000,0x0000,0x0000,0x0000,0x0000,0x0000,0x0000,0x0000,0x0000,0x0000,0x0000,0x0000,0x0000,
  0x0000,0x0000,0x0000,0x0000,0x0000,0x0000,0x0000,0x0000,0x0000,0x0000,0x0000,0x0000,0x0000,0x0000,0x0000,0x0000,
  0x0000,0x0000,0x0000,0x0000,0x0000,0x0000,0x0000,0x0000,0x0000,0x0000,0x0000,0x0000,0x0000,0x0000,0x0000,0x0000,
  0x0000,0x0000,0x0000,0x0000,0x0000,0x0000,0x0000,0x0000,0x0000,0x0000,0x0000,0x0000,0x0000,0x0000,0x0000,0x0000,
  0x0000,0x0000,0x0000,0x0000,0x0000,0x0000,0x0000,0x0000,0x0000,0x0000,0x0000,0x0000,0x0000,0x0000,0x0000,0x0000,
  0x0000,0x0000,0x0000,0x0000,0x0000,0x0000,0x0000,0x0000,0x0000,0x0000,0x0000,0x0000,0x0000,0x0000,0x0000,0x0000,
  0x0000,0x0000,0x0000,0x0000,0x0000,0x0000,0x0000,0x0000,0x0000,0x0000,0x0000,0x0000,0x0000,0x0000,0x0000,0x0000,
  0x0000,0x0000,0x0000,0x0000,0x0000,0x0000,0x0000,0x0000,0x0000,0x0000,0x0000,0x0000,0x0000,0x0000,0x0000,0x0000,
  0x0000,0x0000,0x0000,0x0000,0x0000,0x0000,0x0000,0x0000,0x0000,0x0000,0x0000,0x0000,0x0000,0x0000,0x0000,0x0000,
  0x0000,0x0000,0x0000,0x0000,0x0000,0x0000,0x0000,0x0000,0x0000,0x0000,0x0000,0x0000,0x0000,0x0000,0x0000,0x0000,
  0x0000,0x0000,0x0000,0x0000,0x0000,0x0000,0x0000,0x0000,0x0000,0x0000,0x0000,0x0000,0x0000,0x0000,0x0000,0x0000,
  0x0000,0x0000,0x0000,0x0000,0x0000,0x0000,0x0000,0x0000,0x0000,0x0000,0x0000,0x0000,0x0000,0x0000,0x0000,0x0000,
  0x0000,0x0000,0x0000,0x0000,0x0000,0x0000,0x0000,0x0000,0x0000,0x0000,0x0000,0x0000,0x0000,0x0000,0x0000,0x0000,
  0x0000,0x0000,0x0000,0x0000,0x0000,0x0000,0x0000,0x0000,0x0000,0x0000,0x0000,0x0000,0x0000,0x0000,0x0000,0x0000,
  0x0000,0x0000,0x0000,0x0000,0x0000,0x0000,0x0000,0x0000,0x0000,0x0000,0x0000,0x0000,0x0000,0x0000,0x0000,0x0000,
  0x0000,0x0000,0x0000,0x0000,0x0000,0x0000,0x0000,0x0000,0x0000,0x0000,0x0000,0x0000,0x0000,0x0000,0x0000,0x0000,
  0x0000,0x0000,0x0000,0x0000,0x0000,0x0000,0x0000,0x0000,0x0000,0x0000,0x0000,0x0000,0x0000,0x0000,0x0000,0x0000,
  0x0000,0x0000,0x0000,0x0000,0x0000,0x0000,0x0000,0x0000,0x0000,0x0000,0x0000,0x0000,0x0000,0x0000,0x0000,0x0000,
  0x0000,0x0000,0x0000,0x0000,0x0000,0x0000,0x0000,0x0000,0x0000,0x0000,0x0000,0x0000,0x0000,0x0000,0x0000,0x0000,
  0x0000,0x0000,0x0000,0x0000,0x0000,0x0000,0x0000,0x0000,0x0000,0x0000,0x0000,0x0000,0x0000,0x0000,0x0000,0x0000,
  0x0000,0x0000,0x0000,0x0000,0x0000,0x0000,0x0000,0x0000,0x0000,0x0000,0x0000,0x0000,0x0000,0x0000,0x0000,0x0000,
  0x0000,0x0000,0x0000,0x0000,0x0000,0x0000,0x0000,0x0000,0x0000,0x0000,0x0000,0x0000,0x0000,0x0000,0x0000,0x0000,
  0x0000,0x0000,0x0000,0x0000,0x0000,0x0000,0x0000,0x0000,0x0000,0x0000,0x0000,0x0000,0x0000,0x0000,0x0000,0x0000,
  0x0000,0x0000,0x0000,0x0000,0x0000,0x0000,0x0000,0x0000,0x0000,0x0000,0x0000,0x0000,0x0000,0x0000,0x0000,0x0000,
  0x0000,0x0000,0x0000,0x0000,0x0000,0x0000,0x0000,0x0000,0x0000,0x0000,0x0000,0x0000,0x0000,0x0000,0x0000,0x0000,
  0x0000,0x0000,0x0000,0x0000,0x0000,0x0000,0x0000,0x0000,0x0000,0x0000,0x0000,0x0000,0x0000,0x0000,0x0000,0x0000,
  0x0000,0x0000,0x0000,0x0000,0x0000,0x0000,0x0000,0x0000,0x0000,0x0000,0x0000,0x0000,0x0000,0x0000,0x0000,0x0000,
  0x0000,0x0000,0x0000,0x0000,0x0000,0x0000,0x0000,0x0000,0x0000,0x0000,0x0000,0x0000,0x0000,0x0000,0x0000,0x0000,
  0x0000,0x0000,0x0000,0x0000,0x0000,0x0000,0x0000,0x0000,0x0000,0x0000,0x0000,0x0000,0x0000,0x0000,0x0000,0x0000,
  0x0000,0x0000,0x0000,0x0000,0x0000,0x0000,0x0000,0x0000,0x0000,0x0000,0x0000,0x0000,0x0000,0x0000,0x0000,0x0000,
  0x0000,0x0000,0x0000,0x0000,0x0000,0x0000,0x0000,0x0000,0x0000,0x0000,0x0000,0x0000,0x0000,0x0000,0x0000,0x0000,
  0x0000,0x0000,0x0000,0x0000,0x0000,0x0000,0x0000,0x0000,0x0000,0x0000,0x0000,0x0000,0x0000,0x0000,0x0000,0x0000,
  0x0000,0x0000,0x0000,0x0000,0x0000,0x0000,0x0000,0x0000,0x0000,0x0000,0x0000,0x0000,0x0000,0x0000,0x0000,0x0000,
  0x0000,0x0000,0x0000,0x0000,0x0000,0x0000,0x0000,0x0000,0x0000,0x0000,0x0000,0x0000,0x0000,0x0000,0x0000,0x0000,
  0x0000,0x0000,0x0000,0x0000,0x0000,0x0000,0x0000,0x0000,0x0000,0x0000,0x0000,0x0000,0x0000,0x0000,0x0000,0x0000,
  0x0000,0x0000,0x0000,0x0000,0x0000,0x0000,0x0000,0x0000,0x0000,0x0000,0x0000,0x0000,0x0000,0x0000,0x0000,0x0000,
  0x0000,0x0000,0x0000,0x0000,0x0000,0x0000,0x0000,0x0000,0x0000,0x0000,0x0000,0x0000,0x0000,0x0000,0x0000,0x0000,
  0x0000,0x0000,0x0000,0x0000,0x0000,0x0000,0x0000,0x0000,0x0000,0x0000,0x0000,0x0000,0x0000,0x0000,0x0000,0x0000,
  0x0000,0x0000,0x0000,0x0000,0x0000,0x0000,0x0000,0x0000,0x0000,0x0000,0x0000,0x0000,0x0000,0x0000,0x0000,0x0000,
  0x0000,0x0000,0x0000,0x0000,0x0000,0x0000,0x0000,0x0000,0x0000,0x0000,0x0000,0x0000,0x0000,0x0000,0x0000,0x0000,
  0x0000,0x0000,0x0000,0x0000,0x0000,0x0000,0x0000,0x0000,0x0000,0x0000,0x0000,0x0000,0x0000,0x0000,0x0000,0x0000,
  0x0000,0x0000,0x0000,0x0000,0x0000,0x0000,0x0000,0x0000,0x0000,0x0000,0x0000,0x0000,0x0000,0x0000,0x0000,0x0000,
  0x0000,0x0000,0x0000,0x0000,0x0000,0x0000,0x0000,0x0000,0x0000,0x0000,0x0000,0x0000,0x0000,0x0000,0x0000,0x0000,
  0x0000,0x0000,0x0000,0x0000,0x0000,0x0000,0x0000,0x0000,0x0000,0x0000,0x0000,0x0000,0x0000,0x0000,0x0000,0x0000,
  0x0000,0x0000,0x0000,0x0000,0x0000,0x0000,0x0000,0x0000,0x0000,0x0000,0x0000,0x0000,0x0000,0x0000,0x0000,0x0000,
  0x0000,0x0000,0x0000,0x0000,0x0000,0x0000,0x0000,0x0000,0x0000,0x0000,0x0000,0x0000,0x0000,0x0000,0x0000,0x0000,
  0x0000,0x0000,0x0000,0x0000,0x0000,0x0000,0x0000,0x0000,0x0000,0x0000,0x0000,0x0000,0x0000,0x0000,0x0000,0x0000,
  0x0000,0x0000,0x0000,0x0000,0x0000,0x0000,0x0000,0x0000,0x0000,0x0000,0x0000,0x0000,0x0000,0x0000,0x0000,0x0000,
  0x0000,0x0000,0x0000,0x0000,0x0000,0x0000,0x0000,0x0000,0x0000,0x0000,0x0000,0x0000,0x0000,0x0000,0x0000,0x0000,
  0x0000,0x0000,0x0000,0x0000,0x0000,0x0000,0x64DF,0x64DF,0x64DF,0x64DF,0x64DF,0x64DF,0x64DF,0x64DF,0x64DF,0x64DF,
  0x0000,0x0000,0x0000,0x0000,0x0000,0x0000,0x0000,0x0000,0x0000,0x0000,0x0000,0x0000,0x0000,0x0000,0x0000,0x0000,
  0x0000,0x0000,0x0000,0x0000,0x0000,0x0000,0x0000,0x0000,0x0000,0x0000,0x0000,0x0000,0x0000,0x0000,0x0000,0x0000,
  0x0000,0x0000,0x0000,0x0000,0x0000,0x0000,0x0000,0x0000,0x0000,0x0000,0x0000,0x0000,0x0000,0x0000,0x0000,0x0000,
  0x0000,0x0000,0x0000,0x0000,0x0000,0x0000,0x64DF,0x64DF,0x64DF,0x64DF,0x64DF,0x64DF,0x64DF,0x64DF,0x64DF,0x64DF,
  0x0000,0x0000,0x0000,0x0000,0x0000,0x0000,0x0000,0x0000,0x0000,0x0000,0x0000,0x0000,0x0000,0x0000,0x0000,0x0000,
  0x0000,0x0000,0x0000,0x0000,0x0000,0x0000,0x0000,0x0000,0x0000,0x0000,0x0000,0x0000,0x0000,0x0000,0x0000,0x0000,
  0x0000,0x0000,0x0000,0x0000,0x0000,0x0000,0x0000,0x0000,0x0000,0x0000,0x0000,0x0000,0x0000,0x0000,0x0000,0x0000,
  0x0000,0x0000,0x64DF,0x64DF,0x64DF,0x64DF,0x64DF,0x64DF,0x64DF,0x64DF,0x64DF,0x64DF,0x64DF,0x64DF,0x64DF,0x64DF,
  0x64DF,0x64DF,0x0000,0x0000,0x0000,0x0000,0x0000,0x0000,0x0000,0x0000,0x0000,0x0000,0x0000,0x0000,0x0000,0x0000,
  0x0000,0x0000,0x0000,0x0000,0x0000,0x0000,0x0000,0x0000,0x0000,0x0000,0x0000,0x0000,0x0000,0x0000,0x0000,0x0000,
  0x0000,0x0000,0x0000,0x0000,0x0000,0x0000,0x0000,0x0000,0x0000,0x0000,0x0000,0x0000,0x0000,0x0000,0x0000,0x0000,
  0x0000,0x0000,0x64DF,0x64DF,0x64DF,0x64DF,0x64DF,0x64DF,0x64DF,0x64DF,0x64DF,0x64DF,0x64DF,0x64DF,0x64DF,0x64DF,
  0x64DF,0x64DF,0x0000,0x0000,0x0000,0x0000,0x0000,0x0000,0x0000,0x0000,0x0000,0x0000,0x0000,0x0000,0x0000,0x0000,
  0x0000,0x0000,0x0000,0x0000,0x0000,0x0000,0x0000,0x0000,0x0000,0x0000,0x0000,0x0000,0x0000,0x0000,0x0000,0x0000,
  0x0000,0x0000,0x0000,0x0000,0x0000,0x0000,0x630C,0x630C,0x630C,0x630C,0x0000,0x0000,0x0000,0x0000,0x0000,0x0000,
  0x64DF,0x64DF,0x64DF,0x64DF,0x64DF,0x64DF,0x64DF,0x64DF,0x64DF,0x64DF,0x64DF,0x64DF,0x64DF,0x64DF,0x3B9A,0x3B9A,
  0x64DF,0x64DF,0x64DF,0x64DF,0x0000,0x0000,0x0000,0x0000,0x0000,0x0000,0x0000,0x0000,0x0000,0x0000,0x0000,0x0000,
  0x0000,0x0000,0x0000,0x0000,0x0000,0x0000,0x0000,0x0000,0x0000,0x0000,0x0000,0x0000,0x0000,0x0000,0x0000,0x0000,
  0x0000,0x0000,0x0000,0x0000,0x0000,0x0000,0x630C,0x630C,0x630C,0x630C,0x0000,0x0000,0x0000,0x0000,0x0000,0x0000,
  0x64DF,0x64DF,0x64DF,0x64DF,0x64DF,0x64DF,0x64DF,0x64DF,0x64DF,0x64DF,0x64DF,0x64DF,0x64DF,0x64DF,0x3B9A,0x3B9A,
  0x64DF,0x64DF,0x64DF,0x64DF,0x0000,0x0000,0x0000,0x0000,0x0000,0x0000,0x0000,0x0000,0x0000,0x0000,0x0000,0x0000,
  0x0000,0x0000,0x0000,0x0000,0x0000,0x0000,0x0000,0x0000,0x0000,0x0000,0x0000,0x0000,0x0000,0x0000,0x0000,0x0000,
  0x0000,0x0000,0x0000,0x0000,0xEBF1,0xEBF1,0x0000,0x0000,0x630C,0x630C,0x630C,0x630C,0x0000,0x0000,0x64DF,0x64DF,
  0x64DF,0x64DF,0x64DF,0x64DF,0x64DF,0x64DF,0x64DF,0x64DF,0x64DF,0x64DF,0x3B9A,0x3B9A,0x3B9A,0x3B9A,0x0000,0x0000,
  0x3B9A,0x3B9A,0x64DF,0x64DF,0x64DF,0x64DF,0x0000,0x0000,0x0000,0x0000,0x0000,0x0000,0x0000,0x0000,0x0000,0x0000,
  0x0000,0x0000,0x0000,0x0000,0x0000,0x0000,0x0000,0x0000,0x0000,0x0000,0x0000,0x0000,0x0000,0x0000,0x0000,0x0000,
  0x0000,0x0000,0x0000,0x0000,0xEBF1,0xEBF1,0x0000,0x0000,0x630C,0x630C,0x630C,0x630C,0x0000,0x0000,0x64DF,0x64DF,
  0x64DF,0x64DF,0x64DF,0x64DF,0x64DF,0x64DF,0x64DF,0x64DF,0x64DF,0x64DF,0x3B9A,0x3B9A,0x3B9A,0x3B9A,0x0000,0x0000,
  0x3B9A,0x3B9A,0x64DF,0x64DF,0x64DF,0x64DF,0x0000,0x0000,0x0000,0x0000,0x0000,0x0000,0x0000,0x0000,0x0000,0x0000,
  0x0000,0x0000,0x0000,0x0000,0x0000,0x0000,0x0000,0x0000,0x0000,0x0000,0x0000,0x0000,0x0000,0x0000,0x0000,0x0000,
  0x0000,0x0000,0x0000,0x0000,0xEBF1,0xEBF1,0x0000,0x0000,0x630C,0x630C,0x630C,0x630C,0x0000,0x0000,0x0000,0x0000,
  0x0000,0x0000,0x0000,0x0000,0x0000,0x0000,0x0000,0x0000,0x0000,0x0000,0x0000,0x0000,0x0000,0x0000,0x630C,0x630C,
  0x0000,0x0000,0x3B9A,0x3B9A,0x64DF,0x64DF,0x0000,0x0000,0x0000,0x0000,0x0000,0x0000,0x0000,0x0000,0x0000,0x0000,
  0x0000,0x0000,0x0000,0x0000,0x0000,0x0000,0x0000,0x0000,0x0000,0x0000,0x0000,0x0000,0x0000,0x0000,0x0000,0x0000,
  0x0000,0x0000,0x0000,0x0000,0xEBF1,0xEBF1,0x0000,0x0000,0x630C,0x630C,0x630C,0x630C,0x0000,0x0000,0x0000,0x0000,
  0x0000,0x0000,0x0000,0x0000,0x0000,0x0000,0x0000,0x0000,0x0000,0x0000,0x0000,0x0000,0x0000,0x0000,0x630C,0x630C,
  0x0000,0x0000,0x3B9A,0x3B9A,0x64DF,0x64DF,0x0000,0x0000,0x0000,0x0000,0x0000,0x0000,0x0000,0x0000,0x0000,0x0000,
  0x0000,0x0000,0x0000,0x0000,0x0000,0x0000,0x0000,0x0000,0x0000,0x0000,0x0000,0x0000,0x0000,0x0000,0x0000,0x0000,
  0x0000,0x0000,0x0000,0x0000,0xEBF1,0xEBF1,0xEBF1,0xEBF1,0x0000,0x0000,0x630C,0x630C,0x630C,0x630C,0x4229,0x4229,
  0x630C,0x630C,0x4229,0x4229,0x4229,0x4229,0x4229,0x4229,0x630C,0x630C,0x4229,0x4229,0x630C,0x630C,0x630C,0x630C,
  0x630C,0x630C,0x0000,0x0000,0x3B9A,0x3B9A,0x0000,0x0000,0x0000,0x0000,0x0000,0x0000,0x0000,0x0000,0x0000,0x0000,
  0x0000,0x0000,0x0000,0x0000,0x0000,0x0000,0x0000,0x0000,0x0000,0x0000,0x0000,0x0000,0x0000,0x0000,0x0000,0x0000,
  0x0000,0x0000,0x0000,0x0000,0xEBF1,0xEBF1,0xEBF1,0xEBF1,0x0000,0x0000,0x630C,0x630C,0x630C,0x630C,0x4229,0x4229,
  0x630C,0x630C,0x4229,0x4229,0x4229,0x4229,0x4229,0x4229,0x630C,0x630C,0x4229,0x4229,0x630C,0x630C,0x630C,0x630C,
  0x630C,0x630C,0x0000,0x0000,0x3B9A,0x3B9A,0x0000,0x0000,0x0000,0x0000,0x0000,0x0000,0x0000,0x0000,0x0000,0x0000,
  0x0000,0x0000,0x0000,0x0000,0x0000,0x0000,0x0000,0x0000,0x0000,0x0000,0x0000,0x0000,0x0000,0x0000,0x0000,0x0000,
  0x0000,0x0000,0x0000,0x0000,0xEBF1,0xEBF1,0xEBF1,0xEBF1,0x0000,0x0000,0x630C,0x630C,0x630C,0x630C,0x4229,0x4229,
  0x630C,0x630C,0x4229,0x4229,0x4229,0x4229,0x4229,0x4229,0x630C,0x630C,0x4229,0x4229,0x630C,0x630C,0x630C,0x630C,
  0xEBF1,0xEBF1,0xEBF1,0xEBF1,0x0000,0x0000,0x0000,0x0000,0x0000,0x0000,0x0000,0x0000,0x0000,0x0000,0x0000,0x0000,
  0x0000,0x0000,0x0000,0x0000,0x0000,0x0000,0x0000,0x0000,0x0000,0x0000,0x0000,0x0000,0x0000,0x0000,0x0000,0x0000,
  0x0000,0x0000,0x0000,0x0000,0xEBF1,0xEBF1,0xEBF1,0xEBF1,0x0000,0x0000,0x630C,0x630C,0x630C,0x630C,0x4229,0x4229,
  0x630C,0x630C,0x4229,0x4229,0x4229,0x4229,0x4229,0x4229,0x630C,0x630C,0x4229,0x4229,0x630C,0x630C,0x630C,0x630C,
  0xEBF1,0xEBF1,0xEBF1,0xEBF1,0x0000,0x0000,0x0000,0x0000,0x0000,0x0000,0x0000,0x0000,0x0000,0x0000,0x0000,0x0000,
  0x0000,0x0000,0x0000,0x0000,0x0000,0x0000,0x0000,0x0000,0x0000,0x0000,0x0000,0x0000,0x0000,0x0000,0x0000,0x0000,
  0x0000,0x0000,0x0000,0x0000,0xEBF1,0xEBF1,0xEBF1,0xEBF1,0x630C,0x630C,0x630C,0x630C,0x630C,0x630C,0x630C,0x630C,
  0x630C,0x630C,0x630C,0x630C,0x4229,0x4229,0x630C,0x630C,0x630C,0x630C,0x630C,0x630C,0x630C,0x630C,0x630C,0x630C,
  0x0000,0x0000,0xEBF1,0xEBF1,0x0000,0x0000,0x0000,0x0000,0x0000,0x0000,0x0000,0x0000,0x0000,0x0000,0x0000,0x0000,
  0x0000,0x0000,0x0000,0x0000,0x0000,0x0000,0x0000,0x0000,0x0000,0x0000,0x0000,0x0000,0x0000,0x0000,0x0000,0x0000,
  0x0000,0x0000,0x0000,0x0000,0xEBF1,0xEBF1,0xEBF1,0xEBF1,0x630C,0x630C,0x630C,0x630C,0x630C,0x630C,0x630C,0x630C,
  0x630C,0x630C,0x630C,0x630C,0x4229,0x4229,0x630C,0x630C,0x630C,0x630C,0x630C,0x630C,0x630C,0x630C,0x630C,0x630C,
  0x0000,0x0000,0xEBF1,0xEBF1,0x0000,0x0000,0x0000,0x0000,0x0000,0x0000,0x0000,0x0000,0x0000,0x0000,0x0000,0x0000,
  0x0000,0x0000,0x0000,0x0000,0x0000,0x0000,0x0000,0x0000,0x0000,0x0000,0x0000,0x0000,0x0000,0x0000,0x0000,0x0000,
  0x0000,0x0000,0x0000,0x0000,0x0000,0x0000,0x630C,0x630C,0x630C,0x630C,0x630C,0x630C,0x630C,0x630C,0x630C,0x630C,
  0x630C,0x630C,0x630C,0x630C,0x4229,0x4229,0x630C,0x630C,0x630C,0x630C,0x630C,0x630C,0x630C,0x630C,0x630C,0x630C,
  0x630C,0x630C,0x0000,0x0000,0x0000,0x0000,0x0000,0x0000,0x0000,0x0000,0x0000,0x0000,0x0000,0x0000,0x0000,0x0000,
  0x0000,0x0000,0x0000,0x0000,0x0000,0x0000,0x0000,0x0000,0x0000,0x0000,0x0000,0x0000,0x0000,0x0000,0x0000,0x0000,
  0x0000,0x0000,0x0000,0x0000,0x0000,0x0000,0x630C,0x630C,0x630C,0x630C,0x630C,0x630C,0x630C,0x630C,0x630C,0x630C,
  0x630C,0x630C,0x630C,0x630C,0x4229,0x4229,0x630C,0x630C,0x630C,0x630C,0x630C,0x630C,0x630C,0x630C,0x630C,0x630C,
  0x630C,0x630C,0x0000,0x0000,0x0000,0x0000,0x0000,0x0000,0x0000,0x0000,0x0000,0x0000,0x0000,0x0000,0x0000,0x0000,
  0x0000,0x0000,0x0000,0x0000,0x0000,0x0000,0x0000,0x0000,0x0000,0x0000,0x0000,0x0000,0x0000,0x0000,0x0000,0x0000,
  0x0000,0x0000,0x0000,0x0000,0x0000,0x0000,0x630C,0x630C,0x630C,0x630C,0x0000,0x0000,0x630C,0x630C,0x630C,0x630C,
  0x630C,0x630C,0x630C,0x630C,0x630C,0x630C,0x630C,0x630C,0x630C,0x630C,0x630C,0x630C,0x630C,0x630C,0x0000,0x0000,
  0x630C,0x630C,0x630C,0x630C,0x0000,0x0000,0x0000,0x0000,0x0000,0x0000,0x0000,0x0000,0x0000,0x0000,0x0000,0x0000,
  0x0000,0x0000,0x0000,0x0000,0x0000,0x0000,0x0000,0x0000,0x0000,0x0000,0x0000,0x0000,0x0000,0x0000,0x0000,0x0000,
  0x0000,0x0000,0x0000,0x0000,0x0000,0x0000,0x630C,0x630C,0x630C,0x630C,0x0000,0x0000,0x630C,0x630C,0x630C,0x630C,
  0x630C,0x630C,0x630C,0x630C,0x630C,0x630C,0x630C,0x630C,0x630C,0x630C,0x630C,0x630C,0x630C,0x630C,0x0000,0x0000,
  0x630C,0x630C,0x630C,0x630C,0x0000,0x0000,0x0000,0x0000,0x0000,0x0000,0x0000,0x0000,0x0000,0x0000,0x0000,0x0000,
  0x0000,0x0000,0x0000,0x0000,0x0000,0x0000,0x0000,0x0000,0x0000,0x0000,0x0000,0x0000,0x0000,0x0000,0x0000,0x0000,
  0x0000,0x0000,0x0000,0x0000,0x0000,0x0000,0x630C,0x630C,0x630C,0x630C,0x630C,0x630C,0x0000,0x0000,0x0000,0x0000,
  0x0000,0x0000,0x630C,0x630C,0x630C,0x630C,0x630C,0x630C,0x0000,0x0000,0x0000,0x0000,0x0000,0x0000,0x630C,0x630C,
  0x630C,0x630C,0x630C,0x630C,0x0000,0x0000,0x0000,0x0000,0x0000,0x0000,0x0000,0x0000,0x0000,0x0000,0x0000,0x0000,
  0x0000,0x0000,0x0000,0x0000,0x0000,0x0000,0x0000,0x0000,0x0000,0x0000,0x0000,0x0000,0x0000,0x0000,0x0000,0x0000,
  0x0000,0x0000,0x0000,0x0000,0x0000,0x0000,0x630C,0x630C,0x630C,0x630C,0x630C,0x630C,0x0000,0x0000,0x0000,0x0000,
  0x0000,0x0000,0x630C,0x630C,0x630C,0x630C,0x630C,0x630C,0x0000,0x0000,0x0000,0x0000,0x0000,0x0000,0x630C,0x630C,
  0x630C,0x630C,0x630C,0x630C,0x0000,0x0000,0x0000,0x0000,0x0000,0x0000,0x0000,0x0000,0x0000,0x0000,0x0000,0x0000,
  0x0000,0x0000,0x0000,0x0000,0x0000,0x0000,0x0000,0x0000,0x0000,0x0000,0x0000,0x0000,0x0000,0x0000,0x0000,0x0000,
  0xFFFF,0xFFFF,0xFFFF,0xFFFF,0x630C,0x630C,0x630C,0x630C,0x630C,0x630C,0x630C,0x630C,0x630C,0x630C,0x630C,0x630C,
  0xD6BA,0xD6BA,0xD6BA,0xD6BA,0xD6BA,0xD6BA,0xD6BA,0xD6BA,0xD6BA,0xD6BA,0x630C,0x630C,0x630C,0x630C,0x630C,0x630C,
  0x630C,0x630C,0x630C,0x630C,0xFFFF,0xFFFF,0xFFFF,0xFFFF,0xFFFF,0xFFFF,0x0000,0x0000,0x0000,0x0000,0x0000,0x0000,
  0x0000,0x0000,0x0000,0x0000,0x0000,0x0000,0x0000,0x0000,0x0000,0x0000,0x0000,0x0000,0x0000,0x0000,0x0000,0x0000,
  0xFFFF,0xFFFF,0xFFFF,0xFFFF,0x630C,0x630C,0x630C,0x630C,0x630C,0x630C,0x630C,0x630C,0x630C,0x630C,0x630C,0x630C,
  0xD6BA,0xD6BA,0xD6BA,0xD6BA,0xD6BA,0xD6BA,0xD6BA,0xD6BA,0xD6BA,0xD6BA,0x630C,0x630C,0x630C,0x630C,0x630C,0x630C,
  0x630C,0x630C,0x630C,0x630C,0xFFFF,0xFFFF,0xFFFF,0xFFFF,0xFFFF,0xFFFF,0x0000,0x0000,0x0000,0x0000,0x0000,0x0000,
  0x0000,0x0000,0x0000,0x0000,0x0000,0x0000,0x0000,0x0000,0x0000,0x0000,0x0000,0x0000,0x0000,0x0000,0x0000,0x0000,
  0x0000,0x0000,0x0000,0x0000,0xFFFF,0xFFFF,0xFFFF,0xFFFF,0x630C,0x630C,0x630C,0x630C,0x630C,0x630C,0xD6BA,0xD6BA,
  0xD6BA,0xD6BA,0xEBF1,0xEBF1,0xEBF1,0xEBF1,0xEBF1,0xEBF1,0xD6BA,0xD6BA,0xD6BA,0xD6BA,0x630C,0x630C,0x630C,0x630C,
  0xFFFF,0xFFFF,0xFFFF,0xFFFF,0xFFFF,0xFFFF,0x0000,0x0000,0x0000,0x0000,0x0000,0x0000,0x0000,0x0000,0x0000,0x0000,
  0x0000,0x0000,0x0000,0x0000,0x0000,0x0000,0x0000,0x0000,0x0000,0x0000,0x0000,0x0000,0x0000,0x0000,0x0000,0x0000,
  0x0000,0x0000,0x0000,0x0000,0xFFFF,0xFFFF,0xFFFF,0xFFFF,0x630C,0x630C,0x630C,0x630C,0x630C,0x630C,0xD6BA,0xD6BA,
  0xD6BA,0xD6BA,0xEBF1,0xEBF1,0xEBF1,0xEBF1,0xEBF1,0xEBF1,0xD6BA,0xD6BA,0xD6BA,0xD6BA,0x630C,0x630C,0x630C,0x630C,
  0xFFFF,0xFFFF,0xFFFF,0xFFFF,0xFFFF,0xFFFF,0x0000,0x0000,0x0000,0x0000,0x0000,0x0000,0x0000,0x0000,0x0000,0x0000,
  0x0000,0x0000,0x0000,0x0000,0x0000,0x0000,0x0000,0x0000,0x0000,0x0000,0x0000,0x0000,0x0000,0x0000,0x0000,0x0000,
  0x0000,0x0000,0x0000,0x0000,0x630C,0x630C,0x630C,0x630C,0x630C,0x630C,0x630C,0x630C,0xD6BA,0xD6BA,0xD6BA,0xD6BA,
  0xD6BA,0xD6BA,0xD6BA,0xD6BA,0x0000,0x0000,0xD6BA,0xD6BA,0xD6BA,0xD6BA,0xD6BA,0xD6BA,0xD6BA,0xD6BA,0x630C,0x630C,
  0x630C,0x630C,0x630C,0x630C,0x630C,0x630C,0x0000,0x0000,0x0000,0x0000,0x0000,0x0000,0x4229,0x4229,0x4229,0x4229,
  0x630C,0x630C,0x4229,0x4229,0x4229,0x4229,0x630C,0x630C,0x630C,0x630C,0x0000,0x0000,0x0000,0x0000,0x0000,0x0000,
  0x0000,0x0000,0x0000,0x0000,0x630C,0x630C,0x630C,0x630C,0x630C,0x630C,0x630C,0x630C,0xD6BA,0xD6BA,0xD6BA,0xD6BA,
  0xD6BA,0xD6BA,0xD6BA,0xD6BA,0x0000,0x0000,0xD6BA,0xD6BA,0xD6BA,0xD6BA,0xD6BA,0xD6BA,0xD6BA,0xD6BA,0x630C,0x630C,
  0x630C,0x630C,0x630C,0x630C,0x630C,0x630C,0x0000,0x0000,0x0000,0x0000,0x0000,0x0000,0x4229,0x4229,0x4229,0x4229,
  0x630C,0x630C,0x4229,0x4229,0x4229,0x4229,0x630C,0x630C,0x630C,0x630C,0x0000,0x0000,0x0000,0x0000,0x0000,0x0000,
  0x0000,0x0000,0xFFFF,0xFFFF,0xFFFF,0xFFFF,0xFFFF,0xFFFF,0x630C,0x630C,0xD6BA,0xD6BA,0xD6BA,0xD6BA,0xD6BA,0xD6BA,
  0xD6BA,0xD6BA,0x0000,0x0000,0xD6BA,0xD6BA,0x0000,0x0000,0xD6BA,0xD6BA,0xD6BA,0xD6BA,0xD6BA,0xD6BA,0xD6BA,0xD6BA,
  0xFFFF,0xFFFF,0xFFFF,0xFFFF,0xFFFF,0xFFFF,0x0000,0x0000,0x630C,0x630C,0x630C,0x630C,0x4229,0x4229,0x4229,0x4229,
  0x630C,0x630C,0x4229,0x4229,0x4229,0x4229,0x630C,0x630C,0x630C,0x630C,0x0000,0x0000,0x0000,0x0000,0x0000,0x0000,
  0x0000,0x0000,0xFFFF,0xFFFF,0xFFFF,0xFFFF,0xFFFF,0xFFFF,0x630C,0x630C,0xD6BA,0xD6BA,0xD6BA,0xD6BA,0xD6BA,0xD6BA,
  0xD6BA,0xD6BA,0x0000,0x0000,0xD6BA,0xD6BA,0x0000,0x0000,0xD6BA,0xD6BA,0xD6BA,0xD6BA,0xD6BA,0xD6BA,0xD6BA,0xD6BA,
  0xFFFF,0xFFFF,0xFFFF,0xFFFF,0xFFFF,0xFFFF,0x0000,0x0000,0x630C,0x630C,0x630C,0x630C,0x4229,0x4229,0x4229,0x4229,
  0x630C,0x630C,0x4229,0x4229,0x4229,0x4229,0x630C,0x630C,0x630C,0x630C,0x0000,0x0000,0x0000,0x0000,0x0000,0x0000,
  0x0000,0x0000,0x0000,0x0000,0x0000,0x0000,0x0000,0x0000,0xD6BA,0xD6BA,0xD6BA,0xD6BA,0xD6BA,0xD6BA,0xD6BA,0xD6BA,
  0xD6BA,0xD6BA,0xD6BA,0xD6BA,0xD6BA,0xD6BA,0xD6BA,0xD6BA,0xD6BA,0xD6BA,0xD6BA,0xD6BA,0xD6BA,0xD6BA,0xD6BA,0xD6BA,
  0xD6BA,0xD6BA,0x0000,0x0000,0x0000,0x0000,0x4229,0x4229,0x630C,0x630C,0x630C,0x630C,0x4229,0x4229,0x4229,0x4229,
  0x630C,0x630C,0x630C,0x630C,0x4229,0x4229,0x630C,0x630C,0x630C,0x630C,0x4229,0x4229,0x0000,0x0000,0x0000,0x0000,
  0x0000,0x0000,0x0000,0x0000,0x0000,0x0000,0x0000,0x0000,0xD6BA,0xD6BA,0xD6BA,0xD6BA,0xD6BA,0xD6BA,0xD6BA,0xD6BA,
  0xD6BA,0xD6BA,0xD6BA,0xD6BA,0xD6BA,0xD6BA,0xD6BA,0xD6BA,0xD6BA,0xD6BA,0xD6BA,0xD6BA,0xD6BA,0xD6BA,0xD6BA,0xD6BA,
  0xD6BA,0xD6BA,0x0000,0x0000,0x0000,0x0000,0x4229,0x4229,0x630C,0x630C,0x630C,0x630C,0x4229,0x4229,0x4229,0x4229,
  0x630C,0x630C,0x630C,0x630C,0x4229,0x4229,0x630C,0x630C,0x630C,0x630C,0x4229,0x4229,0x0000,0x0000,0x0000,0x0000,
  0x0000,0x0000,0x0000,0x0000,0x0000,0x0000,0x0000,0x0000,0xFFFF,0xFFFF,0xD6BA,0xD6BA,0xD6BA,0xD6BA,0xD6BA,0xD6BA,
  0xD6BA,0xD6BA,0xD6BA,0xD6BA,0xD6BA,0xD6BA,0xD6BA,0xD6BA,0xD6BA,0xD6BA,0xD6BA,0xD6BA,0xD6BA,0xD6BA,0xD6BA,0xD6BA,
  0xFFFF,0xFFFF,0x0000,0x0000,0x4229,0x4229,0x4229,0x4229,0x630C,0x630C,0x630C,0x630C,0x630C,0x630C,0x4229,0x4229,
  0x630C,0x630C,0x630C,0x630C,0x4229,0x4229,0x630C,0x630C,0x630C,0x630C,0x4229,0x4229,0x630C,0x630C,0x0000,0x0000,
  0x0000,0x0000,0x0000,0x0000,0x0000,0x0000,0x0000,0x0000,0xFFFF,0xFFFF,0xD6BA,0xD6BA,0xD6BA,0xD6BA,0xD6BA,0xD6BA,
  0xD6BA,0xD6BA,0xD6BA,0xD6BA,0xD6BA,0xD6BA,0xD6BA,0xD6BA,0xD6BA,0xD6BA,0xD6BA,0xD6BA,0xD6BA,0xD6BA,0xD6BA,0xD6BA,
  0xFFFF,0xFFFF,0x0000,0x0000,0x4229,0x4229,0x4229,0x4229,0x630C,0x630C,0x630C,0x630C,0x630C,0x630C,0x4229,0x4229,
  0x630C,0x630C,0x630C,0x630C,0x4229,0x4229,0x630C,0x630C,0x630C,0x630C,0x4229,0x4229,0x630C,0x630C,0x0000,0x0000,
  0x0000,0x0000,0x0000,0x0000,0x0000,0x0000,0xFFFF,0xFFFF,0x0000,0x0000,0x0000,0x0000,0x0000,0x0000,0x0000,0x0000,
  0xD6BA,0xD6BA,0xD6BA,0xD6BA,0xD6BA,0xD6BA,0xD6BA,0xD6BA,0xD6BA,0xD6BA,0x0000,0x0000,0x0000,0x0000,0x0000,0x0000,
  0x0000,0x0000,0xFFFF,0xFFFF,0x630C,0x630C,0x4229,0x4229,0x630C,0x630C,0x630C,0x630C,0x630C,0x630C,0x630C,0x630C,
  0x630C,0x630C,0x630C,0x630C,0x630C,0x630C,0x630C,0x630C,0x630C,0x630C,0x630C,0x630C,0x630C,0x630C,0x0000,0x0000,
  0x0000,0x0000,0x0000,0x0000,0x0000,0x0000,0xFFFF,0xFFFF,0x0000,0x0000,0x0000,0x0000,0x0000,0x0000,0x0000,0x0000,
  0xD6BA,0xD6BA,0xD6BA,0xD6BA,0xD6BA,0xD6BA,0xD6BA,0xD6BA,0xD6BA,0xD6BA,0x0000,0x0000,0x0000,0x0000,0x0000,0x0000,
  0x0000,0x0000,0xFFFF,0xFFFF,0x630C,0x630C,0x4229,0x4229,0x630C,0x630C,0x630C,0x630C,0x630C,0x630C,0x630C,0x630C,
  0x630C,0x630C,0x630C,0x630C,0x630C,0x630C,0x630C,0x630C,0x630C,0x630C,0x630C,0x630C,0x630C,0x630C,0x0000,0x0000,
  0x0000,0x0000,0x0000,0x0000,0x0000,0x0000,0x0000,0x0000,0x0000,0x0000,0x0000,0x0000,0x630C,0x630C,0x630C,0x630C,
  0x0000,0x0000,0x0000,0x0000,0x0000,0x0000,0x0000,0x0000,0x0000,0x0000,0x630C,0x630C,0x630C,0x630C,0x630C,0x630C,
  0x630C,0x630C,0x630C,0x630C,0x630C,0x630C,0x630C,0x630C,0x630C,0x630C,0x630C,0x630C,0x630C,0x630C,0x630C,0x630C,
  0x630C,0x630C,0x630C,0x630C,0x630C,0x630C,0x630C,0x630C,0x630C,0x630C,0x630C,0x630C,0x630C,0x630C,0x0000,0x0000,
  0x0000,0x0000,0x0000,0x0000,0x0000,0x0000,0x0000,0x0000,0x0000,0x0000,0x0000,0x0000,0x630C,0x630C,0x630C,0x630C,
  0x0000,0x0000,0x0000,0x0000,0x0000,0x0000,0x0000,0x0000,0x0000,0x0000,0x630C,0x630C,0x630C,0x630C,0x630C,0x630C,
  0x630C,0x630C,0x630C,0x630C,0x630C,0x630C,0x630C,0x630C,0x630C,0x630C,0x630C,0x630C,0x630C,0x630C,0x630C,0x630C,
  0x630C,0x630C,0x630C,0x630C,0x630C,0x630C,0x630C,0x630C,0x630C,0x630C,0x630C,0x630C,0x630C,0x630C,0x0000,0x0000,
  0x0000,0x0000,0x0000,0x0000,0x0000,0x0000,0x0000,0x0000,0x0000,0x0000,0x0000,0x0000,0x630C,0x630C,0x630C,0x630C,
  0xD6BA,0xD6BA,0xD6BA,0xD6BA,0xD6BA,0xD6BA,0xD6BA,0xD6BA,0xD6BA,0xD6BA,0x630C,0x630C,0x630C,0x630C,0x630C,0x630C,
  0x630C,0x630C,0x630C,0x630C,0x630C,0x630C,0x630C,0x630C,0x630C,0x630C,0x0000,0x0000,0x630C,0x630C,0x630C,0x630C,
  0x630C,0x630C,0x630C,0x630C,0x630C,0x630C,0x630C,0x630C,0x630C,0x630C,0x630C,0x630C,0x630C,0x630C,0x0000,0x0000,
  0x0000,0x0000,0x0000,0x0000,0x0000,0x0000,0x0000,0x0000,0x0000,0x0000,0x0000,0x0000,0x630C,0x630C,0x630C,0x630C,
  0xD6BA,0xD6BA,0xD6BA,0xD6BA,0xD6BA,0xD6BA,0xD6BA,0xD6BA,0xD6BA,0xD6BA,0x630C,0x630C,0x630C,0x630C,0x630C,0x630C,
  0x630C,0x630C,0x630C,0x630C,0x630C,0x630C,0x630C,0x630C,0x630C,0x630C,0x0000,0x0000,0x630C,0x630C,0x630C,0x630C,
  0x630C,0x630C,0x630C,0x630C,0x630C,0x630C,0x630C,0x630C,0x630C,0x630C,0x630C,0x630C,0x630C,0x630C,0x0000,0x0000,
  0x0000,0x0000,0x0000,0x0000,0x0000,0x0000,0x0000,0x0000,0x0000,0x0000,0x0000,0x0000,0x630C,0x630C,0x630C,0x630C,
  0xD6BA,0xD6BA,0xD6BA,0xD6BA,0xD6BA,0xD6BA,0xD6BA,0xD6BA,0xD6BA,0xD6BA,0x630C,0x630C,0x630C,0x630C,0x630C,0x630C,
  0x630C,0x630C,0x630C,0x630C,0x630C,0x630C,0x630C,0x630C,0x630C,0x630C,0x0000,0x0000,0x630C,0x630C,0x630C,0x630C,
  0x630C,0x630C,0x630C,0x630C,0x630C,0x630C,0x630C,0x630C,0x630C,0x630C,0x630C,0x630C,0x630C,0x630C,0x0000,0x0000,
  0x0000,0x0000,0x0000,0x0000,0x0000,0x0000,0x0000,0x0000,0x0000,0x0000,0x0000,0x0000,0x630C,0x630C,0x630C,0x630C,
  0xD6BA,0xD6BA,0xD6BA,0xD6BA,0xD6BA,0xD6BA,0xD6BA,0xD6BA,0xD6BA,0xD6BA,0x630C,0x630C,0x630C,0x630C,0x630C,0x630C,
  0x630C,0x630C,0x630C,0x630C,0x630C,0x630C,0x630C,0x630C,0x630C,0x630C,0x0000,0x0000,0x630C,0x630C,0x630C,0x630C,
  0x630C,0x630C,0x630C,0x630C,0x630C,0x630C,0x630C,0x630C,0x630C,0x630C,0x630C,0x630C,0x630C,0x630C,0x0000,0x0000,
  0x0000,0x0000,0x0000,0x0000,0x0000,0x0000,0x0000,0x0000,0x0000,0x0000,0x0000,0x0000,0x630C,0x630C,0x630C,0x630C,
  0xD6BA,0xD6BA,0xD6BA,0xD6BA,0xD6BA,0xD6BA,0xD6BA,0xD6BA,0xD6BA,0xD6BA,0x630C,0x630C,0x630C,0x630C,0x630C,0x630C,
  0x630C,0x630C,0x630C,0x630C,0x630C,0x630C,0x630C,0x630C,0x630C,0x630C,0x630C,0x630C,0x0000,0x0000,0x630C,0x630C,
  0x630C,0x630C,0x630C,0x630C,0x630C,0x630C,0x630C,0x630C,0x630C,0x630C,0x630C,0x630C,0x630C,0x630C,0x0000,0x0000,
  0x0000,0x0000,0x0000,0x0000,0x0000,0x0000,0x0000,0x0000,0x0000,0x0000,0x0000,0x0000,0x630C,0x630C,0x630C,0x630C,
  0xD6BA,0xD6BA,0xD6BA,0xD6BA,0xD6BA,0xD6BA,0xD6BA,0xD6BA,0xD6BA,0xD6BA,0x630C,0x630C,0x630C,0x630C,0x630C,0x630C,
  0x630C,0x630C,0x630C,0x630C,0x630C,0x630C,0x630C,0x630C,0x630C,0x630C,0x630C,0x630C,0x0000,0x0000,0x630C,0x630C,
  0x630C,0x630C,0x630C,0x630C,0x630C,0x630C,0x630C,0x630C,0x630C,0x630C,0x630C,0x630C,0x630C,0x630C,0x0000,0x0000,
  0x0000,0x0000,0x0000,0x0000,0x0000,0x0000,0x0000,0x0000,0x0000,0x0000,0x0000,0x0000,0x630C,0x630C,0x630C,0x630C,
  0x630C,0x630C,0xD6BA,0xD6BA,0xD6BA,0xD6BA,0xD6BA,0xD6BA,0x630C,0x630C,0x630C,0x630C,0x630C,0x630C,0x630C,0x630C,
  0x630C,0x630C,0x630C,0x630C,0x630C,0x630C,0x630C,0x630C,0x630C,0x630C,0x630C,0x630C,0x630C,0x630C,0x0000,0x0000,
  0x0000,0x0000,0x630C,0x630C,0x630C,0x630C,0x630C,0x630C,0x630C,0x630C,0x630C,0x630C,0x630C,0x630C,0x0000,0x0000,
  0x0000,0x0000,0x0000,0x0000,0x0000,0x0000,0x0000,0x0000,0x0000,0x0000,0x0000,0x0000,0x630C,0x630C,0x630C,0x630C,
  0x630C,0x630C,0xD6BA,0xD6BA,0xD6BA,0xD6BA,0xD6BA,0xD6BA,0x630C,0x630C,0x630C,0x630C,0x630C,0x630C,0x630C,0x630C,
  0x630C,0x630C,0x630C,0x630C,0x630C,0x630C,0x630C,0x630C,0x630C,0x630C,0x630C,0x630C,0x630C,0x630C,0x0000,0x0000,
  0x0000,0x0000,0x630C,0x630C,0x630C,0x630C,0x630C,0x630C,0x630C,0x630C,0x630C,0x630C,0x630C,0x630C,0x0000,0x0000,
  0x0000,0x0000,0x0000,0x0000,0x0000,0x0000,0x0000,0x0000,0x0000,0x0000,0x0000,0x0000,0x0000,0x0000,0x630C,0x630C,
  0x630C,0x630C,0xD6BA,0xD6BA,0xD6BA,0xD6BA,0xD6BA,0xD6BA,0x630C,0x630C,0x630C,0x630C,0x630C,0x630C,0x630C,0x630C,
  0x630C,0x630C,0x630C,0x630C,0x630C,0x630C,0x630C,0x630C,0x630C,0x630C,0x630C,0x630C,0x0000,0x0000,0x0000,0x0000,
  0x630C,0x630C,0x630C,0x630C,0x630C,0x630C,0x630C,0x630C,0x630C,0x630C,0x630C,0x630C,0x0000,0x0000,0x0000,0x0000,
  0x0000,0x0000,0x0000,0x0000,0x0000,0x0000,0x0000,0x0000,0x0000,0x0000,0x0000,0x0000,0x0000,0x0000,0x630C,0x630C,
  0x630C,0x630C,0xD6BA,0xD6BA,0xD6BA,0xD6BA,0xD6BA,0xD6BA,0x630C,0x630C,0x630C,0x630C,0x630C,0x630C,0x630C,0x630C,
  0x630C,0x630C,0x630C,0x630C,0x630C,0x630C,0x630C,0x630C,0x630C,0x630C,0x630C,0x630C,0x0000,0x0000,0x0000,0x0000,
  0x630C,0x630C,0x630C,0x630C,0x630C,0x630C,0x630C,0x630C,0x630C,0x630C,0x630C,0x630C,0x0000,0x0000,0x0000,0x0000,
  0x0000,0x0000,0x0000,0x0000,0x0000,0x0000,0x0000,0x0000,0x0000,0x0000,0x0000,0x0000,0x0000,0x0000,0x0000,0x0000,
  0x0000,0x0000,0x0000,0x0000,0xD6BA,0xD6BA,0xD6BA,0xD6BA,0x630C,0x630C,0x630C,0x630C,0x630C,0x630C,0x0000,0x0000,
  0x0000,0x0000,0x0000,0x0000,0x0000,0x0000,0x0000,0x0000,0x0000,0x0000,0x0000,0x0000,0x0000,0x0000,0x630C,0x630C,
  0x630C,0x630C,0x630C,0x630C,0x630C,0x630C,0x630C,0x630C,0x630C,0x630C,0x0000,0x0000,0x0000,0x0000,0x0000,0x0000,
  0x0000,0x0000,0x0000,0x0000,0x0000,0x0000,0x0000,0x0000,0x0000,0x0000,0x0000,0x0000,0x0000,0x0000,0x0000,0x0000,
  0x0000,0x0000,0x0000,0x0000,0xD6BA,0xD6BA,0xD6BA,0xD6BA,0x630C,0x630C,0x630C,0x630C,0x630C,0x630C,0x0000,0x0000,
  0x0000,0x0000,0x0000,0x0000,0x0000,0x0000,0x0000,0x0000,0x0000,0x0000,0x0000,0x0000,0x0000,0x0000,0x630C,0x630C,
  0x630C,0x630C,0x630C,0x630C,0x630C,0x630C,0x630C,0x630C,0x630C,0x630C,0x0000,0x0000,0x0000,0x0000,0x0000,0x0000,
};

// cat-sleep_3.png (64x64)
static const uint16_t cat_sleep_3[4096] PROGMEM = {
  0x0000,0x0000,0x0000,0x0000,0x0000,0x0000,0x0000,0x0000,0x0000,0x0000,0x0000,0x0000,0x0000,0x0000,0x0000,0x0000,
  0x0000,0x0000,0x0000,0x0000,0x0000,0x0000,0x0000,0x0000,0x0000,0x0000,0x0000,0x0000,0x0000,0x0000,0x0000,0x0000,
  0x0000,0x0000,0x0000,0x0000,0x0000,0x0000,0x0000,0x0000,0x0000,0x0000,0x0000,0x0000,0x0000,0x0000,0x0000,0x0000,
  0x0000,0x0000,0x0000,0x0000,0x0000,0x0000,0x0000,0x0000,0x0000,0x0000,0x0000,0x0000,0x0000,0x0000,0x0000,0x0000,
  0x0000,0x0000,0x0000,0x0000,0x0000,0x0000,0x0000,0x0000,0x0000,0x0000,0x0000,0x0000,0x0000,0x0000,0x0000,0x0000,
  0x0000,0x0000,0x0000,0x0000,0x0000,0x0000,0x0000,0x0000,0x0000,0x0000,0x0000,0x0000,0x0000,0x0000,0x0000,0x0000,
  0x0000,0x0000,0x0000,0x0000,0x0000,0x0000,0x0000,0x0000,0x0000,0x0000,0x0000,0x0000,0x0000,0x0000,0x0000,0x0000,
  0x0000,0x0000,0x0000,0x0000,0x0000,0x0000,0x0000,0x0000,0x0000,0x0000,0x0000,0x0000,0x0000,0x0000,0x0000,0x0000,
  0x0000,0x0000,0x0000,0x0000,0x0000,0x0000,0x0000,0x0000,0x0000,0x0000,0x0000,0x0000,0x0000,0x0000,0x0000,0x0000,
  0x0000,0x0000,0x0000,0x0000,0x0000,0x0000,0x0000,0x0000,0x0000,0x0000,0x0000,0x0000,0x0000,0x0000,0x0000,0x0000,
  0x0000,0x0000,0x0000,0x0000,0x0000,0x0000,0x0000,0x0000,0x0000,0x0000,0x0000,0x0000,0x0000,0x0000,0x0000,0x0000,
  0x0000,0x0000,0x0000,0x0000,0x0000,0x0000,0x0000,0x0000,0x0000,0x0000,0x0000,0x0000,0x0000,0x0000,0x0000,0x0000,
  0x0000,0x0000,0x0000,0x0000,0x0000,0x0000,0x0000,0x0000,0x0000,0x0000,0x0000,0x0000,0x0000,0x0000,0x0000,0x0000,
  0x0000,0x0000,0x0000,0x0000,0x0000,0x0000,0x0000,0x0000,0x0000,0x0000,0x0000,0x0000,0x0000,0x0000,0x0000,0x0000,
  0x0000,0x0000,0x0000,0x0000,0x0000,0x0000,0x0000,0x0000,0x0000,0x0000,0x0000,0x0000,0x0000,0x0000,0x0000,0x0000,
  0x0000,0x0000,0x0000,0x0000,0x0000,0x0000,0x0000,0x0000,0x0000,0x0000,0x0000,0x0000,0x0000,0x0000,0x0000,0x0000,
  0x0000,0x0000,0x0000,0x0000,0x0000,0x0000,0x0000,0x0000,0x0000,0x0000,0x0000,0x0000,0x0000,0x0000,0x0000,0x0000,
  0x0000,0x0000,0x0000,0x0000,0x0000,0x0000,0x0000,0x0000,0x0000,0x0000,0x0000,0x0000,0x0000,0x0000,0x0000,0x0000,
  0x0000,0x0000,0x0000,0x0000,0x0000,0x0000,0x0000,0x0000,0x0000,0x0000,0x0000,0x0000,0x0000,0x0000,0x0000,0x0000,
  0x0000,0x0000,0x0000,0x0000,0x0000,0x0000,0x0000,0x0000,0x0000,0x0000,0x0000,0x0000,0x0000,0x0000,0x0000,0x0000,
  0x0000,0x0000,0x0000,0x0000,0x0000,0x0000,0x0000,0x0000,0x0000,0x0000,0x0000,0x0000,0x0000,0x0000,0x0000,0x0000,
  0x0000,0x0000,0x0000,0x0000,0x0000,0x0000,0x0000,0x0000,0x0000,0x0000,0x0000,0x0000,0x0000,0x0000,0x0000,0x0000,
  0x0000,0x0000,0x0000,0x0000,0x0000,0x0000,0x0000,0x0000,0x0000,0x0000,0x0000,0x0000,0x0000,0x0000,0x0000,0x0000,
  0x0000,0x0000,0x0000,0x0000,0x0000,0x0000,0x0000,0x0000,0x0000,0x0000,0x0000,0x0000,0x0000,0x0000,0x0000,0x0000,
  0x0000,0x0000,0x0000,0x0000,0x0000,0x0000,0x0000,0x0000,0x0000,0x0000,0x0000,0x0000,0x0000,0x0000,0x0000,0x0000,
  0x0000,0x0000,0x0000,0x0000,0x0000,0x0000,0x0000,0x0000,0x0000,0x0000,0x0000,0x0000,0x0000,0x0000,0x0000,0x0000,
  0x0000,0x0000,0x0000,0x0000,0x0000,0x0000,0x0000,0x0000,0x0000,0x0000,0x0000,0x0000,0x0000,0x0000,0x0000,0x0000,
  0x0000,0x0000,0x0000,0x0000,0x0000,0x0000,0x0000,0x0000,0x0000,0x0000,0x0000,0x0000,0x0000,0x0000,0x0000,0x0000,
  0x0000,0x0000,0x0000,0x0000,0x0000,0x0000,0x0000,0x0000,0x0000,0x0000,0x0000,0x0000,0x0000,0x0000,0x0000,0x0000,
  0x0000,0x0000,0x0000,0x0000,0x0000,0x0000,0x0000,0x0000,0x0000,0x0000,0x0000,0x0000,0x0000,0x0000,0x0000,0x0000,
  0x0000,0x0000,0x0000,0x0000,0x0000,0x0000,0x0000,0x0000,0x0000,0x0000,0x0000,0x0000,0x0000,0x0000,0x0000,0x0000,
  0x0000,0x0000,0x0000,0x0000,0x0000,0x0000,0x0000,0x0000,0x0000,0x0000,0x0000,0x0000,0x0000,0x0000,0x0000,0x0000,
  0x0000,0x0000,0x0000,0x0000,0x0000,0x0000,0x0000,0x0000,0x0000,0x0000,0x0000,0x0000,0x0000,0x0000,0x0000,0x0000,
  0x0000,0x0000,0x0000,0x0000,0x0000,0x0000,0x0000,0x0000,0x0000,0x0000,0x0000,0x0000,0x0000,0x0000,0x0000,0x0000,
  0x0000,0x0000,0x0000,0x0000,0x0000,0x0000,0x0000,0x0000,0x0000,0x0000,0x0000,0x0000,0x0000,0x0000,0x0000,0x0000,
  0x0000,0x0000,0x0000,0x0000,0x0000,0x0000,0x0000,0x0000,0x0000,0x0000,0x0000,0x0000,0x0000,0x0000,0x0000,0x0000,
  0x0000,0x0000,0x0000,0x0000,0x0000,0x0000,0x0000,0x0000,0x0000,0x0000,0x0000,0x0000,0x0000,0x0000,0x0000,0x0000,
  0x0000,0x0000,0x0000,0x0000,0x0000,0x0000,0x0000,0x0000,0x0000,0x0000,0x0000,0x0000,0x0000,0x0000,0x0000,0x0000,
  0x0000,0x0000,0x0000,0x0000,0x0000,0x0000,0x0000,0x0000,0x0000,0x0000,0x0000,0x0000,0x0000,0x0000,0x0000,0x0000,
  0x0000,0x0000,0x0000,0x0000,0x0000,0x0000,0x0000,0x0000,0x0000,0x0000,0x0000,0x0000,0x0000,0x0000,0x0000,0x0000,
  0x0000,0x0000,0x0000,0x0000,0x0000,0x0000,0x0000,0x0000,0x0000,0x0000,0x0000,0x0000,0x0000,0x0000,0x0000,0x0000,
  0x0000,0x0000,0x0000,0x0000,0x0000,0x0000,0x0000,0x0000,0x0000,0x0000,0x0000,0x0000,0x0000,0x0000,0x0000,0x0000,
  0x0000,0x0000,0x0000,0x0000,0x0000,0x0000,0x0000,0x0000,0x0000,0x0000,0x0000,0x0000,0x0000,0x0000,0x0000,0x0000,
  0x0000,0x0000,0x0000,0x0000,0x0000,0x0000,0x0000,0x0000,0x0000,0x0000,0x0000,0x0000,0x0000,0x0000,0x0000,0x0000,
  0x0000,0x0000,0x0000,0x0000,0x0000,0x0000,0x0000,0x0000,0x0000,0x0000,0x0000,0x0000,0x0000,0x0000,0x0000,0x0000,
  0x0000,0x0000,0x0000,0x0000,0x0000,0x0000,0x0000,0x0000,0x0000,0x0000,0x0000,0x0000,0x0000,0x0000,0x0000,0x0000,
  0x0000,0x0000,0x0000,0x0000,0x0000,0x0000,0x0000,0x0000,0x0000,0x0000,0x0000,0x0000,0x0000,0x0000,0x0000,0x0000,
  0x0000,0x0000,0x0000,0x0000,0x0000,0x0000,0x0000,0x0000,0x0000,0x0000,0x0000,0x0000,0x0000,0x0000,0x0000,0x0000,
  0x0000,0x0000,0x0000,0x0000,0x0000,0x0000,0x0000,0x0000,0x0000,0x0000,0x0000,0x0000,0x0000,0x0000,0x0000,0x0000,
  0x0000,0x0000,0x0000,0x0000,0x0000,0x0000,0x0000,0x0000,0x0000,0x0000,0x0000,0x0000,0x0000,0x0000,0x0000,0x0000,
  0x0000,0x0000,0x0000,0x0000,0x0000,0x0000,0x0000,0x0000,0x0000,0x0000,0x0000,0x0000,0x0000,0x0000,0x0000,0x0000,
  0x0000,0x0000,0x0000,0x0000,0x0000,0x0000,0x0000,0x0000,0x0000,0x0000,0x0000,0x0000,0x0000,0x0000,0x0000,0x0000,
  0x0000,0x0000,0x0000,0x0000,0x0000,0x0000,0x0000,0x0000,0x0000,0x0000,0x0000,0x0000,0x0000,0x0000,0x0000,0x0000,
  0x0000,0x0000,0x0000,0x0000,0x0000,0x0000,0x0000,0x0000,0x0000,0x0000,0x0000,0x0000,0x0000,0x0000,0x0000,0x0000,
  0x0000,0x0000,0x0000,0x0000,0x0000,0x0000,0x0000,0x0000,0x0000,0x0000,0x0000,0x0000,0x0000,0x0000,0x0000,0x0000,
  0x0000,0x0000,0x0000,0x0000,0x0000,0x0000,0x0000,0x0000,0x0000,0x0000,0x0000,0x0000,0x0000,0x0000,0x0000,0x0000,
  0x0000,0x0000,0x0000,0x0000,0x0000,0x0000,0x0000,0x0000,0x0000,0x0000,0x0000,0x0000,0x0000,0x0000,0x0000,0x0000,
  0x0000,0x0000,0x0000,0x0000,0x0000,0x0000,0x64DF,0x64DF,0x64DF,0x64DF,0x64DF,0x64DF,0x64DF,0x64DF,0x64DF,0x64DF,
  0x0000,0x0000,0x0000,0x0000,0x0000,0x0000,0x0000,0x0000,0x0000,0x0000,0x0000,0x0000,0x0000,0x0000,0x0000,0x0000,
  0x0000,0x0000,0x0000,0x0000,0x0000,0x0000,0x0000,0x0000,0x0000,0x0000,0x0000,0x0000,0x0000,0x0000,0x0000,0x0000,
  0x0000,0x0000,0x0000,0x0000,0x0000,0x0000,0x0000,0x0000,0x0000,0x0000,0x0000,0x0000,0x0000,0x0000,0x0000,0x0000,
  0x0000,0x0000,0x0000,0x0000,0x0000,0x0000,0x64DF,0x64DF,0x64DF,0x64DF,0x64DF,0x64DF,0x64DF,0x64DF,0x64DF,0x64DF,
  0x0000,0x0000,0x0000,0x0000,0x0000,0x0000,0x0000,0x0000,0x0000,0x0000,0x0000,0x0000,0x0000,0x0000,0x0000,0x0000,
  0x0000,0x0000,0x0000,0x0000,0x0000,0x0000,0x0000,0x0000,0x0000,0x0000,0x0000,0x0000,0x0000,0x0000,0x0000,0x0000,
  0x0000,0x0000,0x0000,0x0000,0x0000,0x0000,0x0000,0x0000,0x0000,0x0000,0x0000,0x0000,0x0000,0x0000,0x0000,0x0000,
  0x0000,0x0000,0x64DF,0x64DF,0x64DF,0x64DF,0x64DF,0x64DF,0x64DF,0x64DF,0x64DF,0x64DF,0x64DF,0x64DF,0x64DF,0x64DF,
  0x64DF,0x64DF,0x0000,0x0000,0x0000,0x0000,0x0000,0x0000,0x0000,0x0000,0x0000,0x0000,0x0000,0x0000,0x0000,0x0000,
  0x0000,0x0000,0x0000,0x0000,0x0000,0x0000,0x0000,0x0000,0x0000,0x0000,0x0000,0x0000,0x0000,0x0000,0x0000,0x0000,
  0x0000,0x0000,0x0000,0x0000,0x0000,0x0000,0x0000,0x0000,0x0000,0x0000,0x0000,0x0000,0x0000,0x0000,0x0000,0x0000,
  0x0000,0x0000,0x64DF,0x64DF,0x64DF,0x64DF,0x64DF,0x64DF,0x64DF,0x64DF,0x64DF,0x64DF,0x64DF,0x64DF,0x64DF,0x64DF,
  0x64DF,0x64DF,0x0000,0x0000,0x0000,0x0000,0x0000,0x0000,0x0000,0x0000,0x0000,0x0000,0x0000,0x0000,0x0000,0x0000,
  0x0000,0x0000,0x0000,0x0000,0x0000,0x0000,0x0000,0x0000,0x0000,0x0000,0x0000,0x0000,0x0000,0x0000,0x0000,0x0000,
  0x0000,0x0000,0x0000,0x0000,0x0000,0x0000,0x630C,0x630C,0x630C,0x630C,0x0000,0x0000,0x0000,0x0000,0x0000,0x0000,
  0x64DF,0x64DF,0x64DF,0x64DF,0x64DF,0x64DF,0x64DF,0x64DF,0x64DF,0x64DF,0x64DF,0x64DF,0x64DF,0x64DF,0x3B9A,0x3B9A,
  0x64DF,0x64DF,0x64DF,0x64DF,0x0000,0x0000,0x0000,0x0000,0x0000,0x0000,0x0000,0x0000,0x0000,0x0000,0x0000,0x0000,
  0x0000,0x0000,0x0000,0x0000,0x0000,0x0000,0x0000,0x0000,0x0000,0x0000,0x0000,0x0000,0x0000,0x0000,0x0000,0x0000,
  0x0000,0x0000,0x0000,0x0000,0x0000,0x0000,0x630C,0x630C,0x630C,0x630C,0x0000,0x0000,0x0000,0x0000,0x0000,0x0000,
  0x64DF,0x64DF,0x64DF,0x64DF,0x64DF,0x64DF,0x64DF,0x64DF,0x64DF,0x64DF,0x64DF,0x64DF,0x64DF,0x64DF,0x3B9A,0x3B9A,
  0x64DF,0x64DF,0x64DF,0x64DF,0x0000,0x0000,0x0000,0x0000,0x0000,0x0000,0x0000,0x0000,0x0000,0x0000,0x0000,0x0000,
  0x0000,0x0000,0x0000,0x0000,0x0000,0x0000,0x0000,0x0000,0x0000,0x0000,0x0000,0x0000,0x0000,0x0000,0x0000,0x0000,
  0x0000,0x0000,0x0000,0x0000,0xEBF1,0xEBF1,0x0000,0x0000,0x630C,0x630C,0x630C,0x630C,0x0000,0x0000,0x64DF,0x64DF,
  0x64DF,0x64DF,0x64DF,0x64DF,0x64DF,0x64DF,0x64DF,0x64DF,0x64DF,0x64DF,0x3B9A,0x3B9A,0x3B9A,0x3B9A,0x0000,0x0000,
  0x3B9A,0x3B9A,0x64DF,0x64DF,0x64DF,0x64DF,0x0000,0x0000,0x0000,0x0000,0x0000,0x0000,0x0000,0x0000,0x0000,0x0000,
  0x0000,0x0000,0x0000,0x0000,0x0000,0x0000,0x0000,0x0000,0x0000,0x0000,0x0000,0x0000,0x0000,0x0000,0x0000,0x0000,
  0x0000,0x0000,0x0000,0x0000,0xEBF1,0xEBF1,0x0000,0x0000,0x630C,0x630C,0x630C,0x630C,0x0000,0x0000,0x64DF,0x64DF,
  0x64DF,0x64DF,0x64DF,0x64DF,0x64DF,0x64DF,0x64DF,0x64DF,0x64DF,0x64DF,0x3B9A,0x3B9A,0x3B9A,0x3B9A,0x0000,0x0000,
  0x3B9A,0x3B9A,0x64DF,0x64DF,0x64DF,0x64DF,0x0000,0x0000,0x0000,0x0000,0x0000,0x0000,0x0000,0x0000,0x0000,0x0000,
  0x0000,0x0000,0x0000,0x0000,0x0000,0x0000,0x0000,0x0000,0x0000,0x0000,0x0000,0x0000,0x0000,0x0000,0x0000,0x0000,
  0x0000,0x0000,0x0000,0x0000,0xEBF1,0xEBF1,0x0000,0x0000,0x630C,0x630C,0x630C,0x630C,0x0000,0x0000,0x0000,0x0000,
  0x0000,0x0000,0x0000,0x0000,0x0000,0x0000,0x0000,0x0000,0x0000,0x0000,0x0000,0x0000,0x0000,0x0000,0x630C,0x630C,
  0x0000,0x0000,0x3B9A,0x3B9A,0x64DF,0x64DF,0x0000,0x0000,0x0000,0x0000,0x0000,0x0000,0x0000,0x0000,0x0000,0x0000,
  0x0000,0x0000,0x0000,0x0000,0x0000,0x0000,0x0000,0x0000,0x0000,0x0000,0x0000,0x0000,0x0000,0x0000,0x0000,0x0000,
  0x0000,0x0000,0x0000,0x0000,0xEBF1,0xEBF1,0x0000,0x0000,0x630C,0x630C,0x630C,0x630C,0x0000,0x0000,0x0000,0x0000,
  0x0000,0x0000,0x0000,0x0000,0x0000,0x0000,0x0000,0x0000,0x0000,0x0000,0x0000,0x0000,0x0000,0x0000,0x630C,0x630C,
  0x0000,0x0000,0x3B9A,0x3B9A,0x64DF,0x64DF,0x0000,0x0000,0x0000,0x0000,0x0000,0x0000,0x0000,0x0000,0x0000,0x0000,
  0x0000,0x0000,0x0000,0x0000,0x0000,0x0000,0x0000,0x0000,0x0000,0x0000,0x0000,0x0000,0x0000,0x0000,0x0000,0x0000,
  0x0000,0x0000,0x0000,0x0000,0xEBF1,0xEBF1,0xEBF1,0xEBF1,0x0000,0x0000,0x630C,0x630C,0x630C,0x630C,0x4229,0x4229,
  0x630C,0x630C,0x4229,0x4229,0x4229,0x4229,0x4229,0x4229,0x630C,0x630C,0x4229,0x4229,0x630C,0x630C,0x630C,0x630C,
  0x630C,0x630C,0x0000,0x0000,0x3B9A,0x3B9A,0x0000,0x0000,0x0000,0x0000,0x0000,0x0000,0x0000,0x0000,0x0000,0x0000,
  0x0000,0x0000,0x0000,0x0000,0x0000,0x0000,0x0000,0x0000,0x0000,0x0000,0x0000,0x0000,0x0000,0x0000,0x0000,0x0000,
  0x0000,0x0000,0x0000,0x0000,0xEBF1,0xEBF1,0xEBF1,0xEBF1,0x0000,0x0000,0x630C,0x630C,0x630C,0x630C,0x4229,0x4229,
  0x630C,0x630C,0x4229,0x4229,0x4229,0x4229,0x4229,0x4229,0x630C,0x630C,0x4229,0x4229,0x630C,0x630C,0x630C,0x630C,
  0x630C,0x630C,0x0000,0x0000,0x3B9A,0x3B9A,0x0000,0x0000,0x0000,0x0000,0x0000,0x0000,0x0000,0x0000,0x0000,0x0000,
  0x0000,0x0000,0x0000,0x0000,0x0000,0x0000,0x0000,0x0000,0x0000,0x0000,0x0000,0x0000,0x0000,0x0000,0x0000,0x0000,
  0x0000,0x0000,0x0000,0x0000,0xEBF1,0xEBF1,0xEBF1,0xEBF1,0x0000,0x0000,0x630C,0x630C,0x630C,0x630C,0x4229,0x4229,
  0x630C,0x630C,0x4229,0x4229,0x4229,0x4229,0x4229,0x4229,0x630C,0x630C,0x4229,0x4229,0x630C,0x630C,0x630C,0x630C,
  0xEBF1,0xEBF1,0xEBF1,0xEBF1,0x0000,0x0000,0x0000,0x0000,0x0000,0x0000,0x0000,0x0000,0x0000,0x0000,0x0000,0x0000,
  0x0000,0x0000,0x0000,0x0000,0x0000,0x0000,0x0000,0x0000,0x0000,0x0000,0x0000,0x0000,0x0000,0x0000,0x0000,0x0000,
  0x0000,0x0000,0x0000,0x0000,0xEBF1,0xEBF1,0xEBF1,0xEBF1,0x0000,0x0000,0x630C,0x630C,0x630C,0x630C,0x4229,0x4229,
  0x630C,0x630C,0x4229,0x4229,0x4229,0x4229,0x4229,0x4229,0x630C,0x630C,0x4229,0x4229,0x630C,0x630C,0x630C,0x630C,
  0xEBF1,0xEBF1,0xEBF1,0xEBF1,0x0000,0x0000,0x0000,0x0000,0x0000,0x0000,0x0000,0x0000,0x0000,0x0000,0x0000,0x0000,
  0x0000,0x0000,0x0000,0x0000,0x0000,0x0000,0x0000,0x0000,0x0000,0x0000,0x0000,0x0000,0x0000,0x0000,0x0000,0x0000,
  0x0000,0x0000,0x0000,0x0000,0xEBF1,0xEBF1,0xEBF1,0xEBF1,0x630C,0x630C,0x630C,0x630C,0x630C,0x630C,0x630C,0x630C,
  0x630C,0x630C,0x630C,0x630C,0x4229,0x4229,0x630C,0x630C,0x630C,0x630C,0x630C,0x630C,0x630C,0x630C,0x630C,0x630C,
  0x0000,0x0000,0xEBF1,0xEBF1,0x0000,0x0000,0x0000,0x0000,0x0000,0x0000,0x0000,0x0000,0x0000,0x0000,0x0000,0x0000,
  0x0000,0x0000,0x0000,0x0000,0x0000,0x0000,0x0000,0x0000,0x0000,0x0000,0x0000,0x0000,0x0000,0x0000,0x0000,0x0000,
  0x0000,0x0000,0x0000,0x0000,0xEBF1,0xEBF1,0xEBF1,0xEBF1,0x630C,0x630C,0x630C,0x630C,0x630C,0x630C,0x630C,0x630C,
  0x630C,0x630C,0x630C,0x630C,0x4229,0x4229,0x630C,0x630C,0x630C,0x630C,0x630C,0x630C,0x630C,0x630C,0x630C,0x630C,
  0x0000,0x0000,0xEBF1,0xEBF1,0x0000,0x0000,0x0000,0x0000,0x0000,0x0000,0x0000,0x0000,0x0000,0x0000,0x0000,0x0000,
  0x0000,0x0000,0x0000,0x0000,0x0000,0x0000,0x0000,0x0000,0x0000,0x0000,0x0000,0x0000,0x0000,0x0000,0x0000,0x0000,
  0x0000,0x0000,0x0000,0x0000,0x0000,0x0000,0x630C,0x630C,0x630C,0x630C,0x630C,0x630C,0x630C,0x630C,0x630C,0x630C,
  0x630C,0x630C,0x630C,0x630C,0x4229,0x4229,0x630C,0x630C,0x630C,0x630C,0x630C,0x630C,0x630C,0x630C,0x630C,0x630C,
  0x630C,0x630C,0x0000,0x0000,0x0000,0x0000,0x0000,0x0000,0x0000,0x0000,0x0000,0x0000,0x0000,0x0000,0x0000,0x0000,
  0x0000,0x0000,0x0000,0x0000,0x0000,0x0000,0x0000,0x0000,0x0000,0x0000,0x0000,0x0000,0x0000,0x0000,0x0000,0x0000,
  0x0000,0x0000,0x0000,0x0000,0x0000,0x0000,0x630C,0x630C,0x630C,0x630C,0x630C,0x630C,0x630C,0x630C,0x630C,0x630C,
  0x630C,0x630C,0x630C,0x630C,0x4229,0x4229,0x630C,0x630C,0x630C,0x630C,0x630C,0x630C,0x630C,0x630C,0x630C,0x630C,
  0x630C,0x630C,0x0000,0x0000,0x0000,0x0000,0x0000,0x0000,0x0000,0x0000,0x0000,0x0000,0x0000,0x0000,0x0000,0x0000,
  0x0000,0x0000,0x0000,0x0000,0x0000,0x0000,0x0000,0x0000,0x0000,0x0000,0x0000,0x0000,0x0000,0x0000,0x0000,0x0000,
  0x0000,0x0000,0x0000,0x0000,0x0000,0x0000,0x630C,0x630C,0x630C,0x630C,0x0000,0x0000,0x630C,0x630C,0x630C,0x630C,
  0x630C,0x630C,0x630C,0x630C,0x630C,0x630C,0x630C,0x630C,0x630C,0x630C,0x630C,0x630C,0x630C,0x630C,0x0000,0x0000,
  0x630C,0x630C,0x630C,0x630C,0x0000,0x0000,0x0000,0x0000,0x0000,0x0000,0x0000,0x0000,0x0000,0x0000,0x0000,0x0000,
  0x0000,0x0000,0x0000,0x0000,0x0000,0x0000,0x0000,0x0000,0x0000,0x0000,0x0000,0x0000,0x0000,0x0000,0x0000,0x0000,
  0x0000,0x0000,0x0000,0x0000,0x0000,0x0000,0x630C,0x630C,0x630C,0x630C,0x0000,0x0000,0x630C,0x630C,0x630C,0x630C,
  0x630C,0x630C,0x630C,0x630C,0x630C,0x630C,0x630C,0x630C,0x630C,0x630C,0x630C,0x630C,0x630C,0x630C,0x0000,0x0000,
  0x630C,0x630C,0x630C,0x630C,0x0000,0x0000,0x0000,0x0000,0x0000,0x0000,0x0000,0x0000,0x0000,0x0000,0x0000,0x0000,
  0x0000,0x0000,0x0000,0x0000,0x0000,0x0000,0x0000,0x0000,0x0000,0x0000,0x0000,0x0000,0x0000,0x0000,0x0000,0x0000,
  0x0000,0x0000,0x0000,0x0000,0x0000,0x0000,0x630C,0x630C,0x630C,0x630C,0x630C,0x630C,0x0000,0x0000,0x0000,0x0000,
  0x0000,0x0000,0x630C,0x630C,0x630C,0x630C,0x630C,0x630C,0x0000,0x0000,0x0000,0x0000,0x0000,0x0000,0x630C,0x630C,
  0x630C,0x630C,0x630C,0x630C,0x0000,0x0000,0x0000,0x0000,0x0000,0x0000,0x0000,0x0000,0x0000,0x0000,0x0000,0x0000,
  0x0000,0x0000,0x0000,0x0000,0x0000,0x0000,0x0000,0x0000,0x0000,0x0000,0x0000,0x0000,0x0000,0x0000,0x0000,0x0000,
  0x0000,0x0000,0x0000,0x0000,0x0000,0x0000,0x630C,0x630C,0x630C,0x630C,0x630C,0x630C,0x0000,0x0000,0x0000,0x0000,
  0x0000,0x0000,0x630C,0x630C,0x630C,0x630C,0x630C,0x630C,0x0000,0x0000,0x0000,0x0000,0x0000,0x0000,0x630C,0x630C,
  0x630C,0x630C,0x630C,0x630C,0x0000,0x0000,0x0000,0x0000,0x0000,0x0000,0x0000,0x0000,0x0000,0x0000,0x0000,0x0000,
  0x0000,0x0000,0x0000,0x0000,0x0000,0x0000,0x0000,0x0000,0x0000,0x0000,0x0000,0x0000,0x0000,0x0000,0x0000,0x0000,
  0xFFFF,0xFFFF,0xFFFF,0xFFFF,0x630C,0x630C,0x630C,0x630C,0x630C,0x630C,0x630C,0x630C,0x630C,0x630C,0x630C,0x630C,
  0xD6BA,0xD6BA,0xD6BA,0xD6BA,0xD6BA,0xD6BA,0xD6BA,0xD6BA,0xD6BA,0xD6BA,0x630C,0x630C,0x630C,0x630C,0x630C,0x630C,
  0x630C,0x630C,0x630C,0x630C,0xFFFF,0xFFFF,0xFFFF,0xFFFF,0xFFFF,0xFFFF,0x0000,0x0000,0x0000,0x0000,0x0000,0x0000,
  0x0000,0x0000,0x0000,0x0000,0x0000,0x0000,0x0000,0x0000,0x0000,0x0000,0x0000,0x0000,0x0000,0x0000,0x0000,0x0000,
  0xFFFF,0xFFFF,0xFFFF,0xFFFF,0x630C,0x630C,0x630C,0x630C,0x630C,0x630C,0x630C,0x630C,0x630C,0x630C,0x630C,0x630C,
  0xD6BA,0xD6BA,0xD6BA,0xD6BA,0xD6BA,0xD6BA,0xD6BA,0xD6BA,0xD6BA,0xD6BA,0x630C,0x630C,0x630C,0x630C,0x630C,0x630C,
  0x630C,0x630C,0x630C,0x630C,0xFFFF,0xFFFF,0xFFFF,0xFFFF,0xFFFF,0xFFFF,0x0000,0x0000,0x0000,0x0000,0x0000,0x0000,
  0x0000,0x0000,0x0000,0x0000,0x0000,0x0000,0x0000,0x0000,0x0000,0x0000,0x0000,0x0000,0x0000,0x0000,0x0000,0x0000,
  0x0000,0x0000,0x0000,0x0000,0xFFFF,0xFFFF,0xFFFF,0xFFFF,0x630C,0x630C,0x630C,0x630C,0x630C,0x630C,0xD6BA,0xD6BA,
  0xD6BA,0xD6BA,0xEBF1,0xEBF1,0xEBF1,0xEBF1,0xEBF1,0xEBF1,0xD6BA,0xD6BA,0xD6BA,0xD6BA,0x630C,0x630C,0x630C,0x630C,
  0xFFFF,0xFFFF,0xFFFF,0xFFFF,0xFFFF,0xFFFF,0x0000,0x0000,0x0000,0x0000,0x0000,0x0000,0x0000,0x0000,0x0000,0x0000,
  0x0000,0x0000,0x0000,0x0000,0x0000,0x0000,0x0000,0x0000,0x0000,0x0000,0x0000,0x0000,0x0000,0x0000,0x0000,0x0000,
  0x0000,0x0000,0x0000,0x0000,0xFFFF,0xFFFF,0xFFFF,0xFFFF,0x630C,0x630C,0x630C,0x630C,0x630C,0x630C,0xD6BA,0xD6BA,
  0xD6BA,0xD6BA,0xEBF1,0xEBF1,0xEBF1,0xEBF1,0xEBF1,0xEBF1,0xD6BA,0xD6BA,0xD6BA,0xD6BA,0x630C,0x630C,0x630C,0x630C,
  0xFFFF,0xFFFF,0xFFFF,0xFFFF,0xFFFF,0xFFFF,0x0000,0x0000,0x0000,0x0000,0x0000,0x0000,0x0000,0x0000,0x0000,0x0000,
  0x0000,0x0000,0x0000,0x0000,0x0000,0x0000,0x0000,0x0000,0x0000,0x0000,0x0000,0x0000,0x0000,0x0000,0x0000,0x0000,
  0x0000,0x0000,0x0000,0x0000,0x630C,0x630C,0x630C,0x630C,0x630C,0x630C,0x630C,0x630C,0xD6BA,0xD6BA,0xD6BA,0xD6BA,
  0xD6BA,0xD6BA,0xD6BA,0xD6BA,0x0000,0x0000,0xD6BA,0xD6BA,0xD6BA,0xD6BA,0xD6BA,0xD6BA,0xD6BA,0xD6BA,0x630C,0x630C,
  0x630C,0x630C,0x630C,0x630C,0x630C,0x630C,0x0000,0x0000,0x0000,0x0000,0x0000,0x0000,0x0000,0x0000,0x0000,0x0000,
  0x0000,0x0000,0x0000,0x0000,0x0000,0x0000,0x0000,0x0000,0x0000,0x0000,0x0000,0x0000,0x0000,0x0000,0x0000,0x0000,
  0x0000,0x0000,0x0000,0x0000,0x630C,0x630C,0x630C,0x630C,0x630C,0x630C,0x630C,0x630C,0xD6BA,0xD6BA,0xD6BA,0xD6BA,
  0xD6BA,0xD6BA,0xD6BA,0xD6BA,0x0000,0x0000,0xD6BA,0xD6BA,0xD6BA,0xD6BA,0xD6BA,0xD6BA,0xD6BA,0xD6BA,0x630C,0x630C,
  0x630C,0x630C,0x630C,0x630C,0x630C,0x630C,0x0000,0x0000,0x0000,0x0000,0x0000,0x0000,0x0000,0x0000,0x0000,0x0000,
  0x0000,0x0000,0x0000,0x0000,0x0000,0x0000,0x0000,0x0000,0x0000,0x0000,0x0000,0x0000,0x0000,0x0000,0x0000,0x0000,
  0x0000,0x0000,0xFFFF,0xFFFF,0xFFFF,0xFFFF,0xFFFF,0xFFFF,0x630C,0x630C,0xD6BA,0xD6BA,0xD6BA,0xD6BA,0xD6BA,0xD6BA,
  0xD6BA,0xD6BA,0x0000,0x0000,0xD6BA,0xD6BA,0x0000,0x0000,0xD6BA,0xD6BA,0xD6BA,0xD6BA,0xD6BA,0xD6BA,0xD6BA,0xD6BA,
  0xFFFF,0xFFFF,0xFFFF,0xFFFF,0xFFFF,0xFFFF,0x0000,0x0000,0x0000,0x0000,0x0000,0x0000,0x4229,0x4229,0x4229,0x4229,
  0x630C,0x630C,0x4229,0x4229,0x4229,0x4229,0x630C,0x630C,0x630C,0x630C,0x0000,0x0000,0x0000,0x0000,0x0000,0x0000,
  0x0000,0x0000,0xFFFF,0xFFFF,0xFFFF,0xFFFF,0xFFFF,0xFFFF,0x630C,0x630C,0xD6BA,0xD6BA,0xD6BA,0xD6BA,0xD6BA,0xD6BA,
  0xD6BA,0xD6BA,0x0000,0x0000,0xD6BA,0xD6BA,0x0000,0x0000,0xD6BA,0xD6BA,0xD6BA,0xD6BA,0xD6BA,0xD6BA,0xD6BA,0xD6BA,
  0xFFFF,0xFFFF,0xFFFF,0xFFFF,0xFFFF,0xFFFF,0x0000,0x0000,0x0000,0x0000,0x0000,0x0000,0x4229,0x4229,0x4229,0x4229,
  0x630C,0x630C,0x4229,0x4229,0x4229,0x4229,0x630C,0x630C,0x630C,0x630C,0x0000,0x0000,0x0000,0x0000,0x0000,0x0000,
  0x0000,0x0000,0x0000,0x0000,0x0000,0x0000,0x0000,0x0000,0xD6BA,0xD6BA,0xD6BA,0xD6BA,0xD6BA,0xD6BA,0xD6BA,0xD6BA,
  0xD6BA,0xD6BA,0xD6BA,0xD6BA,0xD6BA,0xD6BA,0xD6BA,0xD6BA,0xD6BA,0xD6BA,0xD6BA,0xD6BA,0xD6BA,0xD6BA,0xD6BA,0xD6BA,
  0xD6BA,0xD6BA,0x0000,0x0000,0x0000,0x0000,0x4229,0x4229,0x630C,0x630C,0x630C,0x630C,0x4229,0x4229,0x4229,0x4229,
  0x630C,0x630C,0x4229,0x4229,0x4229,0x4229,0x630C,0x630C,0x630C,0x630C,0x4229,0x4229,0x0000,0x0000,0x0000,0x0000,
  0x0000,0x0000,0x0000,0x0000,0x0000,0x0000,0x0000,0x0000,0xD6BA,0xD6BA,0xD6BA,0xD6BA,0xD6BA,0xD6BA,0xD6BA,0xD6BA,
  0xD6BA,0xD6BA,0xD6BA,0xD6BA,0xD6BA,0xD6BA,0xD6BA,0xD6BA,0xD6BA,0xD6BA,0xD6BA,0xD6BA,0xD6BA,0xD6BA,0xD6BA,0xD6BA,
  0xD6BA,0xD6BA,0x0000,0x0000,0x0000,0x0000,0x4229,0x4229,0x630C,0x630C,0x630C,0x630C,0x4229,0x4229,0x4229,0x4229,
  0x630C,0x630C,0x4229,0x4229,0x4229,0x4229,0x630C,0x630C,0x630C,0x630C,0x4229,0x4229,0x0000,0x0000,0x0000,0x0000,
  0x0000,0x0000,0x0000,0x0000,0x0000,0x0000,0x0000,0x0000,0xFFFF,0xFFFF,0xD6BA,0xD6BA,0xD6BA,0xD6BA,0xD6BA,0xD6BA,
  0xD6BA,0xD6BA,0xD6BA,0xD6BA,0xD6BA,0xD6BA,0xD6BA,0xD6BA,0xD6BA,0xD6BA,0xD6BA,0xD6BA,0xD6BA,0xD6BA,0xD6BA,0xD6BA,
  0xFFFF,0xFFFF,0x0000,0x0000,0x4229,0x4229,0x4229,0x4229,0x630C,0x630C,0x630C,0x630C,0x4229,0x4229,0x4229,0x4229,
  0x630C,0x630C,0x630C,0x630C,0x4229,0x4229,0x630C,0x630C,0x630C,0x630C,0x4229,0x4229,0x630C,0x630C,0x0000,0x0000,
  0x0000,0x0000,0x0000,0x0000,0x0000,0x0000,0x0000,0x0000,0xFFFF,0xFFFF,0xD6BA,0xD6BA,0xD6BA,0xD6BA,0xD6BA,0xD6BA,
  0xD6BA,0xD6BA,0xD6BA,0xD6BA,0xD6BA,0xD6BA,0xD6BA,0xD6BA,0xD6BA,0xD6BA,0xD6BA,0xD6BA,0xD6BA,0xD6BA,0xD6BA,0xD6BA,
  0xFFFF,0xFFFF,0x0000,0x0000,0x4229,0x4229,0x4229,0x4229,0x630C,0x630C,0x630C,0x630C,0x4229,0x4229,0x4229,0x4229,
  0x630C,0x630C,0x630C,0x630C,0x4229,0x4229,0x630C,0x630C,0x630C,0x630C,0x4229,0x4229,0x630C,0x630C,0x0000,0x0000,
  0x0000,0x0000,0x0000,0x0000,0x0000,0x0000,0xFFFF,0xFFFF,0x0000,0x0000,0x0000,0x0000,0x0000,0x0000,0x0000,0x0000,
  0xD6BA,0xD6BA,0xD6BA,0xD6BA,0xD6BA,0xD6BA,0xD6BA,0xD6BA,0xD6BA,0xD6BA,0x0000,0x0000,0x0000,0x0000,0x0000,0x0000,
  0x0000,0x0000,0xFFFF,0xFFFF,0x630C,0x630C,0x4229,0x4229,0x630C,0x630C,0x630C,0x630C,0x630C,0x630C,0x4229,0x4229,
  0x630C,0x630C,0x630C,0x630C,0x630C,0x630C,0x630C,0x630C,0x630C,0x630C,0x4229,0x4229,0x630C,0x630C,0x0000,0x0000,
  0x0000,0x0000,0x0000,0x0000,0x0000,0x0000,0xFFFF,0xFFFF,0x0000,0x0000,0x0000,0x0000,0x0000,0x0000,0x0000,0x0000,
  0xD6BA,0xD6BA,0xD6BA,0xD6BA,0xD6BA,0xD6BA,0xD6BA,0xD6BA,0xD6BA,0xD6BA,0x0000,0x0000,0x0000,0x0000,0x0000,0x0000,
  0x0000,0x0000,0xFFFF,0xFFFF,0x630C,0x630C,0x4229,0x4229,0x630C,0x630C,0x630C,0x630C,0x630C,0x630C,0x4229,0x4229,
  0x630C,0x630C,0x630C,0x630C,0x630C,0x630C,0x630C,0x630C,0x630C,0x630C,0x4229,0x4229,0x630C,0x630C,0x0000,0x0000,
  0x0000,0x0000,0x0000,0x0000,0x0000,0x0000,0x0000,0x0000,0x0000,0x0000,0x0000,0x0000,0x630C,0x630C,0x630C,0x630C,
  0x0000,0x0000,0x0000,0x0000,0x0000,0x0000,0x0000,0x0000,0x0000,0x0000,0x630C,0x630C,0x630C,0x630C,0x630C,0x630C,
  0x630C,0x630C,0x630C,0x630C,0x630C,0x630C,0x630C,0x630C,0x630C,0x630C,0x630C,0x630C,0x630C,0x630C,0x630C,0x630C,
  0x630C,0x630C,0x630C,0x630C,0x630C,0x630C,0x630C,0x630C,0x630C,0x630C,0x630C,0x630C,0x630C,0x630C,0x0000,0x0000,
  0x0000,0x0000,0x0000,0x0000,0x0000,0x0000,0x0000,0x0000,0x0000,0x0000,0x0000,0x0000,0x630C,0x630C,0x630C,0x630C,
  0x0000,0x0000,0x0000,0x0000,0x0000,0x0000,0x0000,0x0000,0x0000,0x0000,0x630C,0x630C,0x630C,0x630C,0x630C,0x630C,
  0x630C,0x630C,0x630C,0x630C,0x630C,0x630C,0x630C,0x630C,0x630C,0x630C,0x630C,0x630C,0x630C,0x630C,0x630C,0x630C,
  0x630C,0x630C,0x630C,0x630C,0x630C,0x630C,0x630C,0x630C,0x630C,0x630C,0x630C,0x630C,0x630C,0x630C,0x0000,0x0000,
  0x0000,0x0000,0x0000,0x0000,0x0000,0x0000,0x0000,0x0000,0x0000,0x0000,0x0000,0x0000,0x630C,0x630C,0x630C,0x630C,
  0xD6BA,0xD6BA,0xD6BA,0xD6BA,0xD6BA,0xD6BA,0xD6BA,0xD6BA,0xD6BA,0xD6BA,0x630C,0x630C,0x630C,0x630C,0x630C,0x630C,
  0x630C,0x630C,0x630C,0x630C,0x630C,0x630C,0x630C,0x630C,0x630C,0x630C,0x0000,0x0000,0x630C,0x630C,0x630C,0x630C,
  0x630C,0x630C,0x630C,0x630C,0x630C,0x630C,0x630C,0x630C,0x630C,0x630C,0x630C,0x630C,0x630C,0x630C,0x0000,0x0000,
  0x0000,0x0000,0x0000,0x0000,0x0000,0x0000,0x0000,0x0000,0x0000,0x0000,0x0000,0x0000,0x630C,0x630C,0x630C,0x630C,
  0xD6BA,0xD6BA,0xD6BA,0xD6BA,0xD6BA,0xD6BA,0xD6BA,0xD6BA,0xD6BA,0xD6BA,0x630C,0x630C,0x630C,0x630C,0x630C,0x630C,
  0x630C,0x630C,0x630C,0x630C,0x630C,0x630C,0x630C,0x630C,0x630C,0x630C,0x0000,0x0000,0x630C,0x630C,0x630C,0x630C,
  0x630C,0x630C,0x630C,0x630C,0x630C,0x630C,0x630C,0x630C,0x630C,0x630C,0x630C,0x630C,0x630C,0x630C,0x0000,0x0000,
  0x0000,0x0000,0x0000,0x0000,0x0000,0x0000,0x0000,0x0000,0x0000,0x0000,0x0000,0x0000,0x630C,0x630C,0x630C,0x630C,
  0xD6BA,0xD6BA,0xD6BA,0xD6BA,0xD6BA,0xD6BA,0xD6BA,0xD6BA,0xD6BA,0xD6BA,0x630C,0x630C,0x630C,0x630C,0x630C,0x630C,
  0x630C,0x630C,0x630C,0x630C,0x630C,0x630C,0x630C,0x630C,0x630C,0x630C,0x0000,0x0000,0x630C,0x630C,0x630C,0x630C,
  0x630C,0x630C,0x630C,0x630C,0x630C,0x630C,0x630C,0x630C,0x630C,0x630C,0x630C,0x630C,0x630C,0x630C,0x0000,0x0000,
  0x0000,0x0000,0x0000,0x0000,0x0000,0x0000,0x0000,0x0000,0x0000,0x0000,0x0000,0x0000,0x630C,0x630C,0x630C,0x630C,
  0xD6BA,0xD6BA,0xD6BA,0xD6BA,0xD6BA,0xD6BA,0xD6BA,0xD6BA,0xD6BA,0xD6BA,0x630C,0x630C,0x630C,0x630C,0x630C,0x630C,
  0x630C,0x630C,0x630C,0x630C,0x630C,0x630C,0x630C,0x630C,0x630C,0x630C,0x0000,0x0000,0x630C,0x630C,0x630C,0x630C,
  0x630C,0x630C,0x630C,0x630C,0x630C,0x630C,0x630C,0x630C,0x630C,0x630C,0x630C,0x630C,0x630C,0x630C,0x0000,0x0000,
  0x0000,0x0000,0x0000,0x0000,0x0000,0x0000,0x0000,0x0000,0x0000,0x0000,0x0000,0x0000,0x630C,0x630C,0x630C,0x630C,
  0xD6BA,0xD6BA,0xD6BA,0xD6BA,0xD6BA,0xD6BA,0xD6BA,0xD6BA,0xD6BA,0xD6BA,0x630C,0x630C,0x630C,0x630C,0x630C,0x630C,
  0x630C,0x630C,0x630C,0x630C,0x630C,0x630C,0x630C,0x630C,0x630C,0x630C,0x630C,0x630C,0x0000,0x0000,0x630C,0x630C,
  0x630C,0x630C,0x630C,0x630C,0x630C,0x630C,0x630C,0x630C,0x630C,0x630C,0x630C,0x630C,0x630C,0x630C,0x0000,0x0000,
  0x0000,0x0000,0x0000,0x0000,0x0000,0x0000,0x0000,0x0000,0x0000,0x0000,0x0000,0x0000,0x630C,0x630C,0x630C,0x630C,
  0xD6BA,0xD6BA,0xD6BA,0xD6BA,0xD6BA,0xD6BA,0xD6BA,0xD6BA,0xD6BA,0xD6BA,0x630C,0x630C,0x630C,0x630C,0x630C,0x630C,
  0x630C,0x630C,0x630C,0x630C,0x630C,0x630C,0x630C,0x630C,0x630C,0x630C,0x630C,0x630C,0x0000,0x0000,0x630C,0x630C,
  0x630C,0x630C,0x630C,0x630C,0x630C,0x630C,0x630C,0x630C,0x630C,0x630C,0x630C,0x630C,0x630C,0x630C,0x0000,0x0000,
  0x0000,0x0000,0x0000,0x0000,0x0000,0x0000,0x0000,0x0000,0x0000,0x0000,0x0000,0x0000,0x630C,0x630C,0x630C,0x630C,
  0x630C,0x630C,0xD6BA,0xD6BA,0xD6BA,0xD6BA,0xD6BA,0xD6BA,0x630C,0x630C,0x630C,0x630C,0x630C,0x630C,0x630C,0x630C,
  0x630C,0x630C,0x630C,0x630C,0x630C,0x630C,0x630C,0x630C,0x630C,0x630C,0x630C,0x630C,0x630C,0x630C,0x0000,0x0000,
  0x0000,0x0000,0x630C,0x630C,0x630C,0x630C,0x630C,0x630C,0x630C,0x630C,0x630C,0x630C,0x630C,0x630C,0x0000,0x0000,
  0x0000,0x0000,0x0000,0x0000,0x0000,0x0000,0x0000,0x0000,0x0000,0x0000,0x0000,0x0000,0x630C,0x630C,0x630C,0x630C,
  0x630C,0x630C,0xD6BA,0xD6BA,0xD6BA,0xD6BA,0xD6BA,0xD6BA,0x630C,0x630C,0x630C,0x630C,0x630C,0x630C,0x630C,0x630C,
  0x630C,0x630C,0x630C,0x630C,0x630C,0x630C,0x630C,0x630C,0x630C,0x630C,0x630C,0x630C,0x630C,0x630C,0x0000,0x0000,
  0x0000,0x0000,0x630C,0x630C,0x630C,0x630C,0x630C,0x630C,0x630C,0x630C,0x630C,0x630C,0x630C,0x630C,0x0000,0x0000,
  0x0000,0x0000,0x0000,0x0000,0x0000,0x0000,0x0000,0x0000,0x0000,0x0000,0x0000,0x0000,0x0000,0x0000,0x630C,0x630C,
  0x630C,0x630C,0xD6BA,0xD6BA,0xD6BA,0xD6BA,0xD6BA,0xD6BA,0x630C,0x630C,0x630C,0x630C,0x630C,0x630C,0x630C,0x630C,
  0x630C,0x630C,0x630C,0x630C,0x630C,0x630C,0x630C,0x630C,0x630C,0x630C,0x630C,0x630C,0x0000,0x0000,0x0000,0x0000,
  0x630C,0x630C,0x630C,0x630C,0x630C,0x630C,0x630C,0x630C,0x630C,0x630C,0x630C,0x630C,0x0000,0x0000,0x0000,0x0000,
  0x0000,0x0000,0x0000,0x0000,0x0000,0x0000,0x0000,0x0000,0x0000,0x0000,0x0000,0x0000,0x0000,0x0000,0x630C,0x630C,
  0x630C,0x630C,0xD6BA,0xD6BA,0xD6BA,0xD6BA,0xD6BA,0xD6BA,0x630C,0x630C,0x630C,0x630C,0x630C,0x630C,0x630C,0x630C,
  0x630C,0x630C,0x630C,0x630C,0x630C,0x630C,0x630C,0x630C,0x630C,0x630C,0x630C,0x630C,0x0000,0x0000,0x0000,0x0000,
  0x630C,0x630C,0x630C,0x630C,0x630C,0x630C,0x630C,0x630C,0x630C,0x630C,0x630C,0x630C,0x0000,0x0000,0x0000,0x0000,
  0x0000,0x0000,0x0000,0x0000,0x0000,0x0000,0x0000,0x0000,0x0000,0x0000,0x0000,0x0000,0x0000,0x0000,0x0000,0x0000,
  0x0000,0x0000,0x0000,0x0000,0xD6BA,0xD6BA,0xD6BA,0xD6BA,0x630C,0x630C,0x630C,0x630C,0x630C,0x630C,0x0000,0x0000,
  0x0000,0x0000,0x0000,0x0000,0x0000,0x0000,0x0000,0x0000,0x0000,0x0000,0x0000,0x0000,0x0000,0x0000,0x630C,0x630C,
  0x630C,0x630C,0x630C,0x630C,0x630C,0x630C,0x630C,0x630C,0x630C,0x630C,0x0000,0x0000,0x0000,0x0000,0x0000,0x0000,
  0x0000,0x0000,0x0000,0x0000,0x0000,0x0000,0x0000,0x0000,0x0000,0x0000,0x0000,0x0000,0x0000,0x0000,0x0000,0x0000,
  0x0000,0x0000,0x0000,0x0000,0xD6BA,0xD6BA,0xD6BA,0xD6BA,0x630C,0x630C,0x630C,0x630C,0x630C,0x630C,0x0000,0x0000,
  0x0000,0x0000,0x0000,0x0000,0x0000,0x0000,0x0000,0x0000,0x0000,0x0000,0x0000,0x0000,0x0000,0x0000,0x630C,0x630C,
  0x630C,0x630C,0x630C,0x630C,0x630C,0x630C,0x630C,0x630C,0x630C,0x630C,0x0000,0x0000,0x0000,0x0000,0x0000,0x0000,
};

// cat-sleep_4.png (64x64)
static const uint16_t cat_sleep_4[4096] PROGMEM = {
  0x0000,0x0000,0x0000,0x0000,0x0000,0x0000,0x0000,0x0000,0x0000,0x0000,0x0000,0x0000,0x0000,0x0000,0x0000,0x0000,
  0x0000,0x0000,0x0000,0x0000,0x0000,0x0000,0x0000,0x0000,0x0000,0x0000,0x0000,0x0000,0x0000,0x0000,0x0000,0x0000,
  0x0000,0x0000,0x0000,0x0000,0x0000,0x0000,0x0000,0x0000,0x0000,0x0000,0x0000,0x0000,0x0000,0x0000,0x0000,0x0000,
  0x0000,0x0000,0x0000,0x0000,0x0000,0x0000,0x0000,0x0000,0x0000,0x0000,0x0000,0x0000,0x0000,0x0000,0x0000,0x0000,
  0x0000,0x0000,0x0000,0x0000,0x0000,0x0000,0x0000,0x0000,0x0000,0x0000,0x0000,0x0000,0x0000,0x0000,0x0000,0x0000,
  0x0000,0x0000,0x0000,0x0000,0x0000,0x0000,0x0000,0x0000,0x0000,0x0000,0x0000,0x0000,0x0000,0x0000,0x0000,0x0000,
  0x0000,0x0000,0x0000,0x0000,0x0000,0x0000,0x0000,0x0000,0x0000,0x0000,0x0000,0x0000,0x0000,0x0000,0x0000,0x0000,
  0x0000,0x0000,0x0000,0x0000,0x0000,0x0000,0x0000,0x0000,0x0000,0x0000,0x0000,0x0000,0x0000,0x0000,0x0000,0x0000,
  0x0000,0x0000,0x0000,0x0000,0x0000,0x0000,0x0000,0x0000,0x0000,0x0000,0x0000,0x0000,0x0000,0x0000,0x0000,0x0000,
  0x0000,0x0000,0x0000,0x0000,0x0000,0x0000,0x0000,0x0000,0x0000,0x0000,0x0000,0x0000,0x0000,0x0000,0x0000,0x0000,
  0x0000,0x0000,0x0000,0x0000,0x0000,0x0000,0x0000,0x0000,0x0000,0x0000,0x0000,0x0000,0x0000,0x0000,0x0000,0x0000,
  0x0000,0x0000,0x0000,0x0000,0x0000,0x0000,0x0000,0x0000,0x0000,0x0000,0x0000,0x0000,0x0000,0x0000,0x0000,0x0000,
  0x0000,0x0000,0x0000,0x0000,0x0000,0x0000,0x0000,0x0000,0x0000,0x0000,0x0000,0x0000,0x0000,0x0000,0x0000,0x0000,
  0x0000,0x0000,0x0000,0x0000,0x0000,0x0000,0x0000,0x0000,0x0000,0x0000,0x0000,0x0000,0x0000,0x0000,0x0000,0x0000,
  0x0000,0x0000,0x0000,0x0000,0x0000,0x0000,0x0000,0x0000,0x0000,0x0000,0x0000,0x0000,0x0000,0x0000,0x0000,0x0000,
  0x0000,0x0000,0x0000,0x0000,0x0000,0x0000,0x0000,0x0000,0x0000,0x0000,0x0000,0x0000,0x0000,0x0000,0x0000,0x0000,
  0x0000,0x0000,0x0000,0x0000,0x0000,0x0000,0x0000,0x0000,0x0000,0x0000,0x0000,0x0000,0x0000,0x0000,0x0000,0x0000,
  0x0000,0x0000,0x0000,0x0000,0x0000,0x0000,0x0000,0x0000,0x0000,0x0000,0x0000,0x0000,0x0000,0x0000,0x0000,0x0000,
  0x0000,0x0000,0x0000,0x0000,0x0000,0x0000,0x0000,0x0000,0x0000,0x0000,0x0000,0x0000,0x0000,0x0000,0x0000,0x0000,
  0x0000,0x0000,0x0000,0x0000,0x0000,0x0000,0x0000,0x0000,0x0000,0x0000,0x0000,0x0000,0x0000,0x0000,0x0000,0x0000,
  0x0000,0x0000,0x0000,0x0000,0x0000,0x0000,0x0000,0x0000,0x0000,0x0000,0x0000,0x0000,0x0000,0x0000,0x0000,0x0000,
  0x0000,0x0000,0x0000,0x0000,0x0000,0x0000,0x0000,0x0000,0x0000,0x0000,0x0000,0x0000,0x0000,0x0000,0x0000,0x0000,
  0x0000,0x0000,0x0000,0x0000,0x0000,0x0000,0x0000,0x0000,0x0000,0x0000,0x0000,0x0000,0x0000,0x0000,0x0000,0x0000,
  0x0000,0x0000,0x0000,0x0000,0x0000,0x0000,0x0000,0x0000,0x0000,0x0000,0x0000,0x0000,0x0000,0x0000,0x0000,0x0000,
  0x0000,0x0000,0x0000,0x0000,0x0000,0x0000,0x0000,0x0000,0x0000,0x0000,0x0000,0x0000,0x0000,0x0000,0x0000,0x0000,
  0x0000,0x0000,0x0000,0x0000,0x0000,0x0000,0x0000,0x0000,0x0000,0x0000,0x0000,0x0000,0x0000,0x0000,0x0000,0x0000,
  0x0000,0x0000,0x0000,0x0000,0x0000,0x0000,0x0000,0x0000,0x0000,0x0000,0x0000,0x0000,0x0000,0x0000,0x0000,0x0000,
  0x0000,0x0000,0x0000,0x0000,0x0000,0x0000,0x0000,0x0000,0x0000,0x0000,0x0000,0x0000,0x0000,0x0000,0x0000,0x0000,
  0x0000,0x0000,0x0000,0x0000,0x0000,0x0000,0x0000,0x0000,0x0000,0x0000,0x0000,0x0000,0x0000,0x0000,0x0000,0x0000,
  0x0000,0x0000,0x0000,0x0000,0x0000,0x0000,0x0000,0x0000,0x0000,0x0000,0x0000,0x0000,0x0000,0x0000,0x0000,0x0000,
  0x0000,0x0000,0x0000,0x0000,0x0000,0x0000,0x0000,0x0000,0x0000,0x0000,0x0000,0x0000,0x0000,0x0000,0x0000,0x0000,
  0x0000,0x0000,0x0000,0x0000,0x0000,0x0000,0x0000,0x0000,0x0000,0x0000,0x0000,0x0000,0x0000,0x0000,0x0000,0x0000,
  0x0000,0x0000,0x0000,0x0000,0x0000,0x0000,0x0000,0x0000,0x0000,0x0000,0x0000,0x0000,0x0000,0x0000,0x0000,0x0000,
  0x0000,0x0000,0x0000,0x0000,0x0000,0x0000,0x0000,0x0000,0x0000,0x0000,0x0000,0x0000,0x0000,0x0000,0x0000,0x0000,
  0x0000,0x0000,0x0000,0x0000,0x0000,0x0000,0x0000,0x0000,0x0000,0x0000,0x0000,0x0000,0x0000,0x0000,0x0000,0x0000,
  0x0000,0x0000,0x0000,0x0000,0x0000,0x0000,0x0000,0x0000,0x0000,0x0000,0x0000,0x0000,0x0000,0x0000,0x0000,0x0000,
  0x0000,0x0000,0x0000,0x0000,0x0000,0x0000,0x0000,0x0000,0x0000,0x0000,0x0000,0x0000,0x0000,0x0000,0x0000,0x0000,
  0x0000,0x0000,0x0000,0x0000,0x0000,0x0000,0x0000,0x0000,0x0000,0x0000,0x0000,0x0000,0x0000,0x0000,0x0000,0x0000,
  0x0000,0x0000,0x0000,0x0000,0x0000,0x0000,0x0000,0x0000,0x0000,0x0000,0x0000,0x0000,0x0000,0x0000,0x0000,0x0000,
  0x0000,0x0000,0x0000,0x0000,0x0000,0x0000,0x0000,0x0000,0x0000,0x0000,0x0000,0x0000,0x0000,0x0000,0x0000,0x0000,
  0x0000,0x0000,0x0000,0x0000,0x0000,0x0000,0x0000,0x0000,0x0000,0x0000,0x0000,0x0000,0x0000,0x0000,0x0000,0x0000,
  0x0000,0x0000,0x0000,0x0000,0x0000,0x0000,0x0000,0x0000,0x0000,0x0000,0x0000,0x0000,0x0000,0x0000,0x0000,0x0000,
  0x0000,0x0000,0x0000,0x0000,0x0000,0x0000,0x0000,0x0000,0x0000,0x0000,0x0000,0x0000,0x0000,0x0000,0x0000,0x0000,
  0x0000,0x0000,0x0000,0x0000,0x0000,0x0000,0x0000,0x0000,0x0000,0x0000,0x0000,0x0000,0x0000,0x0000,0x0000,0x0000,
  0x0000,0x0000,0x0000,0x0000,0x0000,0x0000,0x0000,0x0000,0x0000,0x0000,0x0000,0x0000,0x0000,0x0000,0x0000,0x0000,
  0x0000,0x0000,0x0000,0x0000,0x0000,0x0000,0x0000,0x0000,0x0000,0x0000,0x0000,0x0000,0x0000,0x0000,0x0000,0x0000,
  0x0000,0x0000,0x0000,0x0000,0x0000,0x0000,0x0000,0x0000,0x0000,0x0000,0x0000,0x0000,0x0000,0x0000,0x0000,0x0000,
  0x0000,0x0000,0x0000,0x0000,0x0000,0x0000,0x0000,0x0000,0x0000,0x0000,0x0000,0x0000,0x0000,0x0000,0x0000,0x0000,
  0x0000,0x0000,0x0000,0x0000,0x0000,0x0000,0x0000,0x0000,0x0000,0x0000,0x0000,0x0000,0x0000,0x0000,0x0000,0x0000,
  0x0000,0x0000,0x0000,0x0000,0x0000,0x0000,0x0000,0x0000,0x0000,0x0000,0x0000,0x0000,0x0000,0x0000,0x0000,0x0000,
  0x0000,0x0000,0x0000,0x0000,0x0000,0x0000,0x0000,0x0000,0x0000,0x0000,0x0000,0x0000,0x0000,0x0000,0x0000,0x0000,
  0x0000,0x0000,0x0000,0x0000,0x0000,0x0000,0x0000,0x0000,0x0000,0x0000,0x0000,0x0000,0x0000,0x0000,0x0000,0x0000,
  0x0000,0x0000,0x0000,0x0000,0x0000,0x0000,0x0000,0x0000,0x0000,0x0000,0x0000,0x0000,0x0000,0x0000,0x0000,0x0000,
  0x0000,0x0000,0x0000,0x0000,0x0000,0x0000,0x0000,0x0000,0x0000,0x0000,0x0000,0x0000,0x0000,0x0000,0x0000,0x0000,
  0x0000,0x0000,0x0000,0x0000,0x0000,0x0000,0x0000,0x0000,0x0000,0x0000,0x0000,0x0000,0x0000,0x0000,0x0000,0x0000,
  0x0000,0x0000,0x0000,0x0000,0x0000,0x0000,0x0000,0x0000,0x0000,0x0000,0x0000,0x0000,0x0000,0x0000,0x0000,0x0000,
  0x0000,0x0000,0x0000,0x0000,0x0000,0x0000,0x0000,0x0000,0x0000,0x0000,0x0000,0x0000,0x0000,0x0000,0x0000,0x0000,
  0x0000,0x0000,0x0000,0x0000,0x0000,0x0000,0x64DF,0x64DF,0x64DF,0x64DF,0x64DF,0x64DF,0x64DF,0x64DF,0x64DF,0x64DF,
  0x0000,0x0000,0x0000,0x0000,0x0000,0x0000,0x0000,0x0000,0x0000,0x0000,0x0000,0x0000,0x0000,0x0000,0x0000,0x0000,
  0x0000,0x0000,0x0000,0x0000,0x0000,0x0000,0x0000,0x0000,0x0000,0x0000,0x0000,0x0000,0x0000,0x0000,0x0000,0x0000,
  0x0000,0x0000,0x0000,0x0000,0x0000,0x0000,0x0000,0x0000,0x0000,0x0000,0x0000,0x0000,0x0000,0x0000,0x0000,0x0000,
  0x0000,0x0000,0x0000,0x0000,0x0000,0x0000,0x64DF,0x64DF,0x64DF,0x64DF,0x64DF,0x64DF,0x64DF,0x64DF,0x64DF,0x64DF,
  0x0000,0x0000,0x0000,0x0000,0x0000,0x0000,0x0000,0x0000,0x0000,0x0000,0x0000,0x0000,0x0000,0x0000,0x0000,0x0000,
  0x0000,0x0000,0x0000,0x0000,0x0000,0x0000,0x0000,0x0000,0x0000,0x0000,0x0000,0x0000,0x0000,0x0000,0x0000,0x0000,
  0x0000,0x0000,0x0000,0x0000,0x0000,0x0000,0x0000,0x0000,0x0000,0x0000,0x0000,0x0000,0x0000,0x0000,0x0000,0x0000,
  0x0000,0x0000,0x64DF,0x64DF,0x64DF,0x64DF,0x64DF,0x64DF,0x64DF,0x64DF,0x64DF,0x64DF,0x64DF,0x64DF,0x64DF,0x64DF,
  0x64DF,0x64DF,0x0000,0x0000,0x0000,0x0000,0x0000,0x0000,0x0000,0x0000,0x0000,0x0000,0x0000,0x0000,0x0000,0x0000,
  0x0000,0x0000,0x0000,0x0000,0x0000,0x0000,0x0000,0x0000,0x0000,0x0000,0x0000,0x0000,0x0000,0x0000,0x0000,0x0000,
  0x0000,0x0000,0x0000,0x0000,0x0000,0x0000,0x0000,0x0000,0x0000,0x0000,0x0000,0x0000,0x0000,0x0000,0x0000,0x0000,
  0x0000,0x0000,0x64DF,0x64DF,0x64DF,0x64DF,0x64DF,0x64DF,0x64DF,0x64DF,0x64DF,0x64DF,0x64DF,0x64DF,0x64DF,0x64DF,
  0x64DF,0x64DF,0x0000,0x0000,0x0000,0x0000,0x0000,0x0000,0x0000,0x0000,0x0000,0x0000,0x0000,0x0000,0x0000,0x0000,
  0x0000,0x0000,0x0000,0x0000,0x0000,0x0000,0x0000,0x0000,0x0000,0x0000,0x0000,0x0000,0x0000,0x0000,0x0000,0x0000,
  0x0000,0x0000,0x0000,0x0000,0x0000,0x0000,0x630C,0x630C,0x630C,0x630C,0x0000,0x0000,0x0000,0x0000,0x0000,0x0000,
  0x64DF,0x64DF,0x64DF,0x64DF,0x64DF,0x64DF,0x64DF,0x64DF,0x64DF,0x64DF,0x64DF,0x64DF,0x64DF,0x64DF,0x3B9A,0x3B9A,
  0x64DF,0x64DF,0x64DF,0x64DF,0x0000,0x0000,0x0000,0x0000,0x0000,0x0000,0x0000,0x0000,0x0000,0x0000,0x0000,0x0000,
  0x0000,0x0000,0x0000,0x0000,0x0000,0x0000,0x0000,0x0000,0x0000,0x0000,0x0000,0x0000,0x0000,0x0000,0x0000,0x0000,
  0x0000,0x0000,0x0000,0x0000,0x0000,0x0000,0x630C,0x630C,0x630C,0x630C,0x0000,0x0000,0x0000,0x0000,0x0000,0x0000,
  0x64DF,0x64DF,0x64DF,0x64DF,0x64DF,0x64DF,0x64DF,0x64DF,0x64DF,0x64DF,0x64DF,0x64DF,0x64DF,0x64DF,0x3B9A,0x3B9A,
  0x64DF,0x64DF,0x64DF,0x64DF,0x0000,0x0000,0x0000,0x0000,0x0000,0x0000,0x0000,0x0000,0x0000,0x0000,0x0000,0x0000,
  0x0000,0x0000,0x0000,0x0000,0x0000,0x0000,0x0000,0x0000,0x0000,0x0000,0x0000,0x0000,0x0000,0x0000,0x0000,0x0000,
  0x0000,0x0000,0x0000,0x0000,0xEBF1,0xEBF1,0x0000,0x0000,0x630C,0x630C,0x630C,0x630C,0x0000,0x0000,0x64DF,0x64DF,
  0x64DF,0x64DF,0x64DF,0x64DF,0x64DF,0x64DF,0x64DF,0x64DF,0x64DF,0x64DF,0x3B9A,0x3B9A,0x3B9A,0x3B9A,0x0000,0x0000,
  0x3B9A,0x3B9A,0x64DF,0x64DF,0x64DF,0x64DF,0x0000,0x0000,0x0000,0x0000,0x0000,0x0000,0x0000,0x0000,0x0000,0x0000,
  0x0000,0x0000,0x0000,0x0000,0x0000,0x0000,0x0000,0x0000,0x0000,0x0000,0x0000,0x0000,0x0000,0x0000,0x0000,0x0000,
  0x0000,0x0000,0x0000,0x0000,0xEBF1,0xEBF1,0x0000,0x0000,0x630C,0x630C,0x630C,0x630C,0x0000,0x0000,0x64DF,0x64DF,
  0x64DF,0x64DF,0x64DF,0x64DF,0x64DF,0x64DF,0x64DF,0x64DF,0x64DF,0x64DF,0x3B9A,0x3B9A,0x3B9A,0x3B9A,0x0000,0x0000,
  0x3B9A,0x3B9A,0x64DF,0x64DF,0x64DF,0x64DF,0x0000,0x0000,0x0000,0x0000,0x0000,0x0000,0x0000,0x0000,0x0000,0x0000,
  0x0000,0x0000,0x0000,0x0000,0x0000,0x0000,0x0000,0x0000,0x0000,0x0000,0x0000,0x0000,0x0000,0x0000,0x0000,0x0000,
  0x0000,0x0000,0x0000,0x0000,0xEBF1,0xEBF1,0x0000,0x0000,0x630C,0x630C,0x630C,0x630C,0x0000,0x0000,0x0000,0x0000,
  0x0000,0x0000,0x0000,0x0000,0x0000,0x0000,0x0000,0x0000,0x0000,0x0000,0x0000,0x0000,0x0000,0x0000,0x630C,0x630C,
  0x0000,0x0000,0x3B9A,0x3B9A,0x64DF,0x64DF,0x0000,0x0000,0x0000,0x0000,0x0000,0x0000,0x0000,0x0000,0x0000,0x0000,
  0x0000,0x0000,0x0000,0x0000,0x0000,0x0000,0x0000,0x0000,0x0000,0x0000,0x0000,0x0000,0x0000,0x0000,0x0000,0x0000,
  0x0000,0x0000,0x0000,0x0000,0xEBF1,0xEBF1,0x0000,0x0000,0x630C,0x630C,0x630C,0x630C,0x0000,0x0000,0x0000,0x0000,
  0x0000,0x0000,0x0000,0x0000,0x0000,0x0000,0x0000,0x0000,0x0000,0x0000,0x0000,0x0000,0x0000,0x0000,0x630C,0x630C,
  0x0000,0x0000,0x3B9A,0x3B9A,0x64DF,0x64DF,0x0000,0x0000,0x0000,0x0000,0x0000,0x0000,0x0000,0x0000,0x0000,0x0000,
  0x0000,0x0000,0x0000,0x0000,0x0000,0x0000,0x0000,0x0000,0x0000,0x0000,0x0000,0x0000,0x0000,0x0000,0x0000,0x0000,
  0x0000,0x0000,0x0000,0x0000,0xEBF1,0xEBF1,0xEBF1,0xEBF1,0x0000,0x0000,0x630C,0x630C,0x630C,0x630C,0x4229,0x4229,
  0x630C,0x630C,0x4229,0x4229,0x4229,0x4229,0x4229,0x4229,0x630C,0x630C,0x4229,0x4229,0x630C,0x630C,0x630C,0x630C,
  0x630C,0x630C,0x0000,0x0000,0x3B9A,0x3B9A,0x0000,0x0000,0x0000,0x0000,0x0000,0x0000,0x0000,0x0000,0x0000,0x0000,
  0x0000,0x0000,0x0000,0x0000,0x0000,0x0000,0x0000,0x0000,0x0000,0x0000,0x0000,0x0000,0x0000,0x0000,0x0000,0x0000,
  0x0000,0x0000,0x0000,0x0000,0xEBF1,0xEBF1,0xEBF1,0xEBF1,0x0000,0x0000,0x630C,0x630C,0x630C,0x630C,0x4229,0x4229,
  0x630C,0x630C,0x4229,0x4229,0x4229,0x4229,0x4229,0x4229,0x630C,0x630C,0x4229,0x4229,0x630C,0x630C,0x630C,0x630C,
  0x630C,0x630C,0x0000,0x0000,0x3B9A,0x3B9A,0x0000,0x0000,0x0000,0x0000,0x0000,0x0000,0x0000,0x0000,0x0000,0x0000,
  0x0000,0x0000,0x0000,0x0000,0x0000,0x0000,0x0000,0x0000,0x0000,0x0000,0x0000,0x0000,0x0000,0x0000,0x0000,0x0000,
  0x0000,0x0000,0x0000,0x0000,0xEBF1,0xEBF1,0xEBF1,0xEBF1,0x0000,0x0000,0x630C,0x630C,0x630C,0x630C,0x4229,0x4229,
  0x630C,0x630C,0x4229,0x4229,0x4229,0x4229,0x4229,0x4229,0x630C,0x630C,0x4229,0x4229,0x630C,0x630C,0x630C,0x630C,
  0xEBF1,0xEBF1,0xEBF1,0xEBF1,0x0000,0x0000,0x0000,0x0000,0x0000,0x0000,0x0000,0x0000,0x0000,0x0000,0x0000,0x0000,
  0x0000,0x0000,0x0000,0x0000,0x0000,0x0000,0x0000,0x0000,0x0000,0x0000,0x0000,0x0000,0x0000,0x0000,0x0000,0x0000,
  0x0000,0x0000,0x0000,0x0000,0xEBF1,0xEBF1,0xEBF1,0xEBF1,0x0000,0x0000,0x630C,0x630C,0x630C,0x630C,0x4229,0x4229,
  0x630C,0x630C,0x4229,0x4229,0x4229,0x4229,0x4229,0x4229,0x630C,0x630C,0x4229,0x4229,0x630C,0x630C,0x630C,0x630C,
  0xEBF1,0xEBF1,0xEBF1,0xEBF1,0x0000,0x0000,0x0000,0x0000,0x0000,0x0000,0x0000,0x0000,0x0000,0x0000,0x0000,0x0000,
  0x0000,0x0000,0x0000,0x0000,0x0000,0x0000,0x0000,0x0000,0x0000,0x0000,0x0000,0x0000,0x0000,0x0000,0x0000,0x0000,
  0x0000,0x0000,0x0000,0x0000,0xEBF1,0xEBF1,0xEBF1,0xEBF1,0x630C,0x630C,0x630C,0x630C,0x630C,0x630C,0x630C,0x630C,
  0x630C,0x630C,0x630C,0x630C,0x4229,0x4229,0x630C,0x630C,0x630C,0x630C,0x630C,0x630C,0x630C,0x630C,0x630C,0x630C,
  0x0000,0x0000,0xEBF1,0xEBF1,0x0000,0x0000,0x0000,0x0000,0x0000,0x0000,0x0000,0x0000,0x0000,0x0000,0x0000,0x0000,
  0x0000,0x0000,0x0000,0x0000,0x0000,0x0000,0x0000,0x0000,0x0000,0x0000,0x0000,0x0000,0x0000,0x0000,0x0000,0x0000,
  0x0000,0x0000,0x0000,0x0000,0xEBF1,0xEBF1,0xEBF1,0xEBF1,0x630C,0x630C,0x630C,0x630C,0x630C,0x630C,0x630C,0x630C,
  0x630C,0x630C,0x630C,0x630C,0x4229,0x4229,0x630C,0x630C,0x630C,0x630C,0x630C,0x630C,0x630C,0x630C,0x630C,0x630C,
  0x0000,0x0000,0xEBF1,0xEBF1,0x0000,0x0000,0x0000,0x0000,0x0000,0x0000,0x0000,0x0000,0x0000,0x0000,0x0000,0x0000,
  0x0000,0x0000,0x0000,0x0000,0x0000,0x0000,0x0000,0x0000,0x0000,0x0000,0x0000,0x0000,0x0000,0x0000,0x0000,0x0000,
  0x0000,0x0000,0x0000,0x0000,0x0000,0x0000,0x630C,0x630C,0x630C,0x630C,0x630C,0x630C,0x630C,0x630C,0x630C,0x630C,
  0x630C,0x630C,0x630C,0x630C,0x4229,0x4229,0x630C,0x630C,0x630C,0x630C,0x630C,0x630C,0x630C,0x630C,0x630C,0x630C,
  0x630C,0x630C,0x0000,0x0000,0x0000,0x0000,0x0000,0x0000,0x0000,0x0000,0x0000,0x0000,0x0000,0x0000,0x0000,0x0000,
  0x0000,0x0000,0x0000,0x0000,0x0000,0x0000,0x0000,0x0000,0x0000,0x0000,0x0000,0x0000,0x0000,0x0000,0x0000,0x0000,
  0x0000,0x0000,0x0000,0x0000,0x0000,0x0000,0x630C,0x630C,0x630C,0x630C,0x630C,0x630C,0x630C,0x630C,0x630C,0x630C,
  0x630C,0x630C,0x630C,0x630C,0x4229,0x4229,0x630C,0x630C,0x630C,0x630C,0x630C,0x630C,0x630C,0x630C,0x630C,0x630C,
  0x630C,0x630C,0x0000,0x0000,0x0000,0x0000,0x0000,0x0000,0x0000,0x0000,0x0000,0x0000,0x0000,0x0000,0x0000,0x0000,
  0x0000,0x0000,0x0000,0x0000,0x0000,0x0000,0x0000,0x0000,0x0000,0x0000,0x0000,0x0000,0x0000,0x0000,0x0000,0x0000,
  0x0000,0x0000,0x0000,0x0000,0x0000,0x0000,0x630C,0x630C,0x630C,0x630C,0x0000,0x0000,0x630C,0x630C,0x630C,0x630C,
  0x630C,0x630C,0x630C,0x630C,0x630C,0x630C,0x630C,0x630C,0x630C,0x630C,0x630C,0x630C,0x630C,0x630C,0x0000,0x0000,
  0x630C,0x630C,0x630C,0x630C,0x0000,0x0000,0x0000,0x0000,0x0000,0x0000,0x0000,0x0000,0x0000,0x0000,0x0000,0x0000,
  0x0000,0x0000,0x0000,0x0000,0x0000,0x0000,0x0000,0x0000,0x0000,0x0000,0x0000,0x0000,0x0000,0x0000,0x0000,0x0000,
  0x0000,0x0000,0x0000,0x0000,0x0000,0x0000,0x630C,0x630C,0x630C,0x630C,0x0000,0x0000,0x630C,0x630C,0x630C,0x630C,
  0x630C,0x630C,0x630C,0x630C,0x630C,0x630C,0x630C,0x630C,0x630C,0x630C,0x630C,0x630C,0x630C,0x630C,0x0000,0x0000,
  0x630C,0x630C,0x630C,0x630C,0x0000,0x0000,0x0000,0x0000,0x0000,0x0000,0x0000,0x0000,0x0000,0x0000,0x0000,0x0000,
  0x0000,0x0000,0x0000,0x0000,0x0000,0x0000,0x0000,0x0000,0x0000,0x0000,0x0000,0x0000,0x0000,0x0000,0x0000,0x0000,
  0x0000,0x0000,0x0000,0x0000,0x0000,0x0000,0x630C,0x630C,0x630C,0x630C,0x630C,0x630C,0x0000,0x0000,0x0000,0x0000,
  0x0000,0x0000,0x630C,0x630C,0x630C,0x630C,0x630C,0x630C,0x0000,0x0000,0x0000,0x0000,0x0000,0x0000,0x630C,0x630C,
  0x630C,0x630C,0x630C,0x630C,0x0000,0x0000,0x0000,0x0000,0x0000,0x0000,0x0000,0x0000,0x0000,0x0000,0x0000,0x0000,
  0x0000,0x0000,0x0000,0x0000,0x0000,0x0000,0x0000,0x0000,0x0000,0x0000,0x0000,0x0000,0x0000,0x0000,0x0000,0x0000,
  0x0000,0x0000,0x0000,0x0000,0x0000,0x0000,0x630C,0x630C,0x630C,0x630C,0x630C,0x630C,0x0000,0x0000,0x0000,0x0000,
  0x0000,0x0000,0x630C,0x630C,0x630C,0x630C,0x630C,0x630C,0x0000,0x0000,0x0000,0x0000,0x0000,0x0000,0x630C,0x630C,
  0x630C,0x630C,0x630C,0x630C,0x0000,0x0000,0x0000,0x0000,0x0000,0x0000,0x0000,0x0000,0x0000,0x0000,0x0000,0x0000,
  0x0000,0x0000,0x0000,0x0000,0x0000,0x0000,0x0000,0x0000,0x0000,0x0000,0x0000,0x0000,0x0000,0x0000,0x0000,0x0000,
  0xFFFF,0xFFFF,0xFFFF,0xFFFF,0x630C,0x630C,0x630C,0x630C,0x630C,0x630C,0x630C,0x630C,0x630C,0x630C,0x630C,0x630C,
  0xD6BA,0xD6BA,0xD6BA,0xD6BA,0xD6BA,0xD6BA,0xD6BA,0xD6BA,0xD6BA,0xD6BA,0x630C,0x630C,0x630C,0x630C,0x630C,0x630C,
  0x630C,0x630C,0x630C,0x630C,0xFFFF,0xFFFF,0xFFFF,0xFFFF,0xFFFF,0xFFFF,0x0000,0x0000,0x0000,0x0000,0x0000,0x0000,
  0x0000,0x0000,0x0000,0x0000,0x0000,0x0000,0x0000,0x0000,0x0000,0x0000,0x0000,0x0000,0x0000,0x0000,0x0000,0x0000,
  0xFFFF,0xFFFF,0xFFFF,0xFFFF,0x630C,0x630C,0x630C,0x630C,0x630C,0x630C,0x630C,0x630C,0x630C,0x630C,0x630C,0x630C,
  0xD6BA,0xD6BA,0xD6BA,0xD6BA,0xD6BA,0xD6BA,0xD6BA,0xD6BA,0xD6BA,0xD6BA,0x630C,0x630C,0x630C,0x630C,0x630C,0x630C,
  0x630C,0x630C,0x630C,0x630C,0xFFFF,0xFFFF,0xFFFF,0xFFFF,0xFFFF,0xFFFF,0x0000,0x0000,0x0000,0x0000,0x0000,0x0000,
  0x0000,0x0000,0x0000,0x0000,0x0000,0x0000,0x0000,0x0000,0x0000,0x0000,0x0000,0x0000,0x0000,0x0000,0x0000,0x0000,
  0x0000,0x0000,0x0000,0x0000,0xFFFF,0xFFFF,0xFFFF,0xFFFF,0x630C,0x630C,0x630C,0x630C,0x630C,0x630C,0xD6BA,0xD6BA,
  0xD6BA,0xD6BA,0xEBF1,0xEBF1,0xEBF1,0xEBF1,0xEBF1,0xEBF1,0xD6BA,0xD6BA,0xD6BA,0xD6BA,0x630C,0x630C,0x630C,0x630C,
  0xFFFF,0xFFFF,0xFFFF,0xFFFF,0xFFFF,0xFFFF,0x0000,0x0000,0x0000,0x0000,0x0000,0x0000,0x0000,0x0000,0x0000,0x0000,
  0x0000,0x0000,0x0000,0x0000,0x0000,0x0000,0x0000,0x0000,0x0000,0x0000,0x0000,0x0000,0x0000,0x0000,0x0000,0x0000,
  0x0000,0x0000,0x0000,0x0000,0xFFFF,0xFFFF,0xFFFF,0xFFFF,0x630C,0x630C,0x630C,0x630C,0x630C,0x630C,0xD6BA,0xD6BA,
  0xD6BA,0xD6BA,0xEBF1,0xEBF1,0xEBF1,0xEBF1,0xEBF1,0xEBF1,0xD6BA,0xD6BA,0xD6BA,0xD6BA,0x630C,0x630C,0x630C,0x630C,
  0xFFFF,0xFFFF,0xFFFF,0xFFFF,0xFFFF,0xFFFF,0x0000,0x0000,0x0000,0x0000,0x0000,0x0000,0x0000,0x0000,0x0000,0x0000,
  0x0000,0x0000,0x0000,0x0000,0x0000,0x0000,0x0000,0x0000,0x0000,0x0000,0x0000,0x0000,0x0000,0x0000,0x0000,0x0000,
  0x0000,0x0000,0x0000,0x0000,0x630C,0x630C,0x630C,0x630C,0x630C,0x630C,0x630C,0x630C,0xD6BA,0xD6BA,0xD6BA,0xD6BA,
  0xD6BA,0xD6BA,0xD6BA,0xD6BA,0x0000,0x0000,0xD6BA,0xD6BA,0xD6BA,0xD6BA,0xD6BA,0xD6BA,0xD6BA,0xD6BA,0x630C,0x630C,
  0x630C,0x630C,0x630C,0x630C,0x630C,0x630C,0x0000,0x0000,0x0000,0x0000,0x0000,0x0000,0x0000,0x0000,0x0000,0x0000,
  0x0000,0x0000,0x0000,0x0000,0x0000,0x0000,0x0000,0x0000,0x0000,0x0000,0x0000,0x0000,0x0000,0x0000,0x0000,0x0000,
  0x0000,0x0000,0x0000,0x0000,0x630C,0x630C,0x630C,0x630C,0x630C,0x630C,0x630C,0x630C,0xD6BA,0xD6BA,0xD6BA,0xD6BA,
  0xD6BA,0xD6BA,0xD6BA,0xD6BA,0x0000,0x0000,0xD6BA,0xD6BA,0xD6BA,0xD6BA,0xD6BA,0xD6BA,0xD6BA,0xD6BA,0x630C,0x630C,
  0x630C,0x630C,0x630C,0x630C,0x630C,0x630C,0x0000,0x0000,0x0000,0x0000,0x0000,0x0000,0x0000,0x0000,0x0000,0x0000,
  0x0000,0x0000,0x0000,0x0000,0x0000,0x0000,0x0000,0x0000,0x0000,0x0000,0x0000,0x0000,0x0000,0x0000,0x0000,0x0000,
  0x0000,0x0000,0xFFFF,0xFFFF,0xFFFF,0xFFFF,0xFFFF,0xFFFF,0x630C,0x630C,0xD6BA,0xD6BA,0xD6BA,0xD6BA,0xD6BA,0xD6BA,
  0xD6BA,0xD6BA,0x0000,0x0000,0xD6BA,0xD6BA,0x0000,0x0000,0xD6BA,0xD6BA,0xD6BA,0xD6BA,0xD6BA,0xD6BA,0xD6BA,0xD6BA,
  0xFFFF,0xFFFF,0xFFFF,0xFFFF,0xFFFF,0xFFFF,0x0000,0x0000,0x0000,0x0000,0x0000,0x0000,0x4229,0x4229,0x4229,0x4229,
  0x630C,0x630C,0x4229,0x4229,0x4229,0x4229,0x630C,0x630C,0x630C,0x630C,0x0000,0x0000,0x0000,0x0000,0x0000,0x0000,
  0x0000,0x0000,0xFFFF,0xFFFF,0xFFFF,0xFFFF,0xFFFF,0xFFFF,0x630C,0x630C,0xD6BA,0xD6BA,0xD6BA,0xD6BA,0xD6BA,0xD6BA,
  0xD6BA,0xD6BA,0x0000,0x0000,0xD6BA,0xD6BA,0x0000,0x0000,0xD6BA,0xD6BA,0xD6BA,0xD6BA,0xD6BA,0xD6BA,0xD6BA,0xD6BA,
  0xFFFF,0xFFFF,0xFFFF,0xFFFF,0xFFFF,0xFFFF,0x0000,0x0000,0x0000,0x0000,0x0000,0x0000,0x4229,0x4229,0x4229,0x4229,
  0x630C,0x630C,0x4229,0x4229,0x4229,0x4229,0x630C,0x630C,0x630C,0x630C,0x0000,0x0000,0x0000,0x0000,0x0000,0x0000,
  0x0000,0x0000,0x0000,0x0000,0x0000,0x0000,0x0000,0x0000,0xD6BA,0xD6BA,0xD6BA,0xD6BA,0xD6BA,0xD6BA,0xD6BA,0xD6BA,
  0xD6BA,0xD6BA,0xD6BA,0xD6BA,0xD6BA,0xD6BA,0xD6BA,0xD6BA,0xD6BA,0xD6BA,0xD6BA,0xD6BA,0xD6BA,0xD6BA,0xD6BA,0xD6BA,
  0xD6BA,0xD6BA,0x0000,0x0000,0x0000,0x0000,0x4229,0x4229,0x630C,0x630C,0x630C,0x630C,0x4229,0x4229,0x4229,0x4229,
  0x630C,0x630C,0x4229,0x4229,0x4229,0x4229,0x630C,0x630C,0x630C,0x630C,0x4229,0x4229,0x0000,0x0000,0x0000,0x0000,
  0x0000,0x0000,0x0000,0x0000,0x0000,0x0000,0x0000,0x0000,0xD6BA,0xD6BA,0xD6BA,0xD6BA,0xD6BA,0xD6BA,0xD6BA,0xD6BA,
  0xD6BA,0xD6BA,0xD6BA,0xD6BA,0xD6BA,0xD6BA,0xD6BA,0xD6BA,0xD6BA,0xD6BA,0xD6BA,0xD6BA,0xD6BA,0xD6BA,0xD6BA,0xD6BA,
  0xD6BA,0xD6BA,0x0000,0x0000,0x0000,0x0000,0x4229,0x4229,0x630C,0x630C,0x630C,0x630C,0x4229,0x4229,0x4229,0x4229,
  0x630C,0x630C,0x4229,0x4229,0x4229,0x4229,0x630C,0x630C,0x630C,0x630C,0x4229,0x4229,0x0000,0x0000,0x0000,0x0000,
  0x0000,0x0000,0x0000,0x0000,0x0000,0x0000,0x0000,0x0000,0xFFFF,0xFFFF,0xD6BA,0xD6BA,0xD6BA,0xD6BA,0xD6BA,0xD6BA,
  0xD6BA,0xD6BA,0xD6BA,0xD6BA,0xD6BA,0xD6BA,0xD6BA,0xD6BA,0xD6BA,0xD6BA,0xD6BA,0xD6BA,0xD6BA,0xD6BA,0xD6BA,0xD6BA,
  0xFFFF,0xFFFF,0x0000,0x0000,0x4229,0x4229,0x4229,0x4229,0x630C,0x630C,0x630C,0x630C,0x4229,0x4229,0x4229,0x4229,
  0x630C,0x630C,0x630C,0x630C,0x4229,0x4229,0x630C,0x630C,0x630C,0x630C,0x4229,0x4229,0x630C,0x630C,0x0000,0x0000,
  0x0000,0x0000,0x0000,0x0000,0x0000,0x0000,0x0000,0x0000,0xFFFF,0xFFFF,0xD6BA,0xD6BA,0xD6BA,0xD6BA,0xD6BA,0xD6BA,
  0xD6BA,0xD6BA,0xD6BA,0xD6BA,0xD6BA,0xD6BA,0xD6BA,0xD6BA,0xD6BA,0xD6BA,0xD6BA,0xD6BA,0xD6BA,0xD6BA,0xD6BA,0xD6BA,
  0xFFFF,0xFFFF,0x0000,0x0000,0x4229,0x4229,0x4229,0x4229,0x630C,0x630C,0x630C,0x630C,0x4229,0x4229,0x4229,0x4229,
  0x630C,0x630C,0x630C,0x630C,0x4229,0x4229,0x630C,0x630C,0x630C,0x630C,0x4229,0x4229,0x630C,0x630C,0x0000,0x0000,
  0x0000,0x0000,0x0000,0x0000,0x0000,0x0000,0xFFFF,0xFFFF,0x0000,0x0000,0x0000,0x0000,0x0000,0x0000,0x0000,0x0000,
  0xD6BA,0xD6BA,0xD6BA,0xD6BA,0xD6BA,0xD6BA,0xD6BA,0xD6BA,0xD6BA,0xD6BA,0x0000,0x0000,0x0000,0x0000,0x0000,0x0000,
  0x0000,0x0000,0xFFFF,0xFFFF,0x630C,0x630C,0x4229,0x4229,0x630C,0x630C,0x630C,0x630C,0x630C,0x630C,0x4229,0x4229,
  0x630C,0x630C,0x630C,0x630C,0x630C,0x630C,0x630C,0x630C,0x630C,0x630C,0x4229,0x4229,0x630C,0x630C,0x0000,0x0000,
  0x0000,0x0000,0x0000,0x0000,0x0000,0x0000,0xFFFF,0xFFFF,0x0000,0x0000,0x0000,0x0000,0x0000,0x0000,0x0000,0x0000,
  0xD6BA,0xD6BA,0xD6BA,0xD6BA,0xD6BA,0xD6BA,0xD6BA,0xD6BA,0xD6BA,0xD6BA,0x0000,0x0000,0x0000,0x0000,0x0000,0x0000,
  0x0000,0x0000,0xFFFF,0xFFFF,0x630C,0x630C,0x4229,0x4229,0x630C,0x630C,0x630C,0x630C,0x630C,0x630C,0x4229,0x4229,
  0x630C,0x630C,0x630C,0x630C,0x630C,0x630C,0x630C,0x630C,0x630C,0x630C,0x4229,0x4229,0x630C,0x630C,0x0000,0x0000,
  0x0000,0x0000,0x0000,0x0000,0x0000,0x0000,0x0000,0x0000,0x0000,0x0000,0x0000,0x0000,0x630C,0x630C,0x630C,0x630C,
  0x0000,0x0000,0x0000,0x0000,0x0000,0x0000,0x0000,0x0000,0x0000,0x0000,0x630C,0x630C,0x630C,0x630C,0x630C,0x630C,
  0x630C,0x630C,0x630C,0x630C,0x630C,0x630C,0x630C,0x630C,0x630C,0x630C,0x630C,0x630C,0x630C,0x630C,0x630C,0x630C,
  0x630C,0x630C,0x630C,0x630C,0x630C,0x630C,0x630C,0x630C,0x630C,0x630C,0x630C,0x630C,0x630C,0x630C,0x0000,0x0000,
  0x0000,0x0000,0x0000,0x0000,0x0000,0x0000,0x0000,0x0000,0x0000,0x0000,0x0000,0x0000,0x630C,0x630C,0x630C,0x630C,
  0x0000,0x0000,0x0000,0x0000,0x0000,0x0000,0x0000,0x0000,0x0000,0x0000,0x630C,0x630C,0x630C,0x630C,0x630C,0x630C,
  0x630C,0x630C,0x630C,0x630C,0x630C,0x630C,0x630C,0x630C,0x630C,0x630C,0x630C,0x630C,0x630C,0x630C,0x630C,0x630C,
  0x630C,0x630C,0x630C,0x630C,0x630C,0x630C,0x630C,0x630C,0x630C,0x630C,0x630C,0x630C,0x630C,0x630C,0x0000,0x0000,
  0x0000,0x0000,0x0000,0x0000,0x0000,0x0000,0x0000,0x0000,0x0000,0x0000,0x0000,0x0000,0x630C,0x630C,0x630C,0x630C,
  0xD6BA,0xD6BA,0xD6BA,0xD6BA,0xD6BA,0xD6BA,0xD6BA,0xD6BA,0xD6BA,0xD6BA,0x630C,0x630C,0x630C,0x630C,0x630C,0x630C,
  0x630C,0x630C,0x630C,0x630C,0x630C,0x630C,0x630C,0x630C,0x630C,0x630C,0x0000,0x0000,0x630C,0x630C,0x630C,0x630C,
  0x630C,0x630C,0x630C,0x630C,0x630C,0x630C,0x630C,0x630C,0x630C,0x630C,0x630C,0x630C,0x630C,0x630C,0x0000,0x0000,
  0x0000,0x0000,0x0000,0x0000,0x0000,0x0000,0x0000,0x0000,0x0000,0x0000,0x0000,0x0000,0x630C,0x630C,0x630C,0x630C,
  0xD6BA,0xD6BA,0xD6BA,0xD6BA,0xD6BA,0xD6BA,0xD6BA,0xD6BA,0xD6BA,0xD6BA,0x630C,0x630C,0x630C,0x630C,0x630C,0x630C,
  0x630C,0x630C,0x630C,0x630C,0x630C,0x630C,0x630C,0x630C,0x630C,0x630C,0x0000,0x0000,0x630C,0x630C,0x630C,0x630C,
  0x630C,0x630C,0x630C,0x630C,0x630C,0x630C,0x630C,0x630C,0x630C,0x630C,0x630C,0x630C,0x630C,0x630C,0x0000,0x0000,
  0x0000,0x0000,0x0000,0x0000,0x0000,0x0000,0x0000,0x0000,0x0000,0x0000,0x0000,0x0000,0x630C,0x630C,0x630C,0x630C,
  0xD6BA,0xD6BA,0xD6BA,0xD6BA,0xD6BA,0xD6BA,0xD6BA,0xD6BA,0xD6BA,0xD6BA,0x630C,0x630C,0x630C,0x630C,0x630C,0x630C,
  0x630C,0x630C,0x630C,0x630C,0x630C,0x630C,0x630C,0x630C,0x630C,0x630C,0x0000,0x0000,0x630C,0x630C,0x630C,0x630C,
  0x630C,0x630C,0x630C,0x630C,0x630C,0x630C,0x630C,0x630C,0x630C,0x630C,0x630C,0x630C,0x630C,0x630C,0x0000,0x0000,
  0x0000,0x0000,0x0000,0x0000,0x0000,0x0000,0x0000,0x0000,0x0000,0x0000,0x0000,0x0000,0x630C,0x630C,0x630C,0x630C,
  0xD6BA,0xD6BA,0xD6BA,0xD6BA,0xD6BA,0xD6BA,0xD6BA,0xD6BA,0xD6BA,0xD6BA,0x630C,0x630C,0x630C,0x630C,0x630C,0x630C,
  0x630C,0x630C,0x630C,0x630C,0x630C,0x630C,0x630C,0x630C,0x630C,0x630C,0x0000,0x0000,0x630C,0x630C,0x630C,0x630C,
  0x630C,0x630C,0x630C,0x630C,0x630C,0x630C,0x630C,0x630C,0x630C,0x630C,0x630C,0x630C,0x630C,0x630C,0x0000,0x0000,
  0x0000,0x0000,0x0000,0x0000,0x0000,0x0000,0x0000,0x0000,0x0000,0x0000,0x0000,0x0000,0x630C,0x630C,0x630C,0x630C,
  0xD6BA,0xD6BA,0xD6BA,0xD6BA,0xD6BA,0xD6BA,0xD6BA,0xD6BA,0xD6BA,0xD6BA,0x630C,0x630C,0x630C,0x630C,0x630C,0x630C,
  0x630C,0x630C,0x630C,0x630C,0x630C,0x630C,0x630C,0x630C,0x630C,0x630C,0x630C,0x630C,0x0000,0x0000,0x630C,0x630C,
  0x630C,0x630C,0x630C,0x630C,0x630C,0x630C,0x630C,0x630C,0x630C,0x630C,0x630C,0x630C,0x630C,0x630C,0x0000,0x0000,
  0x0000,0x0000,0x0000,0x0000,0x0000,0x0000,0x0000,0x0000,0x0000,0x0000,0x0000,0x0000,0x630C,0x630C,0x630C,0x630C,
  0xD6BA,0xD6BA,0xD6BA,0xD6BA,0xD6BA,0xD6BA,0xD6BA,0xD6BA,0xD6BA,0xD6BA,0x630C,0x630C,0x630C,0x630C,0x630C,0x630C,
  0x630C,0x630C,0x630C,0x630C,0x630C,0x630C,0x630C,0x630C,0x630C,0x630C,0x630C,0x630C,0x0000,0x0000,0x630C,0x630C,
  0x630C,0x630C,0x630C,0x630C,0x630C,0x630C,0x630C,0x630C,0x630C,0x630C,0x630C,0x630C,0x630C,0x630C,0x0000,0x0000,
  0x0000,0x0000,0x0000,0x0000,0x0000,0x0000,0x0000,0x0000,0x0000,0x0000,0x0000,0x0000,0x630C,0x630C,0x630C,0x630C,
  0x630C,0x630C,0xD6BA,0xD6BA,0xD6BA,0xD6BA,0xD6BA,0xD6BA,0x630C,0x630C,0x630C,0x630C,0x630C,0x630C,0x630C,0x630C,
  0x630C,0x630C,0x630C,0x630C,0x630C,0x630C,0x630C,0x630C,0x630C,0x630C,0x630C,0x630C,0x630C,0x630C,0x0000,0x0000,
  0x0000,0x0000,0x630C,0x630C,0x630C,0x630C,0x630C,0x630C,0x630C,0x630C,0x630C,0x630C,0x630C,0x630C,0x0000,0x0000,
  0x0000,0x0000,0x0000,0x0000,0x0000,0x0000,0x0000,0x0000,0x0000,0x0000,0x0000,0x0000,0x630C,0x630C,0x630C,0x630C,
  0x630C,0x630C,0xD6BA,0xD6BA,0xD6BA,0xD6BA,0xD6BA,0xD6BA,0x630C,0x630C,0x630C,0x630C,0x630C,0x630C,0x630C,0x630C,
  0x630C,0x630C,0x630C,0x630C,0x630C,0x630C,0x630C,0x630C,0x630C,0x630C,0x630C,0x630C,0x630C,0x630C,0x0000,0x0000,
  0x0000,0x0000,0x630C,0x630C,0x630C,0x630C,0x630C,0x630C,0x630C,0x630C,0x630C,0x630C,0x630C,0x630C,0x0000,0x0000,
  0x0000,0x0000,0x0000,0x0000,0x0000,0x0000,0x0000,0x0000,0x0000,0x0000,0x0000,0x0000,0x0000,0x0000,0x630C,0x630C,
  0x630C,0x630C,0xD6BA,0xD6BA,0xD6BA,0xD6BA,0xD6BA,0xD6BA,0x630C,0x630C,0x630C,0x630C,0x630C,0x630C,0x630C,0x630C,
  0x630C,0x630C,0x630C,0x630C,0x630C,0x630C,0x630C,0x630C,0x630C,0x630C,0x630C,0x630C,0x0000,0x0000,0x0000,0x0000,
  0x630C,0x630C,0x630C,0x630C,0x630C,0x630C,0x630C,0x630C,0x630C,0x630C,0x630C,0x630C,0x0000,0x0000,0x0000,0x0000,
  0x0000,0x0000,0x0000,0x0000,0x0000,0x0000,0x0000,0x0000,0x0000,0x0000,0x0000,0x0000,0x0000,0x0000,0x630C,0x630C,
  0x630C,0x630C,0xD6BA,0xD6BA,0xD6BA,0xD6BA,0xD6BA,0xD6BA,0x630C,0x630C,0x630C,0x630C,0x630C,0x630C,0x630C,0x630C,
  0x630C,0x630C,0x630C,0x630C,0x630C,0x630C,0x630C,0x630C,0x630C,0x630C,0x630C,0x630C,0x0000,0x0000,0x0000,0x0000,
  0x630C,0x630C,0x630C,0x630C,0x630C,0x630C,0x630C,0x630C,0x630C,0x630C,0x630C,0x630C,0x0000,0x0000,0x0000,0x0000,
  0x0000,0x0000,0x0000,0x0000,0x0000,0x0000,0x0000,0x0000,0x0000,0x0000,0x0000,0x0000,0x0000,0x0000,0x0000,0x0000,
  0x0000,0x0000,0x0000,0x0000,0xD6BA,0xD6BA,0xD6BA,0xD6BA,0x630C,0x630C,0x630C,0x630C,0x630C,0x630C,0x0000,0x0000,
  0x0000,0x0000,0x0000,0x0000,0x0000,0x0000,0x0000,0x0000,0x0000,0x0000,0x0000,0x0000,0x0000,0x0000,0x630C,0x630C,
  0x630C,0x630C,0x630C,0x630C,0x630C,0x630C,0x630C,0x630C,0x630C,0x630C,0x0000,0x0000,0x0000,0x0000,0x0000,0x0000,
  0x0000,0x0000,0x0000,0x0000,0x0000,0x0000,0x0000,0x0000,0x0000,0x0000,0x0000,0x0000,0x0000,0x0000,0x0000,0x0000,
  0x0000,0x0000,0x0000,0x0000,0xD6BA,0xD6BA,0xD6BA,0xD6BA,0x630C,0x630C,0x630C,0x630C,0x630C,0x630C,0x0000,0x0000,
  0x0000,0x0000,0x0000,0x0000,0x0000,0x0000,0x0000,0x0000,0x0000,0x0000,0x0000,0x0000,0x0000,0x0000,0x630C,0x630C,
  0x630C,0x630C,0x630C,0x630C,0x630C,0x630C,0x630C,0x630C,0x630C,0x630C,0x0000,0x0000,0x0000,0x0000,0x0000,0x0000,
};

// catt-pet1.png (64x64)
static const uint16_t catt_pet1[4096] PROGMEM = {
  0x0000,0x0000,0x0000,0x0000,0x0000,0x0000,0x0000,0x0000,0x0000,0x0000,0x0000,0x0000,0x0000,0x0000,0x0000,0x0000,
  0x0000,0x0000,0x0000,0x0000,0x0000,0x0000,0x0000,0x0000,0x0000,0x0000,0x0000,0x0000,0x0000,0x0000,0x0000,0x0000,
  0x0000,0x0000,0x0000,0x0000,0x0000,0x0000,0x0000,0x0000,0x0000,0x0000,0x0000,0x0000,0x0000,0x0000,0x0000,0x0000,
  0x0000,0x0000,0x0000,0x0000,0x0000,0x0000,0x0000,0x0000,0x0000,0x0000,0x0000,0x0000,0x0000,0x0000,0x0000,0x0000,
  0x0000,0x0000,0x0000,0x0000,0x0000,0x0000,0x0000,0x0000,0x0000,0x0000,0x0000,0x0000,0x0000,0x0000,0x0000,0x0000,
  0x0000,0x0000,0x0000,0x0000,0x0000,0x0000,0x0000,0x0000,0x0000,0x0000,0x0000,0x0000,0x0000,0x0000,0x0000,0x0000,
  0x0000,0x0000,0x0000,0x0000,0x0000,0x0000,0x0000,0x0000,0x0000,0x0000,0x0000,0x0000,0x0000,0x0000,0x0000,0x0000,
  0x0000,0x0000,0x0000,0x0000,0x0000,0x0000,0x0000,0x0000,0x0000,0x0000,0x0000,0x0000,0x0000,0x0000,0x0000,0x0000,
  0x0000,0x0000,0x0000,0x0000,0x0000,0x0000,0x0000,0x0000,0x0000,0x0000,0x0000,0x0000,0x0000,0x0000,0x0000,0x0000,
  0x0000,0x0000,0x0000,0x0000,0x0000,0x0000,0x0000,0x0000,0x0000,0x0000,0x0000,0x0000,0x0000,0x0000,0x0000,0x0000,
  0x0000,0x0000,0x0000,0x0000,0x0000,0x0000,0x0000,0x0000,0x0000,0x0000,0x0000,0x0000,0x0000,0x0000,0x0000,0x0000,
  0x0000,0x0000,0x0000,0x0000,0x0000,0x0000,0x0000,0x0000,0x0000,0x0000,0x0000,0x0000,0x0000,0x0000,0x0000,0x0000,
  0x0000,0x0000,0x0000,0x0000,0x0000,0x0000,0x0000,0x0000,0x0000,0x0000,0x0000,0x0000,0x0000,0x0000,0x0000,0x0000,
  0x0000,0x0000,0x0000,0x0000,0x0000,0x0000,0x0000,0x0000,0x0000,0x0000,0x0000,0x0000,0x0000,0x0000,0x0000,0x0000,
  0x0000,0x0000,0x0000,0x0000,0x0000,0x0000,0x0000,0x0000,0x0000,0x0000,0x0000,0x0000,0x0000,0x0000,0x0000,0x0000,
  0x0000,0x0000,0x0000,0x0000,0x0000,0x0000,0x0000,0x0000,0x0000,0x0000,0x0000,0x0000,0x0000,0x0000,0x0000,0x0000,
  0x0000,0x0000,0x0000,0x0000,0x0000,0x0000,0x0000,0x0000,0x0000,0x0000,0x0000,0x0000,0x0000,0x0000,0x0000,0x0000,
  0x0000,0x0000,0x0000,0x0000,0x0000,0x0000,0x0000,0x0000,0x0000,0x0000,0x0000,0x0000,0x0000,0x0000,0x0000,0x0000,
  0x0000,0x0000,0x0000,0x0000,0x0000,0x0000,0x0000,0x0000,0x0000,0x0000,0x0000,0x0000,0x0000,0x0000,0x0000,0x0000,
  0x0000,0x0000,0x0000,0x0000,0x0000,0x0000,0x0000,0x0000,0x0000,0x0000,0x0000,0x0000,0x0000,0x0000,0x0000,0x0000,
  0x0000,0x0000,0x0000,0x0000,0x0000,0x0000,0x0000,0x0000,0x0000,0x0000,0x0000,0x0000,0x0000,0x0000,0x0000,0x0000,
  0x0000,0x0000,0x0000,0x0000,0x0000,0x0000,0x0000,0x0000,0x0000,0x0000,0x0000,0x0000,0x0000,0x0000,0x0000,0x0000,
  0x0000,0x0000,0x0000,0x0000,0x0000,0x0000,0x0000,0x0000,0x0000,0x0000,0x0000,0x0000,0x0000,0x0000,0x0000,0x0000,
  0x0000,0x0000,0x0000,0x0000,0x0000,0x0000,0x0000,0x0000,0x0000,0x0000,0x0000,0x0000,0x0000,0x0000,0x0000,0x0000,
  0x0000,0x0000,0x0000,0x0000,0x0000,0x0000,0x0000,0x0000,0x0000,0x0000,0x0000,0x0000,0x0000,0x0000,0x0000,0x0000,
  0x0000,0x0000,0x0000,0x0000,0x0000,0x0000,0x0000,0x0000,0x0000,0x0000,0x0000,0x0000,0x0000,0x0000,0x0000,0x0000,
  0x0000,0x0000,0x0000,0x0000,0x0000,0x0000,0x0000,0x0000,0x0000,0x0000,0x0000,0x0000,0x0000,0x0000,0x0000,0x0000,
  0x0000,0x0000,0x0000,0x0000,0x0000,0x0000,0x0000,0x0000,0x0000,0x0000,0x0000,0x0000,0x0000,0x0000,0x0000,0x0000,
  0x0000,0x0000,0x0000,0x0000,0x0000,0x0000,0x0000,0x0000,0x0000,0x0000,0x0000,0x0000,0x0000,0x0000,0x0000,0x0000,
  0x0000,0x0000,0x0000,0x0000,0x0000,0x0000,0x0000,0x0000,0x0000,0x0000,0x0000,0x0000,0x0000,0x0000,0x0000,0x0000,
  0x0000,0x0000,0x0000,0x0000,0x0000,0x0000,0x0000,0x0000,0x0000,0x0000,0x0000,0x0000,0x0000,0x0000,0x0000,0x0000,
  0x0000,0x0000,0x0000,0x0000,0x0000,0x0000,0x0000,0x0000,0x0000,0x0000,0x0000,0x0000,0x0000,0x0000,0x0000,0x0000,
  0x0000,0x0000,0x0000,0x0000,0x0000,0x0000,0x0000,0x0000,0x0000,0x0000,0x0000,0x0000,0x0000,0x0000,0x0000,0x0000,
  0x0000,0x0000,0x0000,0x0000,0x0000,0x0000,0x0000,0x0000,0x0000,0x0000,0x0000,0x0000,0x0000,0x0000,0x0000,0x0000,
  0x0000,0x0000,0x0000,0x0000,0x0000,0x0000,0x0000,0x0000,0x0000,0x0000,0x0000,0x0000,0x0000,0x0000,0x0000,0x0000,
  0x0000,0x0000,0x0000,0x0000,0x0000,0x0000,0x0000,0x0000,0x0000,0x0000,0x0000,0x0000,0x0000,0x0000,0x0000,0x0000,
  0x0000,0x0000,0x0000,0x0000,0x0000,0x0000,0x0000,0x0000,0x0000,0x0000,0x0000,0x0000,0x0000,0x0000,0x0000,0x0000,
  0x0000,0x0000,0x0000,0x0000,0x0000,0x0000,0x0000,0x0000,0x0000,0x0000,0x0000,0x0000,0x0000,0x0000,0x0000,0x0000,
  0x0000,0x0000,0x0000,0x0000,0x0000,0x0000,0x0000,0x0000,0x0000,0x0000,0x0000,0x0000,0x0000,0x0000,0x0000,0x0000,
  0x0000,0x0000,0x0000,0x0000,0x0000,0x0000,0x0000,0x0000,0x0000,0x0000,0x0000,0x0000,0x0000,0x0000,0x0000,0x0000,
  0x0000,0x0000,0x0000,0x0000,0x0000,0x0000,0x0000,0x0000,0x0000,0x0000,0x0000,0x0000,0x0000,0x0000,0x630C,0x630C,
  0x630C,0x630C,0x0000,0x0000,0x0000,0x0000,0x0000,0x0000,0x0000,0x0000,0x0000,0x0000,0x0000,0x0000,0x0000,0x0000,
  0x0000,0x0000,0x0000,0x0000,0x0000,0x0000,0x0000,0x0000,0x630C,0x630C,0x630C,0x630C,0x0000,0x0000,0x0000,0x0000,
  0x0000,0x0000,0x0000,0x0000,0x0000,0x0000,0x0000,0x0000,0x0000,0x0000,0x0000,0x0000,0x0000,0x0000,0x0000,0x0000,
  0x0000,0x0000,0x0000,0x0000,0x0000,0x0000,0x0000,0x0000,0x0000,0x0000,0x0000,0x0000,0x0000,0x0000,0x630C,0x630C,
  0x630C,0x630C,0x0000,0x0000,0x0000,0x0000,0x0000,0x0000,0x0000,0x0000,0x0000,0x0000,0x0000,0x0000,0x0000,0x0000,
  0x0000,0x0000,0x0000,0x0000,0x0000,0x0000,0x0000,0x0000,0x630C,0x630C,0x630C,0x630C,0x0000,0x0000,0x0000,0x0000,
  0x0000,0x0000,0x0000,0x0000,0x0000,0x0000,0x0000,0x0000,0x0000,0x0000,0x0000,0x0000,0x0000,0x0000,0x0000,0x0000,
  0x0000,0x0000,0x0000,0x0000,0x0000,0x0000,0x0000,0x0000,0x0000,0x0000,0x0000,0x0000,0xEBF1,0xEBF1,0x0000,0x0000,
  0x630C,0x630C,0x630C,0x630C,0x0000,0x0000,0x0000,0x0000,0x0000,0x0000,0x0000,0x0000,0x0000,0x0000,0x0000,0x0000,
  0x0000,0x0000,0x0000,0x0000,0x0000,0x0000,0x630C,0x630C,0x630C,0x630C,0x0000,0x0000,0xEBF1,0xEBF1,0x0000,0x0000,
  0x0000,0x0000,0x0000,0x0000,0x0000,0x0000,0x0000,0x0000,0x0000,0x0000,0x0000,0x0000,0x0000,0x0000,0x0000,0x0000,
  0x0000,0x0000,0x0000,0x0000,0x0000,0x0000,0x0000,0x0000,0x0000,0x0000,0x0000,0x0000,0xEBF1,0xEBF1,0x0000,0x0000,
  0x630C,0x630C,0x630C,0x630C,0x0000,0x0000,0x0000,0x0000,0x0000,0x0000,0x0000,0x0000,0x0000,0x0000,0x0000,0x0000,
  0x0000,0x0000,0x0000,0x0000,0x0000,0x0000,0x630C,0x630C,0x630C,0x630C,0x0000,0x0000,0xEBF1,0xEBF1,0x0000,0x0000,
  0x0000,0x0000,0x0000,0x0000,0x0000,0x0000,0x0000,0x0000,0x0000,0x0000,0x0000,0x0000,0x0000,0x0000,0x0000,0x0000,
  0x0000,0x0000,0x0000,0x0000,0x0000,0x0000,0x0000,0x0000,0x0000,0x0000,0x0000,0x0000,0xEBF1,0xEBF1,0x0000,0x0000,
  0x630C,0x630C,0x630C,0x630C,0x630C,0x630C,0x0000,0x0000,0x0000,0x0000,0x0000,0x0000,0x0000,0x0000,0x0000,0x0000,
  0x0000,0x0000,0x0000,0x0000,0x630C,0x630C,0x630C,0x630C,0x630C,0x630C,0x0000,0x0000,0xEBF1,0xEBF1,0x0000,0x0000,
  0x0000,0x0000,0x0000,0x0000,0x0000,0x0000,0x0000,0x0000,0x0000,0x0000,0x0000,0x0000,0x0000,0x0000,0x0000,0x0000,
  0x0000,0x0000,0x0000,0x0000,0x0000,0x0000,0x0000,0x0000,0x0000,0x0000,0x0000,0x0000,0xEBF1,0xEBF1,0x0000,0x0000,
  0x630C,0x630C,0x630C,0x630C,0x630C,0x630C,0x0000,0x0000,0x0000,0x0000,0x0000,0x0000,0x0000,0x0000,0x0000,0x0000,
  0x0000,0x0000,0x0000,0x0000,0x630C,0x630C,0x630C,0x630C,0x630C,0x630C,0x0000,0x0000,0xEBF1,0xEBF1,0x0000,0x0000,
  0x0000,0x0000,0x0000,0x0000,0x0000,0x0000,0x0000,0x0000,0x0000,0x0000,0x0000,0x0000,0x0000,0x0000,0x0000,0x0000,
  0x0000,0x0000,0x0000,0x0000,0x0000,0x0000,0x0000,0x0000,0x0000,0x0000,0x0000,0x0000,0xEBF1,0xEBF1,0xEBF1,0xEBF1,
  0x0000,0x0000,0x630C,0x630C,0x630C,0x630C,0x4229,0x4229,0x630C,0x630C,0x4229,0x4229,0x4229,0x4229,0x4229,0x4229,
  0x630C,0x630C,0x4229,0x4229,0x630C,0x630C,0x630C,0x630C,0x630C,0x630C,0xEBF1,0xEBF1,0xEBF1,0xEBF1,0x0000,0x0000,
  0x0000,0x0000,0x0000,0x0000,0x0000,0x0000,0x0000,0x0000,0x0000,0x0000,0x0000,0x0000,0x0000,0x0000,0x0000,0x0000,
  0x0000,0x0000,0x0000,0x0000,0x0000,0x0000,0x0000,0x0000,0x0000,0x0000,0x0000,0x0000,0xEBF1,0xEBF1,0xEBF1,0xEBF1,
  0x0000,0x0000,0x630C,0x630C,0x630C,0x630C,0x4229,0x4229,0x630C,0x630C,0x4229,0x4229,0x4229,0x4229,0x4229,0x4229,
  0x630C,0x630C,0x4229,0x4229,0x630C,0x630C,0x630C,0x630C,0x630C,0x630C,0xEBF1,0xEBF1,0xEBF1,0xEBF1,0x0000,0x0000,
  0x0000,0x0000,0x0000,0x0000,0x0000,0x0000,0x0000,0x0000,0x0000,0x0000,0x0000,0x0000,0x0000,0x0000,0x0000,0x0000,
  0x0000,0x0000,0x0000,0x0000,0x0000,0x0000,0x0000,0x0000,0x0000,0x0000,0x0000,0x0000,0xEBF1,0xEBF1,0xEBF1,0xEBF1,
  0x0000,0x0000,0x630C,0x630C,0x630C,0x630C,0x4229,0x4229,0x630C,0x630C,0x4229,0x4229,0x4229,0x4229,0x4229,0x4229,
  0x630C,0x630C,0x4229,0x4229,0x630C,0x630C,0x630C,0x630C,0xEBF1,0xEBF1,0xEBF1,0xEBF1,0xEBF1,0xEBF1,0x0000,0x0000,
  0x0000,0x0000,0x0000,0x0000,0x0000,0x0000,0x0000,0x0000,0x0000,0x0000,0x0000,0x0000,0x0000,0x0000,0x0000,0x0000,
  0x0000,0x0000,0x0000,0x0000,0x0000,0x0000,0x0000,0x0000,0x0000,0x0000,0x0000,0x0000,0xEBF1,0xEBF1,0xEBF1,0xEBF1,
  0x0000,0x0000,0x630C,0x630C,0x630C,0x630C,0x4229,0x4229,0x630C,0x630C,0x4229,0x4229,0x4229,0x4229,0x4229,0x4229,
  0x630C,0x630C,0x4229,0x4229,0x630C,0x630C,0x630C,0x630C,0xEBF1,0xEBF1,0xEBF1,0xEBF1,0xEBF1,0xEBF1,0x0000,0x0000,
  0x0000,0x0000,0x0000,0x0000,0x0000,0x0000,0x0000,0x0000,0x0000,0x0000,0x0000,0x0000,0x0000,0x0000,0x0000,0x0000,
  0x0000,0x0000,0x0000,0x0000,0x0000,0x0000,0x0000,0x0000,0x0000,0x0000,0x0000,0x0000,0xEBF1,0xEBF1,0xEBF1,0xEBF1,
  0x630C,0x630C,0x630C,0x630C,0x630C,0x630C,0x630C,0x630C,0x630C,0x630C,0x630C,0x630C,0x4229,0x4229,0x630C,0x630C,
  0x630C,0x630C,0x630C,0x630C,0x630C,0x630C,0x630C,0x630C,0x0000,0x0000,0xEBF1,0xEBF1,0x0000,0x0000,0x0000,0x0000,
  0x0000,0x0000,0x0000,0x0000,0x0000,0x0000,0x0000,0x0000,0x0000,0x0000,0x0000,0x0000,0x0000,0x0000,0x0000,0x0000,
  0x0000,0x0000,0x0000,0x0000,0x0000,0x0000,0x0000,0x0000,0x0000,0x0000,0x0000,0x0000,0xEBF1,0xEBF1,0xEBF1,0xEBF1,
  0x630C,0x630C,0x630C,0x630C,0x630C,0x630C,0x630C,0x630C,0x630C,0x630C,0x630C,0x630C,0x4229,0x4229,0x630C,0x630C,
  0x630C,0x630C,0x630C,0x630C,0x630C,0x630C,0x630C,0x630C,0x0000,0x0000,0xEBF1,0xEBF1,0x0000,0x0000,0x0000,0x0000,
  0x0000,0x0000,0x0000,0x0000,0x0000,0x0000,0x0000,0x0000,0x0000,0x0000,0x0000,0x0000,0x0000,0x0000,0x0000,0x0000,
  0x0000,0x0000,0x0000,0x0000,0x0000,0x0000,0x0000,0x0000,0x0000,0x0000,0x0000,0x0000,0x0000,0x0000,0x630C,0x630C,
  0x630C,0x630C,0x630C,0x630C,0x0000,0x0000,0x0000,0x0000,0x0000,0x0000,0x630C,0x630C,0x4229,0x4229,0x630C,0x630C,
  0x0000,0x0000,0x0000,0x0000,0x0000,0x0000,0x630C,0x630C,0x630C,0x630C,0x0000,0x0000,0x0000,0x0000,0x0000,0x0000,
  0x0000,0x0000,0x0000,0x0000,0x0000,0x0000,0x0000,0x0000,0x0000,0x0000,0x0000,0x0000,0x0000,0x0000,0x0000,0x0000,
  0x0000,0x0000,0x0000,0x0000,0x0000,0x0000,0x0000,0x0000,0x0000,0x0000,0x0000,0x0000,0x0000,0x0000,0x630C,0x630C,
  0x630C,0x630C,0x630C,0x630C,0x0000,0x0000,0x0000,0x0000,0x0000,0x0000,0x630C,0x630C,0x4229,0x4229,0x630C,0x630C,
  0x0000,0x0000,0x0000,0x0000,0x0000,0x0000,0x630C,0x630C,0x630C,0x630C,0x0000,0x0000,0x0000,0x0000,0x0000,0x0000,
  0x0000,0x0000,0x0000,0x0000,0x0000,0x0000,0x0000,0x0000,0x0000,0x0000,0x0000,0x0000,0x0000,0x0000,0x0000,0x0000,
  0x0000,0x0000,0x0000,0x0000,0x0000,0x0000,0x0000,0x0000,0x0000,0x0000,0x0000,0x0000,0x0000,0x0000,0x630C,0x630C,
  0x630C,0x630C,0x0000,0x0000,0x9F2A,0x9F2A,0x0000,0x0000,0x9F2A,0x9F2A,0x630C,0x630C,0x630C,0x630C,0x630C,0x630C,
  0x9F2A,0x9F2A,0x0000,0x0000,0x9F2A,0x9F2A,0x0000,0x0000,0x630C,0x630C,0x630C,0x630C,0x0000,0x0000,0x0000,0x0000,
  0x0000,0x0000,0x0000,0x0000,0x0000,0x0000,0x0000,0x0000,0x0000,0x0000,0x0000,0x0000,0x0000,0x0000,0x0000,0x0000,
  0x0000,0x0000,0x0000,0x0000,0x0000,0x0000,0x0000,0x0000,0x0000,0x0000,0x0000,0x0000,0x0000,0x0000,0x630C,0x630C,
  0x630C,0x630C,0x0000,0x0000,0x9F2A,0x9F2A,0x0000,0x0000,0x9F2A,0x9F2A,0x630C,0x630C,0x630C,0x630C,0x630C,0x630C,
  0x9F2A,0x9F2A,0x0000,0x0000,0x9F2A,0x9F2A,0x0000,0x0000,0x630C,0x630C,0x630C,0x630C,0x0000,0x0000,0x0000,0x0000,
  0x0000,0x0000,0x0000,0x0000,0x0000,0x0000,0x0000,0x0000,0x0000,0x0000,0x0000,0x0000,0x0000,0x0000,0x0000,0x0000,
  0x0000,0x0000,0x0000,0x0000,0x0000,0x0000,0x0000,0x0000,0x0000,0x0000,0x0000,0x0000,0x0000,0x0000,0x630C,0x630C,
  0x630C,0x630C,0x0000,0x0000,0x9F2A,0x9F2A,0x0000,0x0000,0x9F2A,0x9F2A,0x630C,0x630C,0x630C,0x630C,0x630C,0x630C,
  0x9F2A,0x9F2A,0x0000,0x0000,0x9F2A,0x9F2A,0x0000,0x0000,0x630C,0x630C,0x630C,0x630C,0x0000,0x0000,0x0000,0x0000,
  0x0000,0x0000,0x0000,0x0000,0x0000,0x0000,0x0000,0x0000,0x0000,0x0000,0x0000,0x0000,0x0000,0x0000,0x0000,0x0000,
  0x0000,0x0000,0x0000,0x0000,0x0000,0x0000,0x0000,0x0000,0x0000,0x0000,0x0000,0x0000,0x0000,0x0000,0x630C,0x630C,
  0x630C,0x630C,0x0000,0x0000,0x9F2A,0x9F2A,0x0000,0x0000,0x9F2A,0x9F2A,0x630C,0x630C,0x630C,0x630C,0x630C,0x630C,
  0x9F2A,0x9F2A,0x0000,0x0000,0x9F2A,0x9F2A,0x0000,0x0000,0x630C,0x630C,0x630C,0x630C,0x0000,0x0000,0x0000,0x0000,
  0x0000,0x0000,0x0000,0x0000,0x0000,0x0000,0x0000,0x0000,0x0000,0x0000,0x0000,0x0000,0x0000,0x0000,0x0000,0x0000,
  0x0000,0x0000,0x0000,0x0000,0x0000,0x0000,0x0000,0x0000,0xFFFF,0xFFFF,0xFFFF,0xFFFF,0x630C,0x630C,0x630C,0x630C,
  0x630C,0x630C,0x630C,0x630C,0x630C,0x630C,0x630C,0x630C,0xD6BA,0xD6BA,0xD6BA,0xD6BA,0xD6BA,0xD6BA,0xD6BA,0xD6BA,
  0xD6BA,0xD6BA,0x630C,0x630C,0x630C,0x630C,0x630C,0x630C,0x630C,0x630C,0x630C,0x630C,0xFFFF,0xFFFF,0xFFFF,0xFFFF,
  0xFFFF,0xFFFF,0x0000,0x0000,0x0000,0x0000,0x0000,0x0000,0x0000,0x0000,0x0000,0x0000,0x0000,0x0000,0x0000,0x0000,
  0x0000,0x0000,0x0000,0x0000,0x0000,0x0000,0x0000,0x0000,0xFFFF,0xFFFF,0xFFFF,0xFFFF,0x630C,0x630C,0x630C,0x630C,
  0x630C,0x630C,0x630C,0x630C,0x630C,0x630C,0x630C,0x630C,0xD6BA,0xD6BA,0xD6BA,0xD6BA,0xD6BA,0xD6BA,0xD6BA,0xD6BA,
  0xD6BA,0xD6BA,0x630C,0x630C,0x630C,0x630C,0x630C,0x630C,0x630C,0x630C,0x630C,0x630C,0xFFFF,0xFFFF,0xFFFF,0xFFFF,
  0xFFFF,0xFFFF,0x0000,0x0000,0x0000,0x0000,0x0000,0x0000,0x0000,0x0000,0x0000,0x0000,0x0000,0x0000,0x0000,0x0000,
  0x0000,0x0000,0x0000,0x0000,0x0000,0x0000,0x0000,0x0000,0x0000,0x0000,0x0000,0x0000,0xFFFF,0xFFFF,0xFFFF,0xFFFF,
  0x630C,0x630C,0x630C,0x630C,0x630C,0x630C,0xD6BA,0xD6BA,0xD6BA,0xD6BA,0xEBF1,0xEBF1,0xEBF1,0xEBF1,0xEBF1,0xEBF1,
  0xD6BA,0xD6BA,0xD6BA,0xD6BA,0x630C,0x630C,0x630C,0x630C,0xFFFF,0xFFFF,0xFFFF,0xFFFF,0xFFFF,0xFFFF,0x0000,0x0000,
  0x0000,0x0000,0x0000,0x0000,0x0000,0x0000,0x0000,0x0000,0x0000,0x0000,0x0000,0x0000,0x0000,0x0000,0x0000,0x0000,
  0x0000,0x0000,0x0000,0x0000,0x0000,0x0000,0x0000,0x0000,0x0000,0x0000,0x0000,0x0000,0xFFFF,0xFFFF,0xFFFF,0xFFFF,
  0x630C,0x630C,0x630C,0x630C,0x630C,0x630C,0xD6BA,0xD6BA,0xD6BA,0xD6BA,0xEBF1,0xEBF1,0xEBF1,0xEBF1,0xEBF1,0xEBF1,
  0xD6BA,0xD6BA,0xD6BA,0xD6BA,0x630C,0x630C,0x630C,0x630C,0xFFFF,0xFFFF,0xFFFF,0xFFFF,0xFFFF,0xFFFF,0x0000,0x0000,
  0x0000,0x0000,0x0000,0x0000,0x0000,0x0000,0x0000,0x0000,0x0000,0x0000,0x0000,0x0000,0x0000,0x0000,0x0000,0x0000,
  0x0000,0x0000,0x0000,0x0000,0x0000,0x0000,0x0000,0x0000,0x0000,0x0000,0x0000,0x0000,0x630C,0x630C,0x630C,0x630C,
  0x630C,0x630C,0x630C,0x630C,0xD6BA,0xD6BA,0xD6BA,0xD6BA,0xD6BA,0xD6BA,0xD6BA,0xD6BA,0x0000,0x0000,0xD6BA,0xD6BA,
  0xD6BA,0xD6BA,0xD6BA,0xD6BA,0xD6BA,0xD6BA,0x630C,0x630C,0x630C,0x630C,0x630C,0x630C,0x630C,0x630C,0x0000,0x0000,
  0x0000,0x0000,0x0000,0x0000,0x0000,0x0000,0x0000,0x0000,0x0000,0x0000,0x0000,0x0000,0x0000,0x0000,0x0000,0x0000,
  0x0000,0x0000,0x0000,0x0000,0x0000,0x0000,0x0000,0x0000,0x0000,0x0000,0x0000,0x0000,0x630C,0x630C,0x630C,0x630C,
  0x630C,0x630C,0x630C,0x630C,0xD6BA,0xD6BA,0xD6BA,0xD6BA,0xD6BA,0xD6BA,0xD6BA,0xD6BA,0x0000,0x0000,0xD6BA,0xD6BA,
  0xD6BA,0xD6BA,0xD6BA,0xD6BA,0xD6BA,0xD6BA,0x630C,0x630C,0x630C,0x630C,0x630C,0x630C,0x630C,0x630C,0x0000,0x0000,
  0x0000,0x0000,0x0000,0x0000,0x0000,0x0000,0x0000,0x0000,0x0000,0x0000,0x0000,0x0000,0x0000,0x0000,0x0000,0x0000,
  0x0000,0x0000,0x0000,0x0000,0x0000,0x0000,0x0000,0x0000,0x0000,0x0000,0xFFFF,0xFFFF,0xFFFF,0xFFFF,0xFFFF,0xFFFF,
  0x630C,0x630C,0xD6BA,0xD6BA,0xD6BA,0xD6BA,0xD6BA,0xD6BA,0xD6BA,0xD6BA,0x0000,0x0000,0xD6BA,0xD6BA,0x0000,0x0000,
  0xD6BA,0xD6BA,0xD6BA,0xD6BA,0xD6BA,0xD6BA,0xD6BA,0xD6BA,0xFFFF,0xFFFF,0xFFFF,0xFFFF,0xFFFF,0xFFFF,0x0000,0x0000,
  0x0000,0x0000,0x0000,0x0000,0x0000,0x0000,0x0000,0x0000,0x0000,0x0000,0x0000,0x0000,0x0000,0x0000,0x0000,0x0000,
  0x0000,0x0000,0x0000,0x0000,0x0000,0x0000,0x0000,0x0000,0x0000,0x0000,0xFFFF,0xFFFF,0xFFFF,0xFFFF,0xFFFF,0xFFFF,
  0x630C,0x630C,0xD6BA,0xD6BA,0xD6BA,0xD6BA,0xD6BA,0xD6BA,0xD6BA,0xD6BA,0x0000,0x0000,0xD6BA,0xD6BA,0x0000,0x0000,
  0xD6BA,0xD6BA,0xD6BA,0xD6BA,0xD6BA,0xD6BA,0xD6BA,0xD6BA,0xFFFF,0xFFFF,0xFFFF,0xFFFF,0xFFFF,0xFFFF,0x0000,0x0000,
  0x0000,0x0000,0x0000,0x0000,0x0000,0x0000,0x0000,0x0000,0x0000,0x0000,0x0000,0x0000,0x0000,0x0000,0x0000,0x0000,
  0x0000,0x0000,0x0000,0x0000,0x0000,0x0000,0x0000,0x0000,0x0000,0x0000,0x0000,0x0000,0x0000,0x0000,0x0000,0x0000,
  0xD6BA,0xD6BA,0xD6BA,0xD6BA,0xD6BA,0xD6BA,0xD6BA,0xD6BA,0xD6BA,0xD6BA,0xD6BA,0xD6BA,0xD6BA,0xD6BA,0xD6BA,0xD6BA,
  0xD6BA,0xD6BA,0xD6BA,0xD6BA,0xD6BA,0xD6BA,0xD6BA,0xD6BA,0xD6BA,0xD6BA,0x0000,0x0000,0x0000,0x0000,0x0000,0x0000,
  0x0000,0x0000,0x0000,0x0000,0x0000,0x0000,0x0000,0x0000,0x0000,0x0000,0x0000,0x0000,0x0000,0x0000,0x0000,0x0000,
  0x0000,0x0000,0x0000,0x0000,0x0000,0x0000,0x0000,0x0000,0x0000,0x0000,0x0000,0x0000,0x0000,0x0000,0x0000,0x0000,
  0xD6BA,0xD6BA,0xD6BA,0xD6BA,0xD6BA,0xD6BA,0xD6BA,0xD6BA,0xD6BA,0xD6BA,0xD6BA,0xD6BA,0xD6BA,0xD6BA,0xD6BA,0xD6BA,
  0xD6BA,0xD6BA,0xD6BA,0xD6BA,0xD6BA,0xD6BA,0xD6BA,0xD6BA,0xD6BA,0xD6BA,0x0000,0x0000,0x0000,0x0000,0x0000,0x0000,
  0x0000,0x0000,0x0000,0x0000,0x0000,0x0000,0x0000,0x0000,0x0000,0x0000,0x0000,0x0000,0x0000,0x0000,0x0000,0x0000,
  0x0000,0x0000,0x0000,0x0000,0x0000,0x0000,0x0000,0x0000,0x0000,0x0000,0x0000,0x0000,0x0000,0x0000,0x0000,0x0000,
  0xFFFF,0xFFFF,0xD6BA,0xD6BA,0xD6BA,0xD6BA,0xD6BA,0xD6BA,0xD6BA,0xD6BA,0xD6BA,0xD6BA,0xD6BA,0xD6BA,0xD6BA,0xD6BA,
  0xD6BA,0xD6BA,0xD6BA,0xD6BA,0xD6BA,0xD6BA,0xD6BA,0xD6BA,0xFFFF,0xFFFF,0x0000,0x0000,0x0000,0x0000,0x0000,0x0000,
  0x0000,0x0000,0x0000,0x0000,0x0000,0x0000,0x0000,0x0000,0x0000,0x0000,0x0000,0x0000,0x0000,0x0000,0x0000,0x0000,
  0x0000,0x0000,0x0000,0x0000,0x0000,0x0000,0x0000,0x0000,0x0000,0x0000,0x0000,0x0000,0x0000,0x0000,0x0000,0x0000,
  0xFFFF,0xFFFF,0xD6BA,0xD6BA,0xD6BA,0xD6BA,0xD6BA,0xD6BA,0xD6BA,0xD6BA,0xD6BA,0xD6BA,0xD6BA,0xD6BA,0xD6BA,0xD6BA,
  0xD6BA,0xD6BA,0xD6BA,0xD6BA,0xD6BA,0xD6BA,0xD6BA,0xD6BA,0xFFFF,0xFFFF,0x0000,0x0000,0x0000,0x0000,0x0000,0x0000,
  0x0000,0x0000,0x0000,0x0000,0x0000,0x0000,0x0000,0x0000,0x0000,0x0000,0x0000,0x0000,0x0000,0x0000,0x0000,0x0000,
  0x0000,0x0000,0x0000,0x0000,0x0000,0x0000,0x0000,0x0000,0x0000,0x0000,0x0000,0x0000,0x0000,0x0000,0xFFFF,0xFFFF,
  0x0000,0x0000,0x0000,0x0000,0x0000,0x0000,0x0000,0x0000,0xD6BA,0xD6BA,0xD6BA,0xD6BA,0xD6BA,0xD6BA,0xD6BA,0xD6BA,
  0xD6BA,0xD6BA,0x0000,0x0000,0x0000,0x0000,0x0000,0x0000,0x0000,0x0000,0xFFFF,0xFFFF,0x0000,0x0000,0x0000,0x0000,
  0x0000,0x0000,0x0000,0x0000,0x0000,0x0000,0x0000,0x0000,0x0000,0x0000,0x0000,0x0000,0x0000,0x0000,0x0000,0x0000,
  0x0000,0x0000,0x0000,0x0000,0x0000,0x0000,0x0000,0x0000,0x0000,0x0000,0x0000,0x0000,0x0000,0x0000,0xFFFF,0xFFFF,
  0x0000,0x0000,0x0000,0x0000,0x0000,0x0000,0x0000,0x0000,0xD6BA,0xD6BA,0xD6BA,0xD6BA,0xD6BA,0xD6BA,0xD6BA,0xD6BA,
  0xD6BA,0xD6BA,0x0000,0x0000,0x0000,0x0000,0x0000,0x0000,0x0000,0x0000,0xFFFF,0xFFFF,0x0000,0x0000,0x0000,0x0000,
  0x0000,0x0000,0x0000,0x0000,0x0000,0x0000,0x0000,0x0000,0x0000,0x0000,0x0000,0x0000,0x0000,0x0000,0x0000,0x0000,
  0x0000,0x0000,0x0000,0x0000,0x0000,0x0000,0x0000,0x0000,0x0000,0x0000,0x0000,0x0000,0x0000,0x0000,0x0000,0x0000,
  0x0000,0x0000,0x0000,0x0000,0x630C,0x630C,0x630C,0x630C,0x0000,0x0000,0x0000,0x0000,0x0000,0x0000,0x0000,0x0000,
  0x0000,0x0000,0x630C,0x630C,0x630C,0x630C,0x0000,0x0000,0x0000,0x0000,0x0000,0x0000,0x0000,0x0000,0x0000,0x0000,
  0x0000,0x0000,0x0000,0x0000,0x0000,0x0000,0x0000,0x0000,0x0000,0x0000,0x0000,0x0000,0x0000,0x0000,0x0000,0x0000,
  0x0000,0x0000,0x0000,0x0000,0x0000,0x0000,0x0000,0x0000,0x0000,0x0000,0x0000,0x0000,0x0000,0x0000,0x0000,0x0000,
  0x0000,0x0000,0x0000,0x0000,0x630C,0x630C,0x630C,0x630C,0x0000,0x0000,0x0000,0x0000,0x0000,0x0000,0x0000,0x0000,
  0x0000,0x0000,0x630C,0x630C,0x630C,0x630C,0x0000,0x0000,0x0000,0x0000,0x0000,0x0000,0x0000,0x0000,0x0000,0x0000,
  0x0000,0x0000,0x0000,0x0000,0x0000,0x0000,0x0000,0x0000,0x0000,0x0000,0x0000,0x0000,0x0000,0x0000,0x0000,0x0000,
  0x0000,0x0000,0x0000,0x0000,0x0000,0x0000,0x0000,0x0000,0x0000,0x0000,0x0000,0x0000,0x0000,0x0000,0x0000,0x0000,
  0x0000,0x0000,0x0000,0x0000,0x630C,0x630C,0x630C,0x630C,0xD6BA,0xD6BA,0xD6BA,0xD6BA,0xD6BA,0xD6BA,0xD6BA,0xD6BA,
  0xD6BA,0xD6BA,0x630C,0x630C,0x630C,0x630C,0x0000,0x0000,0x0000,0x0000,0x0000,0x0000,0x0000,0x0000,0x0000,0x0000,
  0x0000,0x0000,0x0000,0x0000,0x0000,0x0000,0x0000,0x0000,0x0000,0x0000,0x0000,0x0000,0x0000,0x0000,0x0000,0x0000,
  0x0000,0x0000,0x0000,0x0000,0x0000,0x0000,0x0000,0x0000,0x0000,0x0000,0x0000,0x0000,0x0000,0x0000,0x0000,0x0000,
  0x0000,0x0000,0x0000,0x0000,0x630C,0x630C,0x630C,0x630C,0xD6BA,0xD6BA,0xD6BA,0xD6BA,0xD6BA,0xD6BA,0xD6BA,0xD6BA,
  0xD6BA,0xD6BA,0x630C,0x630C,0x630C,0x630C,0x0000,0x0000,0x0000,0x0000,0x0000,0x0000,0x0000,0x0000,0x0000,0x0000,
  0x0000,0x0000,0x0000,0x0000,0x0000,0x0000,0x0000,0x0000,0x0000,0x0000,0x0000,0x0000,0x0000,0x0000,0x0000,0x0000,
  0x0000,0x0000,0x0000,0x0000,0x0000,0x0000,0x0000,0x0000,0x0000,0x0000,0x0000,0x0000,0x0000,0x0000,0x0000,0x0000,
  0x0000,0x0000,0x0000,0x0000,0x630C,0x630C,0x630C,0x630C,0xD6BA,0xD6BA,0xD6BA,0xD6BA,0xD6BA,0xD6BA,0xD6BA,0xD6BA,
  0xD6BA,0xD6BA,0x630C,0x630C,0x630C,0x630C,0x0000,0x0000,0x0000,0x0000,0x0000,0x0000,0x0000,0x0000,0x0000,0x0000,
  0x0000,0x0000,0x0000,0x0000,0x0000,0x0000,0x0000,0x0000,0x0000,0x0000,0x0000,0x0000,0x0000,0x0000,0x0000,0x0000,
  0x0000,0x0000,0x0000,0x0000,0x0000,0x0000,0x0000,0x0000,0x0000,0x0000,0x0000,0x0000,0x0000,0x0000,0x0000,0x0000,
  0x0000,0x0000,0x0000,0x0000,0x630C,0x630C,0x630C,0x630C,0xD6BA,0xD6BA,0xD6BA,0xD6BA,0xD6BA,0xD6BA,0xD6BA,0xD6BA,
  0xD6BA,0xD6BA,0x630C,0x630C,0x630C,0x630C,0x0000,0x0000,0x0000,0x0000,0x0000,0x0000,0x0000,0x0000,0x0000,0x0000,
  0x0000,0x0000,0x0000,0x0000,0x0000,0x0000,0x0000,0x0000,0x0000,0x0000,0x0000,0x0000,0x0000,0x0000,0x0000,0x0000,
  0x0000,0x0000,0x0000,0x0000,0x0000,0x0000,0x0000,0x0000,0x0000,0x0000,0x0000,0x0000,0x0000,0x0000,0x0000,0x0000,
  0x0000,0x0000,0x0000,0x0000,0x630C,0x630C,0x630C,0x630C,0x630C,0x630C,0xD6BA,0xD6BA,0xD6BA,0xD6BA,0xD6BA,0xD6BA,
  0x630C,0x630C,0x630C,0x630C,0x630C,0x630C,0x0000,0x0000,0x0000,0x0000,0x0000,0x0000,0x0000,0x0000,0x0000,0x0000,
  0x0000,0x0000,0x0000,0x0000,0x630C,0x630C,0x630C,0x630C,0x0000,0x0000,0x0000,0x0000,0x0000,0x0000,0x0000,0x0000,
  0x0000,0x0000,0x0000,0x0000,0x0000,0x0000,0x0000,0x0000,0x0000,0x0000,0x0000,0x0000,0x0000,0x0000,0x0000,0x0000,
  0x0000,0x0000,0x0000,0x0000,0x630C,0x630C,0x630C,0x630C,0x630C,0x630C,0xD6BA,0xD6BA,0xD6BA,0xD6BA,0xD6BA,0xD6BA,
  0x630C,0x630C,0x630C,0x630C,0x630C,0x630C,0x0000,0x0000,0x0000,0x0000,0x0000,0x0000,0x0000,0x0000,0x0000,0x0000,
  0x0000,0x0000,0x0000,0x0000,0x630C,0x630C,0x630C,0x630C,0x0000,0x0000,0x0000,0x0000,0x0000,0x0000,0x0000,0x0000,
  0x0000,0x0000,0x0000,0x0000,0x0000,0x0000,0x0000,0x0000,0x0000,0x0000,0x0000,0x0000,0x0000,0x0000,0x0000,0x0000,
  0x0000,0x0000,0x0000,0x0000,0x630C,0x630C,0x630C,0x630C,0x630C,0x630C,0xD6BA,0xD6BA,0xD6BA,0xD6BA,0xD6BA,0xD6BA,
  0x630C,0x630C,0x630C,0x630C,0x630C,0x630C,0x0000,0x0000,0x0000,0x0000,0x0000,0x0000,0x0000,0x0000,0x0000,0x0000,
  0x0000,0x0000,0x0000,0x0000,0x4229,0x4229,0x4229,0x4229,0x630C,0x630C,0x0000,0x0000,0x0000,0x0000,0x0000,0x0000,
  0x0000,0x0000,0x0000,0x0000,0x0000,0x0000,0x0000,0x0000,0x0000,0x0000,0x0000,0x0000,0x0000,0x0000,0x0000,0x0000,
  0x0000,0x0000,0x0000,0x0000,0x630C,0x630C,0x630C,0x630C,0x630C,0x630C,0xD6BA,0xD6BA,0xD6BA,0xD6BA,0xD6BA,0xD6BA,
  0x630C,0x630C,0x630C,0x630C,0x630C,0x630C,0x0000,0x0000,0x0000,0x0000,0x0000,0x0000,0x0000,0x0000,0x0000,0x0000,
  0x0000,0x0000,0x0000,0x0000,0x4229,0x4229,0x4229,0x4229,0x630C,0x630C,0x0000,0x0000,0x0000,0x0000,0x0000,0x0000,
  0x0000,0x0000,0x0000,0x0000,0x0000,0x0000,0x0000,0x0000,0x0000,0x0000,0x0000,0x0000,0x0000,0x0000,0x0000,0x0000,
  0x0000,0x0000,0x0000,0x0000,0x630C,0x630C,0x630C,0x630C,0x0000,0x0000,0xD6BA,0xD6BA,0xD6BA,0xD6BA,0xD6BA,0xD6BA,
  0x0000,0x0000,0x630C,0x630C,0x630C,0x630C,0x0000,0x0000,0x630C,0x630C,0x0000,0x0000,0x0000,0x0000,0x0000,0x0000,
  0x0000,0x0000,0x0000,0x0000,0x0000,0x0000,0x630C,0x630C,0x630C,0x630C,0x0000,0x0000,0x0000,0x0000,0x0000,0x0000,
  0x0000,0x0000,0x0000,0x0000,0x0000,0x0000,0x0000,0x0000,0x0000,0x0000,0x0000,0x0000,0x0000,0x0000,0x0000,0x0000,
  0x0000,0x0000,0x0000,0x0000,0x630C,0x630C,0x630C,0x630C,0x0000,0x0000,0xD6BA,0xD6BA,0xD6BA,0xD6BA,0xD6BA,0xD6BA,
  0x0000,0x0000,0x630C,0x630C,0x630C,0x630C,0x0000,0x0000,0x630C,0x630C,0x0000,0x0000,0x0000,0x0000,0x0000,0x0000,
  0x0000,0x0000,0x0000,0x0000,0x0000,0x0000,0x630C,0x630C,0x630C,0x630C,0x0000,0x0000,0x0000,0x0000,0x0000,0x0000,
  0x0000,0x0000,0x0000,0x0000,0x0000,0x0000,0x0000,0x0000,0x0000,0x0000,0x0000,0x0000,0x0000,0x0000,0x0000,0x0000,
  0x0000,0x0000,0x0000,0x0000,0x630C,0x630C,0x630C,0x630C,0x630C,0x630C,0x0000,0x0000,0xD6BA,0xD6BA,0x0000,0x0000,
  0x630C,0x630C,0x630C,0x630C,0x630C,0x630C,0x0000,0x0000,0x630C,0x630C,0x4229,0x4229,0x630C,0x630C,0x0000,0x0000,
  0x0000,0x0000,0x0000,0x0000,0x0000,0x0000,0x4229,0x4229,0x630C,0x630C,0x0000,0x0000,0x0000,0x0000,0x0000,0x0000,
  0x0000,0x0000,0x0000,0x0000,0x0000,0x0000,0x0000,0x0000,0x0000,0x0000,0x0000,0x0000,0x0000,0x0000,0x0000,0x0000,
  0x0000,0x0000,0x0000,0x0000,0x630C,0x630C,0x630C,0x630C,0x630C,0x630C,0x0000,0x0000,0xD6BA,0xD6BA,0x0000,0x0000,
  0x630C,0x630C,0x630C,0x630C,0x630C,0x630C,0x0000,0x0000,0x630C,0x630C,0x4229,0x4229,0x630C,0x630C,0x0000,0x0000,
  0x0000,0x0000,0x0000,0x0000,0x0000,0x0000,0x4229,0x4229,0x630C,0x630C,0x0000,0x0000,0x0000,0x0000,0x0000,0x0000,
  0x0000,0x0000,0x0000,0x0000,0x0000,0x0000,0x0000,0x0000,0x0000,0x0000,0x0000,0x0000,0x0000,0x0000,0x0000,0x0000,
  0x0000,0x0000,0x0000,0x0000,0x0000,0x0000,0x630C,0x630C,0x630C,0x630C,0x630C,0x630C,0x0000,0x0000,0x630C,0x630C,
  0x630C,0x630C,0x630C,0x630C,0x0000,0x0000,0x0000,0x0000,0x630C,0x630C,0x4229,0x4229,0x630C,0x630C,0x0000,0x0000,
  0x0000,0x0000,0x0000,0x0000,0x0000,0x0000,0x630C,0x630C,0x630C,0x630C,0x0000,0x0000,0x0000,0x0000,0x0000,0x0000,
  0x0000,0x0000,0x0000,0x0000,0x0000,0x0000,0x0000,0x0000,0x0000,0x0000,0x0000,0x0000,0x0000,0x0000,0x0000,0x0000,
  0x0000,0x0000,0x0000,0x0000,0x0000,0x0000,0x630C,0x630C,0x630C,0x630C,0x630C,0x630C,0x0000,0x0000,0x630C,0x630C,
  0x630C,0x630C,0x630C,0x630C,0x0000,0x0000,0x0000,0x0000,0x630C,0x630C,0x4229,0x4229,0x630C,0x630C,0x0000,0x0000,
  0x0000,0x0000,0x0000,0x0000,0x0000,0x0000,0x630C,0x630C,0x630C,0x630C,0x0000,0x0000,0x0000,0x0000,0x0000,0x0000,
  0x0000,0x0000,0x0000,0x0000,0x0000,0x0000,0x0000,0x0000,0x0000,0x0000,0x0000,0x0000,0x0000,0x0000,0x0000,0x0000,
  0x0000,0x0000,0x0000,0x0000,0x0000,0x0000,0x630C,0x630C,0x630C,0x630C,0x630C,0x630C,0x0000,0x0000,0x630C,0x630C,
  0x630C,0x630C,0x630C,0x630C,0x0000,0x0000,0x630C,0x630C,0x630C,0x630C,0x630C,0x630C,0x630C,0x630C,0x4229,0x4229,
  0x0000,0x0000,0x0000,0x0000,0x630C,0x630C,0x630C,0x630C,0x0000,0x0000,0x0000,0x0000,0x0000,0x0000,0x0000,0x0000,
  0x0000,0x0000,0x0000,0x0000,0x0000,0x0000,0x0000,0x0000,0x0000,0x0000,0x0000,0x0000,0x0000,0x0000,0x0000,0x0000,
  0x0000,0x0000,0x0000,0x0000,0x0000,0x0000,0x630C,0x630C,0x630C,0x630C,0x630C,0x630C,0x0000,0x0000,0x630C,0x630C,
  0x630C,0x630C,0x630C,0x630C,0x0000,0x0000,0x630C,0x630C,0x630C,0x630C,0x630C,0x630C,0x630C,0x630C,0x4229,0x4229,
  0x0000,0x0000,0x0000,0x0000,0x630C,0x630C,0x630C,0x630C,0x0000,0x0000,0x0000,0x0000,0x0000,0x0000,0x0000,0x0000,
  0x0000,0x0000,0x0000,0x0000,0x0000,0x0000,0x0000,0x0000,0x0000,0x0000,0x0000,0x0000,0x0000,0x0000,0x0000,0x0000,
  0x0000,0x0000,0x0000,0x0000,0x0000,0x0000,0x630C,0x630C,0xD6BA,0xD6BA,0xD6BA,0xD6BA,0x0000,0x0000,0xD6BA,0xD6BA,
  0xD6BA,0xD6BA,0x630C,0x630C,0x630C,0x630C,0x0000,0x0000,0x630C,0x630C,0x630C,0x630C,0x630C,0x630C,0x4229,0x4229,
  0x0000,0x0000,0x630C,0x630C,0x630C,0x630C,0x0000,0x0000,0x0000,0x0000,0x0000,0x0000,0x0000,0x0000,0x0000,0x0000,
  0x0000,0x0000,0x0000,0x0000,0x0000,0x0000,0x0000,0x0000,0x0000,0x0000,0x0000,0x0000,0x0000,0x0000,0x0000,0x0000,
  0x0000,0x0000,0x0000,0x0000,0x0000,0x0000,0x630C,0x630C,0xD6BA,0xD6BA,0xD6BA,0xD6BA,0x0000,0x0000,0xD6BA,0xD6BA,
  0xD6BA,0xD6BA,0x630C,0x630C,0x630C,0x630C,0x0000,0x0000,0x630C,0x630C,0x630C,0x630C,0x630C,0x630C,0x4229,0x4229,
  0x0000,0x0000,0x630C,0x630C,0x630C,0x630C,0x0000,0x0000,0x0000,0x0000,0x0000,0x0000,0x0000,0x0000,0x0000,0x0000,
  0x0000,0x0000,0x0000,0x0000,0x0000,0x0000,0x0000,0x0000,0x0000,0x0000,0x0000,0x0000,0x0000,0x0000,0x0000,0x0000,
  0x0000,0x0000,0x0000,0x0000,0x630C,0x630C,0x630C,0x630C,0xD6BA,0xD6BA,0x0000,0x0000,0x0000,0x0000,0x0000,0x0000,
  0xD6BA,0xD6BA,0x630C,0x630C,0x630C,0x630C,0x0000,0x0000,0x630C,0x630C,0x630C,0x630C,0x630C,0x630C,0x630C,0x630C,
  0x0000,0x0000,0x630C,0x630C,0x0000,0x0000,0x0000,0x0000,0x0000,0x0000,0x0000,0x0000,0x0000,0x0000,0x0000,0x0000,
  0x0000,0x0000,0x0000,0x0000,0x0000,0x0000,0x0000,0x0000,0x0000,0x0000,0x0000,0x0000,0x0000,0x0000,0x0000,0x0000,
  0x0000,0x0000,0x0000,0x0000,0x630C,0x630C,0x630C,0x630C,0xD6BA,0xD6BA,0x0000,0x0000,0x0000,0x0000,0x0000,0x0000,
  0xD6BA,0xD6BA,0x630C,0x630C,0x630C,0x630C,0x0000,0x0000,0x630C,0x630C,0x630C,0x630C,0x630C,0x630C,0x630C,0x630C,
  0x0000,0x0000,0x630C,0x630C,0x0000,0x0000,0x0000,0x0000,0x0000,0x0000,0x0000,0x0000,0x0000,0x0000,0x0000,0x0000,
};

// catt-pet2.png (64x64)
static const uint16_t catt_pet2[4096] PROGMEM = {
  0x0000,0x0000,0x0000,0x0000,0x0000,0x0000,0x0000,0x0000,0x0000,0x0000,0x0000,0x0000,0x0000,0x0000,0x0000,0x0000,
  0x0000,0x0000,0x0000,0x0000,0x0000,0x0000,0x0000,0x0000,0x0000,0x0000,0x0000,0x0000,0x0000,0x0000,0x0000,0x0000,
  0x0000,0x0000,0x0000,0x0000,0x0000,0x0000,0x0000,0x0000,0x0000,0x0000,0x0000,0x0000,0x0000,0x0000,0x0000,0x0000,
  0x0000,0x0000,0x0000,0x0000,0x0000,0x0000,0x0000,0x0000,0x0000,0x0000,0x0000,0x0000,0x0000,0x0000,0x0000,0x0000,
  0x0000,0x0000,0x0000,0x0000,0x0000,0x0000,0x0000,0x0000,0x0000,0x0000,0x0000,0x0000,0x0000,0x0000,0x0000,0x0000,
  0x0000,0x0000,0x0000,0x0000,0x0000,0x0000,0x0000,0x0000,0x0000,0x0000,0x0000,0x0000,0x0000,0x0000,0x0000,0x0000,
  0x0000,0x0000,0x0000,0x0000,0x0000,0x0000,0x0000,0x0000,0x0000,0x0000,0x0000,0x0000,0x0000,0x0000,0x0000,0x0000,
  0x0000,0x0000,0x0000,0x0000,0x0000,0x0000,0x0000,0x0000,0x0000,0x0000,0x0000,0x0000,0x0000,0x0000,0x0000,0x0000,
  0x0000,0x0000,0x0000,0x0000,0x0000,0x0000,0x0000,0x0000,0x0000,0x0000,0x0000,0x0000,0x0000,0x0000,0x0000,0x0000,
  0x0000,0x0000,0x0000,0x0000,0x0000,0x0000,0x0000,0x0000,0x0000,0x0000,0x0000,0x0000,0x0000,0x0000,0x0000,0x0000,
  0x0000,0x0000,0x0000,0x0000,0x0000,0x0000,0x0000,0x0000,0x0000,0x0000,0x0000,0x0000,0x0000,0x0000,0x0000,0x0000,
  0x0000,0x0000,0x0000,0x0000,0x0000,0x0000,0x0000,0x0000,0x0000,0x0000,0x0000,0x0000,0x0000,0x0000,0x0000,0x0000,
  0x0000,0x0000,0x0000,0x0000,0x0000,0x0000,0x0000,0x0000,0x0000,0x0000,0x0000,0x0000,0x0000,0x0000,0x0000,0x0000,
  0x0000,0x0000,0x0000,0x0000,0x0000,0x0000,0x0000,0x0000,0x0000,0x0000,0x0000,0x0000,0x0000,0x0000,0x0000,0x0000,
  0x0000,0x0000,0x0000,0x0000,0x0000,0x0000,0x0000,0x0000,0x0000,0x0000,0x0000,0x0000,0x0000,0x0000,0x0000,0x0000,
  0x0000,0x0000,0x0000,0x0000,0x0000,0x0000,0x0000,0x0000,0x0000,0x0000,0x0000,0x0000,0x0000,0x0000,0x0000,0x0000,
  0x0000,0x0000,0x0000,0x0000,0x0000,0x0000,0x0000,0x0000,0x0000,0x0000,0x0000,0x0000,0x0000,0x0000,0x0000,0x0000,
  0x0000,0x0000,0x0000,0x0000,0x0000,0x0000,0x0000,0x0000,0x0000,0x0000,0x0000,0x0000,0x0000,0x0000,0x0000,0x0000,
  0x0000,0x0000,0x0000,0x0000,0x0000,0x0000,0x0000,0x0000,0x0000,0x0000,0x0000,0x0000,0x0000,0x0000,0x0000,0x0000,
  0x0000,0x0000,0x0000,0x0000,0x0000,0x0000,0x0000,0x0000,0x0000,0x0000,0x0000,0x0000,0x0000,0x0000,0x0000,0x0000,
  0x0000,0x0000,0x0000,0x0000,0x0000,0x0000,0x0000,0x0000,0x0000,0x0000,0x0000,0x0000,0x0000,0x0000,0x0000,0x0000,
  0x0000,0x0000,0x0000,0x0000,0x0000,0x0000,0x0000,0x0000,0x0000,0x0000,0x0000,0x0000,0x0000,0x0000,0x0000,0x0000,
  0x0000,0x0000,0x0000,0x0000,0x0000,0x0000,0x0000,0x0000,0x0000,0x0000,0x0000,0x0000,0x0000,0x0000,0x0000,0x0000,
  0x0000,0x0000,0x0000,0x0000,0x0000,0x0000,0x0000,0x0000,0x0000,0x0000,0x0000,0x0000,0x0000,0x0000,0x0000,0x0000,
  0x0000,0x0000,0x0000,0x0000,0x0000,0x0000,0x0000,0x0000,0x0000,0x0000,0x0000,0x0000,0x0000,0x0000,0x0000,0x0000,
  0x0000,0x0000,0x0000,0x0000,0x0000,0x0000,0x0000,0x0000,0x0000,0x0000,0x0000,0x0000,0x0000,0x0000,0x0000,0x0000,
  0x0000,0x0000,0x0000,0x0000,0x0000,0x0000,0x0000,0x0000,0x0000,0x0000,0x0000,0x0000,0x0000,0x0000,0x0000,0x0000,
  0x0000,0x0000,0x0000,0x0000,0x0000,0x0000,0x0000,0x0000,0x0000,0x0000,0x0000,0x0000,0x0000,0x0000,0x0000,0x0000,
  0x0000,0x0000,0x0000,0x0000,0x0000,0x0000,0x0000,0x0000,0x0000,0x0000,0x0000,0x0000,0x0000,0x0000,0x0000,0x0000,
  0x0000,0x0000,0x0000,0x0000,0x0000,0x0000,0x0000,0x0000,0x0000,0x0000,0x0000,0x0000,0x0000,0x0000,0x0000,0x0000,
  0x0000,0x0000,0x0000,0x0000,0x0000,0x0000,0x0000,0x0000,0x0000,0x0000,0x0000,0x0000,0x0000,0x0000,0x0000,0x0000,
  0x0000,0x0000,0x0000,0x0000,0x0000,0x0000,0x0000,0x0000,0x0000,0x0000,0x0000,0x0000,0x0000,0x0000,0x0000,0x0000,
  0x0000,0x0000,0x0000,0x0000,0x0000,0x0000,0x0000,0x0000,0x0000,0x0000,0x0000,0x0000,0x0000,0x0000,0x0000,0x0000,
  0x0000,0x0000,0x0000,0x0000,0x0000,0x0000,0x0000,0x0000,0x0000,0x0000,0x0000,0x0000,0x0000,0x0000,0x0000,0x0000,
  0x0000,0x0000,0x0000,0x0000,0x0000,0x0000,0x0000,0x0000,0x0000,0x0000,0x0000,0x0000,0x0000,0x0000,0x0000,0x0000,
  0x0000,0x0000,0x0000,0x0000,0x0000,0x0000,0x0000,0x0000,0x0000,0x0000,0x0000,0x0000,0x0000,0x0000,0x0000,0x0000,
  0x0000,0x0000,0x0000,0x0000,0x0000,0x0000,0x0000,0x0000,0x0000,0x0000,0x0000,0x0000,0x0000,0x0000,0x0000,0x0000,
  0x0000,0x0000,0x0000,0x0000,0x0000,0x0000,0x0000,0x0000,0x0000,0x0000,0x0000,0x0000,0x0000,0x0000,0x0000,0x0000,
  0x0000,0x0000,0x0000,0x0000,0x0000,0x0000,0x0000,0x0000,0x0000,0x0000,0x0000,0x0000,0x0000,0x0000,0x0000,0x0000,
  0x0000,0x0000,0x0000,0x0000,0x0000,0x0000,0x0000,0x0000,0x0000,0x0000,0x0000,0x0000,0x0000,0x0000,0x0000,0x0000,
  0x0000,0x0000,0x0000,0x0000,0x0000,0x0000,0x0000,0x0000,0x0000,0x0000,0x0000,0x0000,0x0000,0x0000,0x630C,0x630C,
  0x630C,0x630C,0x0000,0x0000,0x0000,0x0000,0x0000,0x0000,0x0000,0x0000,0x0000,0x0000,0x0000,0x0000,0x0000,0x0000,
  0x0000,0x0000,0x0000,0x0000,0x0000,0x0000,0x0000,0x0000,0x630C,0x630C,0x630C,0x630C,0x0000,0x0000,0x0000,0x0000,
  0x0000,0x0000,0x0000,0x0000,0x0000,0x0000,0x0000,0x0000,0x0000,0x0000,0x0000,0x0000,0x0000,0x0000,0x0000,0x0000,
  0x0000,0x0000,0x0000,0x0000,0x0000,0x0000,0x0000,0x0000,0x0000,0x0000,0x0000,0x0000,0x0000,0x0000,0x630C,0x630C,
  0x630C,0x630C,0x0000,0x0000,0x0000,0x0000,0x0000,0x0000,0x0000,0x0000,0x0000,0x0000,0x0000,0x0000,0x0000,0x0000,
  0x0000,0x0000,0x0000,0x0000,0x0000,0x0000,0x0000,0x0000,0x630C,0x630C,0x630C,0x630C,0x0000,0x0000,0x0000,0x0000,
  0x0000,0x0000,0x0000,0x0000,0x0000,0x0000,0x0000,0x0000,0x0000,0x0000,0x0000,0x0000,0x0000,0x0000,0x0000,0x0000,
  0x0000,0x0000,0x0000,0x0000,0x0000,0x0000,0x0000,0x0000,0x0000,0x0000,0x0000,0x0000,0xEBF1,0xEBF1,0x0000,0x0000,
  0x630C,0x630C,0x630C,0x630C,0x0000,0x0000,0x0000,0x0000,0x0000,0x0000,0x0000,0x0000,0x0000,0x0000,0x0000,0x0000,
  0x0000,0x0000,0x0000,0x0000,0x0000,0x0000,0x630C,0x630C,0x630C,0x630C,0x0000,0x0000,0xEBF1,0xEBF1,0x0000,0x0000,
  0x0000,0x0000,0x0000,0x0000,0x0000,0x0000,0x0000,0x0000,0x0000,0x0000,0x0000,0x0000,0x0000,0x0000,0x0000,0x0000,
  0x0000,0x0000,0x0000,0x0000,0x0000,0x0000,0x0000,0x0000,0x0000,0x0000,0x0000,0x0000,0xEBF1,0xEBF1,0x0000,0x0000,
  0x630C,0x630C,0x630C,0x630C,0x0000,0x0000,0x0000,0x0000,0x0000,0x0000,0x0000,0x0000,0x0000,0x0000,0x0000,0x0000,
  0x0000,0x0000,0x0000,0x0000,0x0000,0x0000,0x630C,0x630C,0x630C,0x630C,0x0000,0x0000,0xEBF1,0xEBF1,0x0000,0x0000,
  0x0000,0x0000,0x0000,0x0000,0x0000,0x0000,0x0000,0x0000,0x0000,0x0000,0x0000,0x0000,0x0000,0x0000,0x0000,0x0000,
  0x0000,0x0000,0x0000,0x0000,0x0000,0x0000,0x0000,0x0000,0x0000,0x0000,0x0000,0x0000,0xEBF1,0xEBF1,0x0000,0x0000,
  0x630C,0x630C,0x630C,0x630C,0x630C,0x630C,0x0000,0x0000,0x0000,0x0000,0x0000,0x0000,0x0000,0x0000,0x0000,0x0000,
  0x0000,0x0000,0x0000,0x0000,0x630C,0x630C,0x630C,0x630C,0x630C,0x630C,0x0000,0x0000,0xEBF1,0xEBF1,0x0000,0x0000,
  0x0000,0x0000,0x0000,0x0000,0x0000,0x0000,0x0000,0x0000,0x0000,0x0000,0x0000,0x0000,0x0000,0x0000,0x0000,0x0000,
  0x0000,0x0000,0x0000,0x0000,0x0000,0x0000,0x0000,0x0000,0x0000,0x0000,0x0000,0x0000,0xEBF1,0xEBF1,0x0000,0x0000,
  0x630C,0x630C,0x630C,0x630C,0x630C,0x630C,0x0000,0x0000,0x0000,0x0000,0x0000,0x0000,0x0000,0x0000,0x0000,0x0000,
  0x0000,0x0000,0x0000,0x0000,0x630C,0x630C,0x630C,0x630C,0x630C,0x630C,0x0000,0x0000,0xEBF1,0xEBF1,0x0000,0x0000,
  0x0000,0x0000,0x0000,0x0000,0x0000,0x0000,0x0000,0x0000,0x0000,0x0000,0x0000,0x0000,0x0000,0x0000,0x0000,0x0000,
  0x0000,0x0000,0x0000,0x0000,0x0000,0x0000,0x0000,0x0000,0x0000,0x0000,0x0000,0x0000,0xEBF1,0xEBF1,0xEBF1,0xEBF1,
  0x0000,0x0000,0x630C,0x630C,0x630C,0x630C,0x4229,0x4229,0x630C,0x630C,0x4229,0x4229,0x4229,0x4229,0x4229,0x4229,
  0x630C,0x630C,0x4229,0x4229,0x630C,0x630C,0x630C,0x630C,0x630C,0x630C,0xEBF1,0xEBF1,0xEBF1,0xEBF1,0x0000,0x0000,
  0x0000,0x0000,0x0000,0x0000,0x0000,0x0000,0x0000,0x0000,0x0000,0x0000,0x0000,0x0000,0x0000,0x0000,0x0000,0x0000,
  0x0000,0x0000,0x0000,0x0000,0x0000,0x0000,0x0000,0x0000,0x0000,0x0000,0x0000,0x0000,0xEBF1,0xEBF1,0xEBF1,0xEBF1,
  0x0000,0x0000,0x630C,0x630C,0x630C,0x630C,0x4229,0x4229,0x630C,0x630C,0x4229,0x4229,0x4229,0x4229,0x4229,0x4229,
  0x630C,0x630C,0x4229,0x4229,0x630C,0x630C,0x630C,0x630C,0x630C,0x630C,0xEBF1,0xEBF1,0xEBF1,0xEBF1,0x0000,0x0000,
  0x0000,0x0000,0x0000,0x0000,0x0000,0x0000,0x0000,0x0000,0x0000,0x0000,0x0000,0x0000,0x0000,0x0000,0x0000,0x0000,
  0x0000,0x0000,0x0000,0x0000,0x0000,0x0000,0x0000,0x0000,0x0000,0x0000,0x0000,0x0000,0xEBF1,0xEBF1,0xEBF1,0xEBF1,
  0x0000,0x0000,0x630C,0x630C,0x630C,0x630C,0x4229,0x4229,0x630C,0x630C,0x4229,0x4229,0x4229,0x4229,0x4229,0x4229,
  0x630C,0x630C,0x4229,0x4229,0x630C,0x630C,0x630C,0x630C,0xEBF1,0xEBF1,0xEBF1,0xEBF1,0xEBF1,0xEBF1,0x0000,0x0000,
  0x0000,0x0000,0x0000,0x0000,0x0000,0x0000,0x0000,0x0000,0x0000,0x0000,0x0000,0x0000,0x0000,0x0000,0x0000,0x0000,
  0x0000,0x0000,0x0000,0x0000,0x0000,0x0000,0x0000,0x0000,0x0000,0x0000,0x0000,0x0000,0xEBF1,0xEBF1,0xEBF1,0xEBF1,
  0x0000,0x0000,0x630C,0x630C,0x630C,0x630C,0x4229,0x4229,0x630C,0x630C,0x4229,0x4229,0x4229,0x4229,0x4229,0x4229,
  0x630C,0x630C,0x4229,0x4229,0x630C,0x630C,0x630C,0x630C,0xEBF1,0xEBF1,0xEBF1,0xEBF1,0xEBF1,0xEBF1,0x0000,0x0000,
  0x0000,0x0000,0x0000,0x0000,0x0000,0x0000,0x0000,0x0000,0x0000,0x0000,0x0000,0x0000,0x0000,0x0000,0x0000,0x0000,
  0x0000,0x0000,0x0000,0x0000,0x0000,0x0000,0x0000,0x0000,0x0000,0x0000,0x0000,0x0000,0xEBF1,0xEBF1,0xEBF1,0xEBF1,
  0x630C,0x630C,0x630C,0x630C,0x630C,0x630C,0x630C,0x630C,0x630C,0x630C,0x630C,0x630C,0x4229,0x4229,0x630C,0x630C,
  0x630C,0x630C,0x630C,0x630C,0x630C,0x630C,0x630C,0x630C,0x0000,0x0000,0xEBF1,0xEBF1,0x0000,0x0000,0x0000,0x0000,
  0x0000,0x0000,0x0000,0x0000,0x0000,0x0000,0x0000,0x0000,0x0000,0x0000,0x0000,0x0000,0x0000,0x0000,0x0000,0x0000,
  0x0000,0x0000,0x0000,0x0000,0x0000,0x0000,0x0000,0x0000,0x0000,0x0000,0x0000,0x0000,0xEBF1,0xEBF1,0xEBF1,0xEBF1,
  0x630C,0x630C,0x630C,0x630C,0x630C,0x630C,0x630C,0x630C,0x630C,0x630C,0x630C,0x630C,0x4229,0x4229,0x630C,0x630C,
  0x630C,0x630C,0x630C,0x630C,0x630C,0x630C,0x630C,0x630C,0x0000,0x0000,0xEBF1,0xEBF1,0x0000,0x0000,0x0000,0x0000,
  0x0000,0x0000,0x0000,0x0000,0x0000,0x0000,0x0000,0x0000,0x0000,0x0000,0x0000,0x0000,0x0000,0x0000,0x0000,0x0000,
  0x0000,0x0000,0x0000,0x0000,0x0000,0x0000,0x0000,0x0000,0x0000,0x0000,0x0000,0x0000,0x0000,0x0000,0x630C,0x630C,
  0x630C,0x630C,0x630C,0x630C,0x0000,0x0000,0x0000,0x0000,0x0000,0x0000,0x630C,0x630C,0x4229,0x4229,0x630C,0x630C,
  0x0000,0x0000,0x0000,0x0000,0x0000,0x0000,0x630C,0x630C,0x630C,0x630C,0x0000,0x0000,0x0000,0x0000,0x0000,0x0000,
  0x0000,0x0000,0x0000,0x0000,0x0000,0x0000,0x0000,0x0000,0x0000,0x0000,0x0000,0x0000,0x0000,0x0000,0x0000,0x0000,
  0x0000,0x0000,0x0000,0x0000,0x0000,0x0000,0x0000,0x0000,0x0000,0x0000,0x0000,0x0000,0x0000,0x0000,0x630C,0x630C,
  0x630C,0x630C,0x630C,0x630C,0x0000,0x0000,0x0000,0x0000,0x0000,0x0000,0x630C,0x630C,0x4229,0x4229,0x630C,0x630C,
  0x0000,0x0000,0x0000,0x0000,0x0000,0x0000,0x630C,0x630C,0x630C,0x630C,0x0000,0x0000,0x0000,0x0000,0x0000,0x0000,
  0x0000,0x0000,0x0000,0x0000,0x0000,0x0000,0x0000,0x0000,0x0000,0x0000,0x0000,0x0000,0x0000,0x0000,0x0000,0x0000,
  0x0000,0x0000,0x0000,0x0000,0x0000,0x0000,0x0000,0x0000,0x0000,0x0000,0x0000,0x0000,0x0000,0x0000,0x630C,0x630C,
  0x630C,0x630C,0x0000,0x0000,0x9F2A,0x9F2A,0x0000,0x0000,0x9F2A,0x9F2A,0x630C,0x630C,0x630C,0x630C,0x630C,0x630C,
  0x9F2A,0x9F2A,0x0000,0x0000,0x9F2A,0x9F2A,0x0000,0x0000,0x630C,0x630C,0x630C,0x630C,0x0000,0x0000,0x0000,0x0000,
  0x0000,0x0000,0x0000,0x0000,0x0000,0x0000,0x0000,0x0000,0x0000,0x0000,0x0000,0x0000,0x0000,0x0000,0x0000,0x0000,
  0x0000,0x0000,0x0000,0x0000,0x0000,0x0000,0x0000,0x0000,0x0000,0x0000,0x0000,0x0000,0x0000,0x0000,0x630C,0x630C,
  0x630C,0x630C,0x0000,0x0000,0x9F2A,0x9F2A,0x0000,0x0000,0x9F2A,0x9F2A,0x630C,0x630C,0x630C,0x630C,0x630C,0x630C,
  0x9F2A,0x9F2A,0x0000,0x0000,0x9F2A,0x9F2A,0x0000,0x0000,0x630C,0x630C,0x630C,0x630C,0x0000,0x0000,0x0000,0x0000,
  0x0000,0x0000,0x0000,0x0000,0x0000,0x0000,0x0000,0x0000,0x0000,0x0000,0x0000,0x0000,0x0000,0x0000,0x0000,0x0000,
  0x0000,0x0000,0x0000,0x0000,0x0000,0x0000,0x0000,0x0000,0x0000,0x0000,0x0000,0x0000,0x0000,0x0000,0x630C,0x630C,
  0x630C,0x630C,0x0000,0x0000,0x9F2A,0x9F2A,0x0000,0x0000,0x9F2A,0x9F2A,0x630C,0x630C,0x630C,0x630C,0x630C,0x630C,
  0x9F2A,0x9F2A,0x0000,0x0000,0x9F2A,0x9F2A,0x0000,0x0000,0x630C,0x630C,0x630C,0x630C,0x0000,0x0000,0x0000,0x0000,
  0x0000,0x0000,0x0000,0x0000,0x0000,0x0000,0x0000,0x0000,0x0000,0x0000,0x0000,0x0000,0x0000,0x0000,0x0000,0x0000,
  0x0000,0x0000,0x0000,0x0000,0x0000,0x0000,0x0000,0x0000,0x0000,0x0000,0x0000,0x0000,0x0000,0x0000,0x630C,0x630C,
  0x630C,0x630C,0x0000,0x0000,0x9F2A,0x9F2A,0x0000,0x0000,0x9F2A,0x9F2A,0x630C,0x630C,0x630C,0x630C,0x630C,0x630C,
  0x9F2A,0x9F2A,0x0000,0x0000,0x9F2A,0x9F2A,0x0000,0x0000,0x630C,0x630C,0x630C,0x630C,0x0000,0x0000,0x0000,0x0000,
  0x0000,0x0000,0x0000,0x0000,0x0000,0x0000,0x0000,0x0000,0x0000,0x0000,0x0000,0x0000,0x0000,0x0000,0x0000,0x0000,
  0x0000,0x0000,0x0000,0x0000,0x0000,0x0000,0x0000,0x0000,0xFFFF,0xFFFF,0xFFFF,0xFFFF,0x630C,0x630C,0x630C,0x630C,
  0x630C,0x630C,0x630C,0x630C,0x630C,0x630C,0x630C,0x630C,0xD6BA,0xD6BA,0xD6BA,0xD6BA,0xD6BA,0xD6BA,0xD6BA,0xD6BA,
  0xD6BA,0xD6BA,0x630C,0x630C,0x630C,0x630C,0x630C,0x630C,0x630C,0x630C,0x630C,0x630C,0xFFFF,0xFFFF,0xFFFF,0xFFFF,
  0xFFFF,0xFFFF,0x0000,0x0000,0x0000,0x0000,0x0000,0x0000,0x0000,0x0000,0x0000,0x0000,0x0000,0x0000,0x0000,0x0000,
  0x0000,0x0000,0x0000,0x0000,0x0000,0x0000,0x0000,0x0000,0xFFFF,0xFFFF,0xFFFF,0xFFFF,0x630C,0x630C,0x630C,0x630C,
  0x630C,0x630C,0x630C,0x630C,0x630C,0x630C,0x630C,0x630C,0xD6BA,0xD6BA,0xD6BA,0xD6BA,0xD6BA,0xD6BA,0xD6BA,0xD6BA,
  0xD6BA,0xD6BA,0x630C,0x630C,0x630C,0x630C,0x630C,0x630C,0x630C,0x630C,0x630C,0x630C,0xFFFF,0xFFFF,0xFFFF,0xFFFF,
  0xFFFF,0xFFFF,0x0000,0x0000,0x0000,0x0000,0x0000,0x0000,0x0000,0x0000,0x0000,0x0000,0x0000,0x0000,0x0000,0x0000,
  0x0000,0x0000,0x0000,0x0000,0x0000,0x0000,0x0000,0x0000,0x0000,0x0000,0x0000,0x0000,0xFFFF,0xFFFF,0xFFFF,0xFFFF,
  0x630C,0x630C,0x630C,0x630C,0x630C,0x630C,0xD6BA,0xD6BA,0xD6BA,0xD6BA,0xEBF1,0xEBF1,0xEBF1,0xEBF1,0xEBF1,0xEBF1,
  0xD6BA,0xD6BA,0xD6BA,0xD6BA,0x630C,0x630C,0x630C,0x630C,0xFFFF,0xFFFF,0xFFFF,0xFFFF,0xFFFF,0xFFFF,0x0000,0x0000,
  0x0000,0x0000,0x0000,0x0000,0x0000,0x0000,0x0000,0x0000,0x0000,0x0000,0x0000,0x0000,0x0000,0x0000,0x0000,0x0000,
  0x0000,0x0000,0x0000,0x0000,0x0000,0x0000,0x0000,0x0000,0x0000,0x0000,0x0000,0x0000,0xFFFF,0xFFFF,0xFFFF,0xFFFF,
  0x630C,0x630C,0x630C,0x630C,0x630C,0x630C,0xD6BA,0xD6BA,0xD6BA,0xD6BA,0xEBF1,0xEBF1,0xEBF1,0xEBF1,0xEBF1,0xEBF1,
  0xD6BA,0xD6BA,0xD6BA,0xD6BA,0x630C,0x630C,0x630C,0x630C,0xFFFF,0xFFFF,0xFFFF,0xFFFF,0xFFFF,0xFFFF,0x0000,0x0000,
  0x0000,0x0000,0x0000,0x0000,0x0000,0x0000,0x0000,0x0000,0x0000,0x0000,0x0000,0x0000,0x0000,0x0000,0x0000,0x0000,
  0x0000,0x0000,0x0000,0x0000,0x0000,0x0000,0x0000,0x0000,0x0000,0x0000,0x0000,0x0000,0x630C,0x630C,0x630C,0x630C,
  0x630C,0x630C,0x630C,0x630C,0xD6BA,0xD6BA,0xD6BA,0xD6BA,0xD6BA,0xD6BA,0xD6BA,0xD6BA,0x0000,0x0000,0xD6BA,0xD6BA,
  0xD6BA,0xD6BA,0xD6BA,0xD6BA,0xD6BA,0xD6BA,0x630C,0x630C,0x630C,0x630C,0x630C,0x630C,0x630C,0x630C,0x0000,0x0000,
  0x0000,0x0000,0x0000,0x0000,0x0000,0x0000,0x0000,0x0000,0x0000,0x0000,0x0000,0x0000,0x0000,0x0000,0x0000,0x0000,
  0x0000,0x0000,0x0000,0x0000,0x0000,0x0000,0x0000,0x0000,0x0000,0x0000,0x0000,0x0000,0x630C,0x630C,0x630C,0x630C,
  0x630C,0x630C,0x630C,0x630C,0xD6BA,0xD6BA,0xD6BA,0xD6BA,0xD6BA,0xD6BA,0xD6BA,0xD6BA,0x0000,0x0000,0xD6BA,0xD6BA,
  0xD6BA,0xD6BA,0xD6BA,0xD6BA,0xD6BA,0xD6BA,0x630C,0x630C,0x630C,0x630C,0x630C,0x630C,0x630C,0x630C,0x0000,0x0000,
  0x0000,0x0000,0x0000,0x0000,0x0000,0x0000,0x0000,0x0000,0x0000,0x0000,0x0000,0x0000,0x0000,0x0000,0x0000,0x0000,
  0x0000,0x0000,0x0000,0x0000,0x0000,0x0000,0x0000,0x0000,0x0000,0x0000,0xFFFF,0xFFFF,0xFFFF,0xFFFF,0xFFFF,0xFFFF,
  0x630C,0x630C,0xD6BA,0xD6BA,0xD6BA,0xD6BA,0xD6BA,0xD6BA,0xD6BA,0xD6BA,0x0000,0x0000,0xD6BA,0xD6BA,0x0000,0x0000,
  0xD6BA,0xD6BA,0xD6BA,0xD6BA,0xD6BA,0xD6BA,0xD6BA,0xD6BA,0xFFFF,0xFFFF,0xFFFF,0xFFFF,0xFFFF,0xFFFF,0x0000,0x0000,
  0x0000,0x0000,0x0000,0x0000,0x0000,0x0000,0x0000,0x0000,0x0000,0x0000,0x0000,0x0000,0x0000,0x0000,0x0000,0x0000,
  0x0000,0x0000,0x0000,0x0000,0x0000,0x0000,0x0000,0x0000,0x0000,0x0000,0xFFFF,0xFFFF,0xFFFF,0xFFFF,0xFFFF,0xFFFF,
  0x630C,0x630C,0xD6BA,0xD6BA,0xD6BA,0xD6BA,0xD6BA,0xD6BA,0xD6BA,0xD6BA,0x0000,0x0000,0xD6BA,0xD6BA,0x0000,0x0000,
  0xD6BA,0xD6BA,0xD6BA,0xD6BA,0xD6BA,0xD6BA,0xD6BA,0xD6BA,0xFFFF,0xFFFF,0xFFFF,0xFFFF,0xFFFF,0xFFFF,0x0000,0x0000,
  0x0000,0x0000,0x0000,0x0000,0x0000,0x0000,0x0000,0x0000,0x0000,0x0000,0x0000,0x0000,0x0000,0x0000,0x0000,0x0000,
  0x0000,0x0000,0x0000,0x0000,0x0000,0x0000,0x0000,0x0000,0x0000,0x0000,0x0000,0x0000,0x0000,0x0000,0x0000,0x0000,
  0xD6BA,0xD6BA,0xD6BA,0xD6BA,0xD6BA,0xD6BA,0xD6BA,0xD6BA,0xD6BA,0xD6BA,0xD6BA,0xD6BA,0xD6BA,0xD6BA,0xD6BA,0xD6BA,
  0xD6BA,0xD6BA,0xD6BA,0xD6BA,0xD6BA,0xD6BA,0xD6BA,0xD6BA,0xD6BA,0xD6BA,0x0000,0x0000,0x0000,0x0000,0x0000,0x0000,
  0x0000,0x0000,0x0000,0x0000,0x0000,0x0000,0x0000,0x0000,0x0000,0x0000,0x0000,0x0000,0x0000,0x0000,0x0000,0x0000,
  0x0000,0x0000,0x0000,0x0000,0x0000,0x0000,0x0000,0x0000,0x0000,0x0000,0x0000,0x0000,0x0000,0x0000,0x0000,0x0000,
  0xD6BA,0xD6BA,0xD6BA,0xD6BA,0xD6BA,0xD6BA,0xD6BA,0xD6BA,0xD6BA,0xD6BA,0xD6BA,0xD6BA,0xD6BA,0xD6BA,0xD6BA,0xD6BA,
  0xD6BA,0xD6BA,0xD6BA,0xD6BA,0xD6BA,0xD6BA,0xD6BA,0xD6BA,0xD6BA,0xD6BA,0x0000,0x0000,0x0000,0x0000,0x0000,0x0000,
  0x0000,0x0000,0x0000,0x0000,0x0000,0x0000,0x0000,0x0000,0x0000,0x0000,0x0000,0x0000,0x0000,0x0000,0x0000,0x0000,
  0x0000,0x0000,0x0000,0x0000,0x0000,0x0000,0x0000,0x0000,0x0000,0x0000,0x0000,0x0000,0x0000,0x0000,0x0000,0x0000,
  0xFFFF,0xFFFF,0xD6BA,0xD6BA,0xD6BA,0xD6BA,0xD6BA,0xD6BA,0xD6BA,0xD6BA,0xD6BA,0xD6BA,0xD6BA,0xD6BA,0xD6BA,0xD6BA,
  0xD6BA,0xD6BA,0xD6BA,0xD6BA,0xD6BA,0xD6BA,0xD6BA,0xD6BA,0xFFFF,0xFFFF,0x0000,0x0000,0x0000,0x0000,0x0000,0x0000,
  0x0000,0x0000,0x0000,0x0000,0x0000,0x0000,0x0000,0x0000,0x0000,0x0000,0x0000,0x0000,0x0000,0x0000,0x0000,0x0000,
  0x0000,0x0000,0x0000,0x0000,0x0000,0x0000,0x0000,0x0000,0x0000,0x0000,0x0000,0x0000,0x0000,0x0000,0x0000,0x0000,
  0xFFFF,0xFFFF,0xD6BA,0xD6BA,0xD6BA,0xD6BA,0xD6BA,0xD6BA,0xD6BA,0xD6BA,0xD6BA,0xD6BA,0xD6BA,0xD6BA,0xD6BA,0xD6BA,
  0xD6BA,0xD6BA,0xD6BA,0xD6BA,0xD6BA,0xD6BA,0xD6BA,0xD6BA,0xFFFF,0xFFFF,0x0000,0x0000,0x0000,0x0000,0x0000,0x0000,
  0x0000,0x0000,0x0000,0x0000,0x0000,0x0000,0x0000,0x0000,0x0000,0x0000,0x0000,0x0000,0x0000,0x0000,0x0000,0x0000,
  0x0000,0x0000,0x0000,0x0000,0x0000,0x0000,0x0000,0x0000,0x0000,0x0000,0x0000,0x0000,0x0000,0x0000,0xFFFF,0xFFFF,
  0x0000,0x0000,0x0000,0x0000,0x0000,0x0000,0x0000,0x0000,0xD6BA,0xD6BA,0xD6BA,0xD6BA,0xD6BA,0xD6BA,0xD6BA,0xD6BA,
  0xD6BA,0xD6BA,0x0000,0x0000,0x0000,0x0000,0x0000,0x0000,0x0000,0x0000,0xFFFF,0xFFFF,0x0000,0x0000,0x0000,0x0000,
  0x0000,0x0000,0x0000,0x0000,0x0000,0x0000,0x0000,0x0000,0x0000,0x0000,0x0000,0x0000,0x0000,0x0000,0x0000,0x0000,
  0x0000,0x0000,0x0000,0x0000,0x0000,0x0000,0x0000,0x0000,0x0000,0x0000,0x0000,0x0000,0x0000,0x0000,0xFFFF,0xFFFF,
  0x0000,0x0000,0x0000,0x0000,0x0000,0x0000,0x0000,0x0000,0xD6BA,0xD6BA,0xD6BA,0xD6BA,0xD6BA,0xD6BA,0xD6BA,0xD6BA,
  0xD6BA,0xD6BA,0x0000,0x0000,0x0000,0x0000,0x0000,0x0000,0x0000,0x0000,0xFFFF,0xFFFF,0x0000,0x0000,0x0000,0x0000,
  0x0000,0x0000,0x0000,0x0000,0x0000,0x0000,0x0000,0x0000,0x0000,0x0000,0x0000,0x0000,0x0000,0x0000,0x0000,0x0000,
  0x0000,0x0000,0x0000,0x0000,0x0000,0x0000,0x0000,0x0000,0x0000,0x0000,0x0000,0x0000,0x0000,0x0000,0x0000,0x0000,
  0x0000,0x0000,0x0000,0x0000,0x630C,0x630C,0x630C,0x630C,0x0000,0x0000,0x0000,0x0000,0x0000,0x0000,0x0000,0x0000,
  0x0000,0x0000,0x630C,0x630C,0x630C,0x630C,0x0000,0x0000,0x0000,0x0000,0x0000,0x0000,0x0000,0x0000,0x0000,0x0000,
  0x0000,0x0000,0x0000,0x0000,0x0000,0x0000,0x0000,0x0000,0x0000,0x0000,0x0000,0x0000,0x0000,0x0000,0x0000,0x0000,
  0x0000,0x0000,0x0000,0x0000,0x0000,0x0000,0x0000,0x0000,0x0000,0x0000,0x0000,0x0000,0x0000,0x0000,0x0000,0x0000,
  0x0000,0x0000,0x0000,0x0000,0x630C,0x630C,0x630C,0x630C,0x0000,0x0000,0x0000,0x0000,0x0000,0x0000,0x0000,0x0000,
  0x0000,0x0000,0x630C,0x630C,0x630C,0x630C,0x0000,0x0000,0x0000,0x0000,0x0000,0x0000,0x0000,0x0000,0x0000,0x0000,
  0x0000,0x0000,0x0000,0x0000,0x0000,0x0000,0x0000,0x0000,0x0000,0x0000,0x0000,0x0000,0x0000,0x0000,0x0000,0x0000,
  0x0000,0x0000,0x0000,0x0000,0x0000,0x0000,0x0000,0x0000,0x0000,0x0000,0x0000,0x0000,0x0000,0x0000,0x0000,0x0000,
  0x0000,0x0000,0x0000,0x0000,0x630C,0x630C,0x630C,0x630C,0xD6BA,0xD6BA,0xD6BA,0xD6BA,0xD6BA,0xD6BA,0xD6BA,0xD6BA,
  0xD6BA,0xD6BA,0x630C,0x630C,0x630C,0x630C,0x0000,0x0000,0x0000,0x0000,0x0000,0x0000,0x0000,0x0000,0x0000,0x0000,
  0x0000,0x0000,0x0000,0x0000,0x0000,0x0000,0x0000,0x0000,0x0000,0x0000,0x0000,0x0000,0x0000,0x0000,0x0000,0x0000,
  0x0000,0x0000,0x0000,0x0000,0x0000,0x0000,0x0000,0x0000,0x0000,0x0000,0x0000,0x0000,0x0000,0x0000,0x0000,0x0000,
  0x0000,0x0000,0x0000,0x0000,0x630C,0x630C,0x630C,0x630C,0xD6BA,0xD6BA,0xD6BA,0xD6BA,0xD6BA,0xD6BA,0xD6BA,0xD6BA,
  0xD6BA,0xD6BA,0x630C,0x630C,0x630C,0x630C,0x0000,0x0000,0x0000,0x0000,0x0000,0x0000,0x0000,0x0000,0x0000,0x0000,
  0x0000,0x0000,0x0000,0x0000,0x0000,0x0000,0x0000,0x0000,0x0000,0x0000,0x0000,0x0000,0x0000,0x0000,0x0000,0x0000,
  0x0000,0x0000,0x0000,0x0000,0x0000,0x0000,0x0000,0x0000,0x0000,0x0000,0x0000,0x0000,0x0000,0x0000,0x0000,0x0000,
  0x0000,0x0000,0x0000,0x0000,0x630C,0x630C,0x630C,0x630C,0xD6BA,0xD6BA,0xD6BA,0xD6BA,0xD6BA,0xD6BA,0xD6BA,0xD6BA,
  0xD6BA,0xD6BA,0x630C,0x630C,0x630C,0x630C,0x0000,0x0000,0x0000,0x0000,0x0000,0x0000,0x0000,0x0000,0x0000,0x0000,
  0x0000,0x0000,0x0000,0x0000,0x0000,0x0000,0x0000,0x0000,0x0000,0x0000,0x0000,0x0000,0x0000,0x0000,0x0000,0x0000,
  0x0000,0x0000,0x0000,0x0000,0x0000,0x0000,0x0000,0x0000,0x0000,0x0000,0x0000,0x0000,0x0000,0x0000,0x0000,0x0000,
  0x0000,0x0000,0x0000,0x0000,0x630C,0x630C,0x630C,0x630C,0xD6BA,0xD6BA,0xD6BA,0xD6BA,0xD6BA,0xD6BA,0xD6BA,0xD6BA,
  0xD6BA,0xD6BA,0x630C,0x630C,0x630C,0x630C,0x0000,0x0000,0x0000,0x0000,0x0000,0x0000,0x0000,0x0000,0x0000,0x0000,
  0x0000,0x0000,0x0000,0x0000,0x0000,0x0000,0x0000,0x0000,0x0000,0x0000,0x0000,0x0000,0x0000,0x0000,0x0000,0x0000,
  0x0000,0x0000,0x0000,0x0000,0x0000,0x0000,0x0000,0x0000,0x0000,0x0000,0x0000,0x0000,0x0000,0x0000,0x0000,0x0000,
  0x0000,0x0000,0x0000,0x0000,0x630C,0x630C,0x630C,0x630C,0x630C,0x630C,0xD6BA,0xD6BA,0xD6BA,0xD6BA,0xD6BA,0xD6BA,
  0x630C,0x630C,0x630C,0x630C,0x630C,0x630C,0x0000,0x0000,0x0000,0x0000,0x0000,0x0000,0x0000,0x0000,0x0000,0x0000,
  0x0000,0x0000,0x0000,0x0000,0x630C,0x630C,0x630C,0x630C,0x0000,0x0000,0x0000,0x0000,0x0000,0x0000,0x0000,0x0000,
  0x0000,0x0000,0x0000,0x0000,0x0000,0x0000,0x0000,0x0000,0x0000,0x0000,0x0000,0x0000,0x0000,0x0000,0x0000,0x0000,
  0x0000,0x0000,0x0000,0x0000,0x630C,0x630C,0x630C,0x630C,0x630C,0x630C,0xD6BA,0xD6BA,0xD6BA,0xD6BA,0xD6BA,0xD6BA,
  0x630C,0x630C,0x630C,0x630C,0x630C,0x630C,0x0000,0x0000,0x0000,0x0000,0x0000,0x0000,0x0000,0x0000,0x0000,0x0000,
  0x0000,0x0000,0x0000,0x0000,0x630C,0x630C,0x630C,0x630C,0x0000,0x0000,0x0000,0x0000,0x0000,0x0000,0x0000,0x0000,
  0x0000,0x0000,0x0000,0x0000,0x0000,0x0000,0x0000,0x0000,0x0000,0x0000,0x0000,0x0000,0x0000,0x0000,0x0000,0x0000,
  0x0000,0x0000,0x0000,0x0000,0x630C,0x630C,0x630C,0x630C,0x630C,0x630C,0xD6BA,0xD6BA,0xD6BA,0xD6BA,0xD6BA,0xD6BA,
  0x630C,0x630C,0x630C,0x630C,0x630C,0x630C,0x0000,0x0000,0x0000,0x0000,0x0000,0x0000,0x0000,0x0000,0x0000,0x0000,
  0x0000,0x0000,0x0000,0x0000,0x4229,0x4229,0x4229,0x4229,0x630C,0x630C,0x0000,0x0000,0x0000,0x0000,0x0000,0x0000,
  0x0000,0x0000,0x0000,0x0000,0x0000,0x0000,0x0000,0x0000,0x0000,0x0000,0x0000,0x0000,0x0000,0x0000,0x0000,0x0000,
  0x0000,0x0000,0x0000,0x0000,0x630C,0x630C,0x630C,0x630C,0x630C,0x630C,0xD6BA,0xD6BA,0xD6BA,0xD6BA,0xD6BA,0xD6BA,
  0x630C,0x630C,0x630C,0x630C,0x630C,0x630C,0x0000,0x0000,0x0000,0x0000,0x0000,0x0000,0x0000,0x0000,0x0000,0x0000,
  0x0000,0x0000,0x0000,0x0000,0x4229,0x4229,0x4229,0x4229,0x630C,0x630C,0x0000,0x0000,0x0000,0x0000,0x0000,0x0000,
  0x0000,0x0000,0x0000,0x0000,0x0000,0x0000,0x0000,0x0000,0x0000,0x0000,0x0000,0x0000,0x0000,0x0000,0x0000,0x0000,
  0x0000,0x0000,0x0000,0x0000,0x630C,0x630C,0x630C,0x630C,0x0000,0x0000,0xD6BA,0xD6BA,0xD6BA,0xD6BA,0xD6BA,0xD6BA,
  0x0000,0x0000,0x630C,0x630C,0x630C,0x630C,0x0000,0x0000,0x630C,0x630C,0x0000,0x0000,0x0000,0x0000,0x0000,0x0000,
  0x0000,0x0000,0x0000,0x0000,0x0000,0x0000,0x630C,0x630C,0x630C,0x630C,0x0000,0x0000,0x0000,0x0000,0x0000,0x0000,
  0x0000,0x0000,0x0000,0x0000,0x0000,0x0000,0x0000,0x0000,0x0000,0x0000,0x0000,0x0000,0x0000,0x0000,0x0000,0x0000,
  0x0000,0x0000,0x0000,0x0000,0x630C,0x630C,0x630C,0x630C,0x0000,0x0000,0xD6BA,0xD6BA,0xD6BA,0xD6BA,0xD6BA,0xD6BA,
  0x0000,0x0000,0x630C,0x630C,0x630C,0x630C,0x0000,0x0000,0x630C,0x630C,0x0000,0x0000,0x0000,0x0000,0x0000,0x0000,
  0x0000,0x0000,0x0000,0x0000,0x0000,0x0000,0x630C,0x630C,0x630C,0x630C,0x0000,0x0000,0x0000,0x0000,0x0000,0x0000,
  0x0000,0x0000,0x0000,0x0000,0x0000,0x0000,0x0000,0x0000,0x0000,0x0000,0x0000,0x0000,0x0000,0x0000,0x0000,0x0000,
  0x0000,0x0000,0x0000,0x0000,0x630C,0x630C,0x630C,0x630C,0x630C,0x630C,0x0000,0x0000,0xD6BA,0xD6BA,0x0000,0x0000,
  0x630C,0x630C,0x630C,0x630C,0x630C,0x630C,0x0000,0x0000,0x630C,0x630C,0x4229,0x4229,0x630C,0x630C,0x0000,0x0000,
  0x0000,0x0000,0x0000,0x0000,0x0000,0x0000,0x4229,0x4229,0x630C,0x630C,0x0000,0x0000,0x0000,0x0000,0x0000,0x0000,
  0x0000,0x0000,0x0000,0x0000,0x0000,0x0000,0x0000,0x0000,0x0000,0x0000,0x0000,0x0000,0x0000,0x0000,0x0000,0x0000,
  0x0000,0x0000,0x0000,0x0000,0x630C,0x630C,0x630C,0x630C,0x630C,0x630C,0x0000,0x0000,0xD6BA,0xD6BA,0x0000,0x0000,
  0x630C,0x630C,0x630C,0x630C,0x630C,0x630C,0x0000,0x0000,0x630C,0x630C,0x4229,0x4229,0x630C,0x630C,0x0000,0x0000,
  0x0000,0x0000,0x0000,0x0000,0x0000,0x0000,0x4229,0x4229,0x630C,0x630C,0x0000,0x0000,0x0000,0x0000,0x0000,0x0000,
  0x0000,0x0000,0x0000,0x0000,0x0000,0x0000,0x0000,0x0000,0x0000,0x0000,0x0000,0x0000,0x0000,0x0000,0x0000,0x0000,
  0x0000,0x0000,0x0000,0x0000,0x0000,0x0000,0x630C,0x630C,0x630C,0x630C,0x630C,0x630C,0x0000,0x0000,0x630C,0x630C,
  0x630C,0x630C,0x630C,0x630C,0x0000,0x0000,0x0000,0x0000,0x630C,0x630C,0x4229,0x4229,0x630C,0x630C,0x0000,0x0000,
  0x0000,0x0000,0x0000,0x0000,0x0000,0x0000,0x630C,0x630C,0x630C,0x630C,0x0000,0x0000,0x0000,0x0000,0x0000,0x0000,
  0x0000,0x0000,0x0000,0x0000,0x0000,0x0000,0x0000,0x0000,0x0000,0x0000,0x0000,0x0000,0x0000,0x0000,0x0000,0x0000,
  0x0000,0x0000,0x0000,0x0000,0x0000,0x0000,0x630C,0x630C,0x630C,0x630C,0x630C,0x630C,0x0000,0x0000,0x630C,0x630C,
  0x630C,0x630C,0x630C,0x630C,0x0000,0x0000,0x0000,0x0000,0x630C,0x630C,0x4229,0x4229,0x630C,0x630C,0x0000,0x0000,
  0x0000,0x0000,0x0000,0x0000,0x0000,0x0000,0x630C,0x630C,0x630C,0x630C,0x0000,0x0000,0x0000,0x0000,0x0000,0x0000,
  0x0000,0x0000,0x0000,0x0000,0x0000,0x0000,0x0000,0x0000,0x0000,0x0000,0x0000,0x0000,0x0000,0x0000,0x0000,0x0000,
  0x0000,0x0000,0x0000,0x0000,0x0000,0x0000,0x630C,0x630C,0x630C,0x630C,0x630C,0x630C,0x0000,0x0000,0x630C,0x630C,
  0x630C,0x630C,0x630C,0x630C,0x0000,0x0000,0x630C,0x630C,0x630C,0x630C,0x630C,0x630C,0x630C,0x630C,0x4229,0x4229,
  0x0000,0x0000,0x0000,0x0000,0x630C,0x630C,0x630C,0x630C,0x0000,0x0000,0x0000,0x0000,0x0000,0x0000,0x0000,0x0000,
  0x0000,0x0000,0x0000,0x0000,0x0000,0x0000,0x0000,0x0000,0x0000,0x0000,0x0000,0x0000,0x0000,0x0000,0x0000,0x0000,
  0x0000,0x0000,0x0000,0x0000,0x0000,0x0000,0x630C,0x630C,0x630C,0x630C,0x630C,0x630C,0x0000,0x0000,0x630C,0x630C,
  0x630C,0x630C,0x630C,0x630C,0x0000,0x0000,0x630C,0x630C,0x630C,0x630C,0x630C,0x630C,0x630C,0x630C,0x4229,0x4229,
  0x0000,0x0000,0x0000,0x0000,0x630C,0x630C,0x630C,0x630C,0x0000,0x0000,0x0000,0x0000,0x0000,0x0000,0x0000,0x0000,
  0x0000,0x0000,0x0000,0x0000,0x0000,0x0000,0x0000,0x0000,0x0000,0x0000,0x0000,0x0000,0x0000,0x0000,0x0000,0x0000,
  0x0000,0x0000,0x0000,0x0000,0x0000,0x0000,0x630C,0x630C,0xD6BA,0xD6BA,0xD6BA,0xD6BA,0x0000,0x0000,0xD6BA,0xD6BA,
  0xD6BA,0xD6BA,0x630C,0x630C,0x630C,0x630C,0x0000,0x0000,0x630C,0x630C,0x630C,0x630C,0x630C,0x630C,0x4229,0x4229,
  0x0000,0x0000,0x630C,0x630C,0x630C,0x630C,0x0000,0x0000,0x0000,0x0000,0x0000,0x0000,0x0000,0x0000,0x0000,0x0000,
  0x0000,0x0000,0x0000,0x0000,0x0000,0x0000,0x0000,0x0000,0x0000,0x0000,0x0000,0x0000,0x0000,0x0000,0x0000,0x0000,
  0x0000,0x0000,0x0000,0x0000,0x0000,0x0000,0x630C,0x630C,0xD6BA,0xD6BA,0xD6BA,0xD6BA,0x0000,0x0000,0xD6BA,0xD6BA,
  0xD6BA,0xD6BA,0x630C,0x630C,0x630C,0x630C,0x0000,0x0000,0x630C,0x630C,0x630C,0x630C,0x630C,0x630C,0x4229,0x4229,
  0x0000,0x0000,0x630C,0x630C,0x630C,0x630C,0x0000,0x0000,0x0000,0x0000,0x0000,0x0000,0x0000,0x0000,0x0000,0x0000,
  0x0000,0x0000,0x0000,0x0000,0x0000,0x0000,0x0000,0x0000,0x0000,0x0000,0x0000,0x0000,0x0000,0x0000,0x0000,0x0000,
  0x0000,0x0000,0x0000,0x0000,0x630C,0x630C,0x630C,0x630C,0xD6BA,0xD6BA,0x0000,0x0000,0x0000,0x0000,0x0000,0x0000,
  0xD6BA,0xD6BA,0x630C,0x630C,0x630C,0x630C,0x0000,0x0000,0x630C,0x630C,0x630C,0x630C,0x630C,0x630C,0x630C,0x630C,
  0x0000,0x0000,0x630C,0x630C,0x0000,0x0000,0x0000,0x0000,0x0000,0x0000,0x0000,0x0000,0x0000,0x0000,0x0000,0x0000,
  0x0000,0x0000,0x0000,0x0000,0x0000,0x0000,0x0000,0x0000,0x0000,0x0000,0x0000,0x0000,0x0000,0x0000,0x0000,0x0000,
  0x0000,0x0000,0x0000,0x0000,0x630C,0x630C,0x630C,0x630C,0xD6BA,0xD6BA,0x0000,0x0000,0x0000,0x0000,0x0000,0x0000,
  0xD6BA,0xD6BA,0x630C,0x630C,0x630C,0x630C,0x0000,0x0000,0x630C,0x630C,0x630C,0x630C,0x630C,0x630C,0x630C,0x630C,
  0x0000,0x0000,0x630C,0x630C,0x0000,0x0000,0x0000,0x0000,0x0000,0x0000,0x0000,0x0000,0x0000,0x0000,0x0000,0x0000,
};

// catt-pet3.png (64x64)
static const uint16_t catt_pet3[4096] PROGMEM = {
  0x0000,0x0000,0x0000,0x0000,0x0000,0x0000,0x0000,0x0000,0x0000,0x0000,0x0000,0x0000,0x0000,0x0000,0x0000,0x0000,
  0x0000,0x0000,0x0000,0x0000,0x0000,0x0000,0x0000,0x0000,0x0000,0x0000,0x0000,0x0000,0x0000,0x0000,0x0000,0x0000,
  0x0000,0x0000,0x0000,0x0000,0x0000,0x0000,0x0000,0x0000,0x0000,0x0000,0x0000,0x0000,0x0000,0x0000,0x0000,0x0000,
  0x0000,0x0000,0x0000,0x0000,0x0000,0x0000,0x0000,0x0000,0x0000,0x0000,0x0000,0x0000,0x0000,0x0000,0x0000,0x0000,
  0x0000,0x0000,0x0000,0x0000,0x0000,0x0000,0x0000,0x0000,0x0000,0x0000,0x0000,0x0000,0x0000,0x0000,0x0000,0x0000,
  0x0000,0x0000,0x0000,0x0000,0x0000,0x0000,0x0000,0x0000,0x0000,0x0000,0x0000,0x0000,0x0000,0x0000,0x0000,0x0000,
  0x0000,0x0000,0x0000,0x0000,0x0000,0x0000,0x0000,0x0000,0x0000,0x0000,0x0000,0x0000,0x0000,0x0000,0x0000,0x0000,
  0x0000,0x0000,0x0000,0x0000,0x0000,0x0000,0x0000,0x0000,0x0000,0x0000,0x0000,0x0000,0x0000,0x0000,0x0000,0x0000,
  0x0000,0x0000,0x0000,0x0000,0x0000,0x0000,0x0000,0x0000,0x0000,0x0000,0x0000,0x0000,0x0000,0x0000,0x0000,0x0000,
  0x0000,0x0000,0x0000,0x0000,0x0000,0x0000,0x0000,0x0000,0x0000,0x0000,0x0000,0x0000,0x0000,0x0000,0x0000,0x0000,
  0x0000,0x0000,0x0000,0x0000,0x0000,0x0000,0x0000,0x0000,0x0000,0x0000,0x0000,0x0000,0x0000,0x0000,0x0000,0x0000,
  0x0000,0x0000,0x0000,0x0000,0x0000,0x0000,0x0000,0x0000,0x0000,0x0000,0x0000,0x0000,0x0000,0x0000,0x0000,0x0000,
  0x0000,0x0000,0x0000,0x0000,0x0000,0x0000,0x0000,0x0000,0x0000,0x0000,0x0000,0x0000,0x0000,0x0000,0x0000,0x0000,
  0x0000,0x0000,0x0000,0x0000,0x0000,0x0000,0x0000,0x0000,0x0000,0x0000,0x0000,0x0000,0x0000,0x0000,0x0000,0x0000,
  0x0000,0x0000,0x0000,0x0000,0x0000,0x0000,0x0000,0x0000,0x0000,0x0000,0x0000,0x0000,0x0000,0x0000,0x0000,0x0000,
  0x0000,0x0000,0x0000,0x0000,0x0000,0x0000,0x0000,0x0000,0x0000,0x0000,0x0000,0x0000,0x0000,0x0000,0x0000,0x0000,
  0x0000,0x0000,0x0000,0x0000,0x0000,0x0000,0x0000,0x0000,0x0000,0x0000,0x0000,0x0000,0x0000,0x0000,0x0000,0x0000,
  0x0000,0x0000,0x0000,0x0000,0x0000,0x0000,0x0000,0x0000,0x0000,0x0000,0x0000,0x0000,0x0000,0x0000,0x0000,0x0000,
  0x0000,0x0000,0x0000,0x0000,0x0000,0x0000,0x0000,0x0000,0x0000,0x0000,0x0000,0x0000,0x0000,0x0000,0x0000,0x0000,
  0x0000,0x0000,0x0000,0x0000,0x0000,0x0000,0x0000,0x0000,0x0000,0x0000,0x0000,0x0000,0x0000,0x0000,0x0000,0x0000,
  0x0000,0x0000,0x0000,0x0000,0x0000,0x0000,0x0000,0x0000,0x0000,0x0000,0x0000,0x0000,0x0000,0x0000,0x0000,0x0000,
  0x0000,0x0000,0x0000,0x0000,0x0000,0x0000,0x0000,0x0000,0x0000,0x0000,0x0000,0x0000,0x0000,0x0000,0x0000,0x0000,
  0x0000,0x0000,0x0000,0x0000,0x0000,0x0000,0x0000,0x0000,0x0000,0x0000,0x0000,0x0000,0x0000,0x0000,0x0000,0x0000,
  0x0000,0x0000,0x0000,0x0000,0x0000,0x0000,0x0000,0x0000,0x0000,0x0000,0x0000,0x0000,0x0000,0x0000,0x0000,0x0000,
  0x0000,0x0000,0x0000,0x0000,0x0000,0x0000,0x0000,0x0000,0x0000,0x0000,0x0000,0x0000,0x0000,0x0000,0x0000,0x0000,
  0x0000,0x0000,0x0000,0x0000,0x0000,0x0000,0x0000,0x0000,0x0000,0x0000,0x0000,0x0000,0x0000,0x0000,0x0000,0x0000,
  0x0000,0x0000,0x0000,0x0000,0x0000,0x0000,0x0000,0x0000,0x0000,0x0000,0x0000,0x0000,0x0000,0x0000,0x0000,0x0000,
  0x0000,0x0000,0x0000,0x0000,0x0000,0x0000,0x0000,0x0000,0x0000,0x0000,0x0000,0x0000,0x0000,0x0000,0x0000,0x0000,
  0x0000,0x0000,0x0000,0x0000,0x0000,0x0000,0x0000,0x0000,0x0000,0x0000,0x0000,0x0000,0x0000,0x0000,0x0000,0x0000,
  0x0000,0x0000,0x0000,0x0000,0x0000,0x0000,0x0000,0x0000,0x0000,0x0000,0x0000,0x0000,0x0000,0x0000,0x0000,0x0000,
  0x0000,0x0000,0x0000,0x0000,0x0000,0x0000,0x0000,0x0000,0x0000,0x0000,0x0000,0x0000,0x0000,0x0000,0x0000,0x0000,
  0x0000,0x0000,0x0000,0x0000,0x0000,0x0000,0x0000,0x0000,0x0000,0x0000,0x0000,0x0000,0x0000,0x0000,0x0000,0x0000,
  0x0000,0x0000,0x0000,0x0000,0x0000,0x0000,0x0000,0x0000,0x0000,0x0000,0x0000,0x0000,0x0000,0x0000,0x0000,0x0000,
  0x0000,0x0000,0x0000,0x0000,0x0000,0x0000,0x0000,0x0000,0x0000,0x0000,0x0000,0x0000,0x0000,0x0000,0x0000,0x0000,
  0x0000,0x0000,0x0000,0x0000,0x0000,0x0000,0x0000,0x0000,0x0000,0x0000,0x0000,0x0000,0x0000,0x0000,0x0000,0x0000,
  0x0000,0x0000,0x0000,0x0000,0x0000,0x0000,0x0000,0x0000,0x0000,0x0000,0x0000,0x0000,0x0000,0x0000,0x0000,0x0000,
  0x0000,0x0000,0x0000,0x0000,0x0000,0x0000,0x0000,0x0000,0x0000,0x0000,0x0000,0x0000,0x0000,0x0000,0x0000,0x0000,
  0x0000,0x0000,0x0000,0x0000,0x0000,0x0000,0x0000,0x0000,0x0000,0x0000,0x0000,0x0000,0x0000,0x0000,0x0000,0x0000,
  0x0000,0x0000,0x0000,0x0000,0x0000,0x0000,0x0000,0x0000,0x0000,0x0000,0x0000,0x0000,0x0000,0x0000,0x0000,0x0000,
  0x0000,0x0000,0x0000,0x0000,0x0000,0x0000,0x0000,0x0000,0x0000,0x0000,0x0000,0x0000,0x0000,0x0000,0x0000,0x0000,
  0x0000,0x0000,0x0000,0x0000,0x0000,0x0000,0x0000,0x0000,0x0000,0x0000,0x0000,0x0000,0x0000,0x0000,0x630C,0x630C,
  0x630C,0x630C,0x0000,0x0000,0x0000,0x0000,0x0000,0x0000,0x0000,0x0000,0x0000,0x0000,0x0000,0x0000,0x0000,0x0000,
  0x0000,0x0000,0x0000,0x0000,0x0000,0x0000,0x0000,0x0000,0x630C,0x630C,0x630C,0x630C,0x0000,0x0000,0x0000,0x0000,
  0x0000,0x0000,0x0000,0x0000,0x0000,0x0000,0x0000,0x0000,0x0000,0x0000,0x0000,0x0000,0x0000,0x0000,0x0000,0x0000,
  0x0000,0x0000,0x0000,0x0000,0x0000,0x0000,0x0000,0x0000,0x0000,0x0000,0x0000,0x0000,0x0000,0x0000,0x630C,0x630C,
  0x630C,0x630C,0x0000,0x0000,0x0000,0x0000,0x0000,0x0000,0x0000,0x0000,0x0000,0x0000,0x0000,0x0000,0x0000,0x0000,
  0x0000,0x0000,0x0000,0x0000,0x0000,0x0000,0x0000,0x0000,0x630C,0x630C,0x630C,0x630C,0x0000,0x0000,0x0000,0x0000,
  0x0000,0x0000,0x0000,0x0000,0x0000,0x0000,0x0000,0x0000,0x0000,0x0000,0x0000,0x0000,0x0000,0x0000,0x0000,0x0000,
  0x0000,0x0000,0x0000,0x0000,0x0000,0x0000,0x0000,0x0000,0x0000,0x0000,0x0000,0x0000,0xEBF1,0xEBF1,0x0000,0x0000,
  0x630C,0x630C,0x630C,0x630C,0x0000,0x0000,0x0000,0x0000,0x0000,0x0000,0x0000,0x0000,0x0000,0x0000,0x0000,0x0000,
  0x0000,0x0000,0x0000,0x0000,0x0000,0x0000,0x630C,0x630C,0x630C,0x630C,0x0000,0x0000,0xEBF1,0xEBF1,0x0000,0x0000,
  0x0000,0x0000,0x0000,0x0000,0x0000,0x0000,0x0000,0x0000,0x0000,0x0000,0x0000,0x0000,0x0000,0x0000,0x0000,0x0000,
  0x0000,0x0000,0x0000,0x0000,0x0000,0x0000,0x0000,0x0000,0x0000,0x0000,0x0000,0x0000,0xEBF1,0xEBF1,0x0000,0x0000,
  0x630C,0x630C,0x630C,0x630C,0x0000,0x0000,0x0000,0x0000,0x0000,0x0000,0x0000,0x0000,0x0000,0x0000,0x0000,0x0000,
  0x0000,0x0000,0x0000,0x0000,0x0000,0x0000,0x630C,0x630C,0x630C,0x630C,0x0000,0x0000,0xEBF1,0xEBF1,0x0000,0x0000,
  0x0000,0x0000,0x0000,0x0000,0x0000,0x0000,0x0000,0x0000,0x0000,0x0000,0x0000,0x0000,0x0000,0x0000,0x0000,0x0000,
  0x0000,0x0000,0x0000,0x0000,0x0000,0x0000,0x0000,0x0000,0x0000,0x0000,0x0000,0x0000,0xEBF1,0xEBF1,0x0000,0x0000,
  0x630C,0x630C,0x630C,0x630C,0x630C,0x630C,0x0000,0x0000,0x0000,0x0000,0x0000,0x0000,0x0000,0x0000,0x0000,0x0000,
  0x0000,0x0000,0x0000,0x0000,0x630C,0x630C,0x630C,0x630C,0x630C,0x630C,0x0000,0x0000,0xEBF1,0xEBF1,0x0000,0x0000,
  0x0000,0x0000,0x0000,0x0000,0x0000,0x0000,0x0000,0x0000,0x0000,0x0000,0x0000,0x0000,0x0000,0x0000,0x0000,0x0000,
  0x0000,0x0000,0x0000,0x0000,0x0000,0x0000,0x0000,0x0000,0x0000,0x0000,0x0000,0x0000,0xEBF1,0xEBF1,0x0000,0x0000,
  0x630C,0x630C,0x630C,0x630C,0x630C,0x630C,0x0000,0x0000,0x0000,0x0000,0x0000,0x0000,0x0000,0x0000,0x0000,0x0000,
  0x0000,0x0000,0x0000,0x0000,0x630C,0x630C,0x630C,0x630C,0x630C,0x630C,0x0000,0x0000,0xEBF1,0xEBF1,0x0000,0x0000,
  0x0000,0x0000,0x0000,0x0000,0x0000,0x0000,0x0000,0x0000,0x0000,0x0000,0x0000,0x0000,0x0000,0x0000,0x0000,0x0000,
  0x0000,0x0000,0x0000,0x0000,0x0000,0x0000,0x0000,0x0000,0x0000,0x0000,0x0000,0x0000,0xEBF1,0xEBF1,0xEBF1,0xEBF1,
  0x0000,0x0000,0x630C,0x630C,0x630C,0x630C,0x4229,0x4229,0x630C,0x630C,0x4229,0x4229,0x4229,0x4229,0x4229,0x4229,
  0x630C,0x630C,0x4229,0x4229,0x630C,0x630C,0x630C,0x630C,0x630C,0x630C,0xEBF1,0xEBF1,0xEBF1,0xEBF1,0x0000,0x0000,
  0x0000,0x0000,0x0000,0x0000,0x0000,0x0000,0x0000,0x0000,0x0000,0x0000,0x0000,0x0000,0x0000,0x0000,0x0000,0x0000,
  0x0000,0x0000,0x0000,0x0000,0x0000,0x0000,0x0000,0x0000,0x0000,0x0000,0x0000,0x0000,0xEBF1,0xEBF1,0xEBF1,0xEBF1,
  0x0000,0x0000,0x630C,0x630C,0x630C,0x630C,0x4229,0x4229,0x630C,0x630C,0x4229,0x4229,0x4229,0x4229,0x4229,0x4229,
  0x630C,0x630C,0x4229,0x4229,0x630C,0x630C,0x630C,0x630C,0x630C,0x630C,0xEBF1,0xEBF1,0xEBF1,0xEBF1,0x0000,0x0000,
  0x0000,0x0000,0x0000,0x0000,0x0000,0x0000,0x0000,0x0000,0x0000,0x0000,0x0000,0x0000,0x0000,0x0000,0x0000,0x0000,
  0x0000,0x0000,0x0000,0x0000,0x0000,0x0000,0x0000,0x0000,0x0000,0x0000,0x0000,0x0000,0xEBF1,0xEBF1,0xEBF1,0xEBF1,
  0x0000,0x0000,0x630C,0x630C,0x630C,0x630C,0x4229,0x4229,0x630C,0x630C,0x4229,0x4229,0x4229,0x4229,0x4229,0x4229,
  0x630C,0x630C,0x4229,0x4229,0x630C,0x630C,0x630C,0x630C,0xEBF1,0xEBF1,0xEBF1,0xEBF1,0xEBF1,0xEBF1,0x0000,0x0000,
  0x0000,0x0000,0x0000,0x0000,0x0000,0x0000,0x0000,0x0000,0x0000,0x0000,0x0000,0x0000,0x0000,0x0000,0x0000,0x0000,
  0x0000,0x0000,0x0000,0x0000,0x0000,0x0000,0x0000,0x0000,0x0000,0x0000,0x0000,0x0000,0xEBF1,0xEBF1,0xEBF1,0xEBF1,
  0x0000,0x0000,0x630C,0x630C,0x630C,0x630C,0x4229,0x4229,0x630C,0x630C,0x4229,0x4229,0x4229,0x4229,0x4229,0x4229,
  0x630C,0x630C,0x4229,0x4229,0x630C,0x630C,0x630C,0x630C,0xEBF1,0xEBF1,0xEBF1,0xEBF1,0xEBF1,0xEBF1,0x0000,0x0000,
  0x0000,0x0000,0x0000,0x0000,0x0000,0x0000,0x0000,0x0000,0x0000,0x0000,0x0000,0x0000,0x0000,0x0000,0x0000,0x0000,
  0x0000,0x0000,0x0000,0x0000,0x0000,0x0000,0x0000,0x0000,0x0000,0x0000,0x0000,0x0000,0xEBF1,0xEBF1,0xEBF1,0xEBF1,
  0x630C,0x630C,0x630C,0x630C,0x630C,0x630C,0x630C,0x630C,0x630C,0x630C,0x630C,0x630C,0x4229,0x4229,0x630C,0x630C,
  0x630C,0x630C,0x630C,0x630C,0x630C,0x630C,0x630C,0x630C,0x0000,0x0000,0xEBF1,0xEBF1,0x0000,0x0000,0x0000,0x0000,
  0x0000,0x0000,0x0000,0x0000,0x0000,0x0000,0x0000,0x0000,0x0000,0x0000,0x0000,0x0000,0x0000,0x0000,0x0000,0x0000,
  0x0000,0x0000,0x0000,0x0000,0x0000,0x0000,0x0000,0x0000,0x0000,0x0000,0x0000,0x0000,0xEBF1,0xEBF1,0xEBF1,0xEBF1,
  0x630C,0x630C,0x630C,0x630C,0x630C,0x630C,0x630C,0x630C,0x630C,0x630C,0x630C,0x630C,0x4229,0x4229,0x630C,0x630C,
  0x630C,0x630C,0x630C,0x630C,0x630C,0x630C,0x630C,0x630C,0x0000,0x0000,0xEBF1,0xEBF1,0x0000,0x0000,0x0000,0x0000,
  0x0000,0x0000,0x0000,0x0000,0x0000,0x0000,0x0000,0x0000,0x0000,0x0000,0x0000,0x0000,0x0000,0x0000,0x0000,0x0000,
  0x0000,0x0000,0x0000,0x0000,0x0000,0x0000,0x0000,0x0000,0x0000,0x0000,0x0000,0x0000,0x0000,0x0000,0x630C,0x630C,
  0x630C,0x630C,0x630C,0x630C,0x630C,0x630C,0x630C,0x630C,0x630C,0x630C,0x630C,0x630C,0x4229,0x4229,0x630C,0x630C,
  0x630C,0x630C,0x630C,0x630C,0x630C,0x630C,0x630C,0x630C,0x630C,0x630C,0x0000,0x0000,0x0000,0x0000,0x0000,0x0000,
  0x0000,0x0000,0x0000,0x0000,0x0000,0x0000,0x0000,0x0000,0x0000,0x0000,0x0000,0x0000,0x0000,0x0000,0x0000,0x0000,
  0x0000,0x0000,0x0000,0x0000,0x0000,0x0000,0x0000,0x0000,0x0000,0x0000,0x0000,0x0000,0x0000,0x0000,0x630C,0x630C,
  0x630C,0x630C,0x630C,0x630C,0x630C,0x630C,0x630C,0x630C,0x630C,0x630C,0x630C,0x630C,0x4229,0x4229,0x630C,0x630C,
  0x630C,0x630C,0x630C,0x630C,0x630C,0x630C,0x630C,0x630C,0x630C,0x630C,0x0000,0x0000,0x0000,0x0000,0x0000,0x0000,
  0x0000,0x0000,0x0000,0x0000,0x0000,0x0000,0x0000,0x0000,0x0000,0x0000,0x0000,0x0000,0x0000,0x0000,0x0000,0x0000,
  0x0000,0x0000,0x0000,0x0000,0x0000,0x0000,0x0000,0x0000,0x0000,0x0000,0x0000,0x0000,0x0000,0x0000,0x630C,0x630C,
  0x630C,0x630C,0x630C,0x630C,0x0000,0x0000,0x0000,0x0000,0x0000,0x0000,0x630C,0x630C,0x630C,0x630C,0x630C,0x630C,
  0x0000,0x0000,0x0000,0x0000,0x0000,0x0000,0x630C,0x630C,0x630C,0x630C,0x630C,0x630C,0x0000,0x0000,0x0000,0x0000,
  0x0000,0x0000,0x0000,0x0000,0x0000,0x0000,0x0000,0x0000,0x0000,0x0000,0x0000,0x0000,0x0000,0x0000,0x0000,0x0000,
  0x0000,0x0000,0x0000,0x0000,0x0000,0x0000,0x0000,0x0000,0x0000,0x0000,0x0000,0x0000,0x0000,0x0000,0x630C,0x630C,
  0x630C,0x630C,0x630C,0x630C,0x0000,0x0000,0x0000,0x0000,0x0000,0x0000,0x630C,0x630C,0x630C,0x630C,0x630C,0x630C,
  0x0000,0x0000,0x0000,0x0000,0x0000,0x0000,0x630C,0x630C,0x630C,0x630C,0x630C,0x630C,0x0000,0x0000,0x0000,0x0000,
  0x0000,0x0000,0x0000,0x0000,0x0000,0x0000,0x0000,0x0000,0x0000,0x0000,0x0000,0x0000,0x0000,0x0000,0x0000,0x0000,
  0x0000,0x0000,0x0000,0x0000,0x0000,0x0000,0x0000,0x0000,0x0000,0x0000,0x0000,0x0000,0x0000,0x0000,0x630C,0x630C,
  0x630C,0x630C,0x0000,0x0000,0x9F2A,0x9F2A,0x0000,0x0000,0x9F2A,0x9F2A,0x630C,0x630C,0x630C,0x630C,0x630C,0x630C,
  0x9F2A,0x9F2A,0x0000,0x0000,0x9F2A,0x9F2A,0x0000,0x0000,0x630C,0x630C,0x630C,0x630C,0x0000,0x0000,0x0000,0x0000,
  0x0000,0x0000,0x0000,0x0000,0x0000,0x0000,0x0000,0x0000,0x0000,0x0000,0x0000,0x0000,0x0000,0x0000,0x0000,0x0000,
  0x0000,0x0000,0x0000,0x0000,0x0000,0x0000,0x0000,0x0000,0x0000,0x0000,0x0000,0x0000,0x0000,0x0000,0x630C,0x630C,
  0x630C,0x630C,0x0000,0x0000,0x9F2A,0x9F2A,0x0000,0x0000,0x9F2A,0x9F2A,0x630C,0x630C,0x630C,0x630C,0x630C,0x630C,
  0x9F2A,0x9F2A,0x0000,0x0000,0x9F2A,0x9F2A,0x0000,0x0000,0x630C,0x630C,0x630C,0x630C,0x0000,0x0000,0x0000,0x0000,
  0x0000,0x0000,0x0000,0x0000,0x0000,0x0000,0x0000,0x0000,0x0000,0x0000,0x0000,0x0000,0x0000,0x0000,0x0000,0x0000,
  0x0000,0x0000,0x0000,0x0000,0x0000,0x0000,0x0000,0x0000,0xFFFF,0xFFFF,0xFFFF,0xFFFF,0x630C,0x630C,0x630C,0x630C,
  0x630C,0x630C,0x630C,0x630C,0x630C,0x630C,0x630C,0x630C,0xD6BA,0xD6BA,0xD6BA,0xD6BA,0xD6BA,0xD6BA,0xD6BA,0xD6BA,
  0xD6BA,0xD6BA,0x630C,0x630C,0x630C,0x630C,0x630C,0x630C,0x630C,0x630C,0x630C,0x630C,0xFFFF,0xFFFF,0xFFFF,0xFFFF,
  0xFFFF,0xFFFF,0x0000,0x0000,0x0000,0x0000,0x0000,0x0000,0x0000,0x0000,0x0000,0x0000,0x0000,0x0000,0x0000,0x0000,
  0x0000,0x0000,0x0000,0x0000,0x0000,0x0000,0x0000,0x0000,0xFFFF,0xFFFF,0xFFFF,0xFFFF,0x630C,0x630C,0x630C,0x630C,
  0x630C,0x630C,0x630C,0x630C,0x630C,0x630C,0x630C,0x630C,0xD6BA,0xD6BA,0xD6BA,0xD6BA,0xD6BA,0xD6BA,0xD6BA,0xD6BA,
  0xD6BA,0xD6BA,0x630C,0x630C,0x630C,0x630C,0x630C,0x630C,0x630C,0x630C,0x630C,0x630C,0xFFFF,0xFFFF,0xFFFF,0xFFFF,
  0xFFFF,0xFFFF,0x0000,0x0000,0x0000,0x0000,0x0000,0x0000,0x0000,0x0000,0x0000,0x0000,0x0000,0x0000,0x0000,0x0000,
  0x0000,0x0000,0x0000,0x0000,0x0000,0x0000,0x0000,0x0000,0x0000,0x0000,0x0000,0x0000,0xFFFF,0xFFFF,0xFFFF,0xFFFF,
  0x630C,0x630C,0x630C,0x630C,0x630C,0x630C,0xD6BA,0xD6BA,0xD6BA,0xD6BA,0xEBF1,0xEBF1,0xEBF1,0xEBF1,0xEBF1,0xEBF1,
  0xD6BA,0xD6BA,0xD6BA,0xD6BA,0x630C,0x630C,0x630C,0x630C,0xFFFF,0xFFFF,0xFFFF,0xFFFF,0xFFFF,0xFFFF,0x0000,0x0000,
  0x0000,0x0000,0x0000,0x0000,0x0000,0x0000,0x0000,0x0000,0x0000,0x0000,0x0000,0x0000,0x0000,0x0000,0x0000,0x0000,
  0x0000,0x0000,0x0000,0x0000,0x0000,0x0000,0x0000,0x0000,0x0000,0x0000,0x0000,0x0000,0xFFFF,0xFFFF,0xFFFF,0xFFFF,
  0x630C,0x630C,0x630C,0x630C,0x630C,0x630C,0xD6BA,0xD6BA,0xD6BA,0xD6BA,0xEBF1,0xEBF1,0xEBF1,0xEBF1,0xEBF1,0xEBF1,
  0xD6BA,0xD6BA,0xD6BA,0xD6BA,0x630C,0x630C,0x630C,0x630C,0xFFFF,0xFFFF,0xFFFF,0xFFFF,0xFFFF,0xFFFF,0x0000,0x0000,
  0x0000,0x0000,0x0000,0x0000,0x0000,0x0000,0x0000,0x0000,0x0000,0x0000,0x0000,0x0000,0x0000,0x0000,0x0000,0x0000,
  0x0000,0x0000,0x0000,0x0000,0x0000,0x0000,0x0000,0x0000,0x0000,0x0000,0x0000,0x0000,0x630C,0x630C,0x630C,0x630C,
  0x630C,0x630C,0x630C,0x630C,0xD6BA,0xD6BA,0xD6BA,0xD6BA,0xD6BA,0xD6BA,0xD6BA,0xD6BA,0x0000,0x0000,0xD6BA,0xD6BA,
  0xD6BA,0xD6BA,0xD6BA,0xD6BA,0xD6BA,0xD6BA,0x630C,0x630C,0x630C,0x630C,0x630C,0x630C,0x630C,0x630C,0x0000,0x0000,
  0x0000,0x0000,0x0000,0x0000,0x0000,0x0000,0x0000,0x0000,0x0000,0x0000,0x0000,0x0000,0x0000,0x0000,0x0000,0x0000,
  0x0000,0x0000,0x0000,0x0000,0x0000,0x0000,0x0000,0x0000,0x0000,0x0000,0x0000,0x0000,0x630C,0x630C,0x630C,0x630C,
  0x630C,0x630C,0x630C,0x630C,0xD6BA,0xD6BA,0xD6BA,0xD6BA,0xD6BA,0xD6BA,0xD6BA,0xD6BA,0x0000,0x0000,0xD6BA,0xD6BA,
  0xD6BA,0xD6BA,0xD6BA,0xD6BA,0xD6BA,0xD6BA,0x630C,0x630C,0x630C,0x630C,0x630C,0x630C,0x630C,0x630C,0x0000,0x0000,
  0x0000,0x0000,0x0000,0x0000,0x0000,0x0000,0x0000,0x0000,0x0000,0x0000,0x0000,0x0000,0x0000,0x0000,0x0000,0x0000,
  0x0000,0x0000,0x0000,0x0000,0x0000,0x0000,0x0000,0x0000,0x0000,0x0000,0xFFFF,0xFFFF,0xFFFF,0xFFFF,0xFFFF,0xFFFF,
  0x630C,0x630C,0xD6BA,0xD6BA,0xD6BA,0xD6BA,0xD6BA,0xD6BA,0x0000,0x0000,0x0000,0x0000,0xD6BA,0xD6BA,0x0000,0x0000,
  0x0000,0x0000,0xD6BA,0xD6BA,0xD6BA,0xD6BA,0xD6BA,0xD6BA,0xFFFF,0xFFFF,0xFFFF,0xFFFF,0xFFFF,0xFFFF,0x0000,0x0000,
  0x0000,0x0000,0x0000,0x0000,0x0000,0x0000,0x0000,0x0000,0x0000,0x0000,0x0000,0x0000,0x0000,0x0000,0x0000,0x0000,
  0x0000,0x0000,0x0000,0x0000,0x0000,0x0000,0x0000,0x0000,0x0000,0x0000,0xFFFF,0xFFFF,0xFFFF,0xFFFF,0xFFFF,0xFFFF,
  0x630C,0x630C,0xD6BA,0xD6BA,0xD6BA,0xD6BA,0xD6BA,0xD6BA,0x0000,0x0000,0x0000,0x0000,0xD6BA,0xD6BA,0x0000,0x0000,
  0x0000,0x0000,0xD6BA,0xD6BA,0xD6BA,0xD6BA,0xD6BA,0xD6BA,0xFFFF,0xFFFF,0xFFFF,0xFFFF,0xFFFF,0xFFFF,0x0000,0x0000,
  0x0000,0x0000,0x0000,0x0000,0x0000,0x0000,0x0000,0x0000,0x0000,0x0000,0x0000,0x0000,0x0000,0x0000,0x0000,0x0000,
  0x0000,0x0000,0x0000,0x0000,0x0000,0x0000,0x0000,0x0000,0x0000,0x0000,0x0000,0x0000,0x0000,0x0000,0x0000,0x0000,
  0xD6BA,0xD6BA,0xD6BA,0xD6BA,0xD6BA,0xD6BA,0xD6BA,0xD6BA,0xD6BA,0xD6BA,0xD6BA,0xD6BA,0xD6BA,0xD6BA,0xD6BA,0xD6BA,
  0xD6BA,0xD6BA,0xD6BA,0xD6BA,0xD6BA,0xD6BA,0xD6BA,0xD6BA,0xD6BA,0xD6BA,0x0000,0x0000,0x0000,0x0000,0x0000,0x0000,
  0x0000,0x0000,0x0000,0x0000,0x0000,0x0000,0x0000,0x0000,0x0000,0x0000,0x0000,0x0000,0x0000,0x0000,0x0000,0x0000,
  0x0000,0x0000,0x0000,0x0000,0x0000,0x0000,0x0000,0x0000,0x0000,0x0000,0x0000,0x0000,0x0000,0x0000,0x0000,0x0000,
  0xD6BA,0xD6BA,0xD6BA,0xD6BA,0xD6BA,0xD6BA,0xD6BA,0xD6BA,0xD6BA,0xD6BA,0xD6BA,0xD6BA,0xD6BA,0xD6BA,0xD6BA,0xD6BA,
  0xD6BA,0xD6BA,0xD6BA,0xD6BA,0xD6BA,0xD6BA,0xD6BA,0xD6BA,0xD6BA,0xD6BA,0x0000,0x0000,0x0000,0x0000,0x0000,0x0000,
  0x0000,0x0000,0x0000,0x0000,0x0000,0x0000,0x0000,0x0000,0x0000,0x0000,0x0000,0x0000,0x0000,0x0000,0x0000,0x0000,
  0x0000,0x0000,0x0000,0x0000,0x0000,0x0000,0x0000,0x0000,0x0000,0x0000,0x0000,0x0000,0x0000,0x0000,0x0000,0x0000,
  0xFFFF,0xFFFF,0xD6BA,0xD6BA,0xD6BA,0xD6BA,0xD6BA,0xD6BA,0xD6BA,0xD6BA,0xD6BA,0xD6BA,0xD6BA,0xD6BA,0xD6BA,0xD6BA,
  0xD6BA,0xD6BA,0xD6BA,0xD6BA,0xD6BA,0xD6BA,0xD6BA,0xD6BA,0xFFFF,0xFFFF,0x0000,0x0000,0x0000,0x0000,0x0000,0x0000,
  0x0000,0x0000,0x0000,0x0000,0x0000,0x0000,0x0000,0x0000,0x0000,0x0000,0x0000,0x0000,0x0000,0x0000,0x0000,0x0000,
  0x0000,0x0000,0x0000,0x0000,0x0000,0x0000,0x0000,0x0000,0x0000,0x0000,0x0000,0x0000,0x0000,0x0000,0x0000,0x0000,
  0xFFFF,0xFFFF,0xD6BA,0xD6BA,0xD6BA,0xD6BA,0xD6BA,0xD6BA,0xD6BA,0xD6BA,0xD6BA,0xD6BA,0xD6BA,0xD6BA,0xD6BA,0xD6BA,
  0xD6BA,0xD6BA,0xD6BA,0xD6BA,0xD6BA,0xD6BA,0xD6BA,0xD6BA,0xFFFF,0xFFFF,0x0000,0x0000,0x0000,0x0000,0x0000,0x0000,
  0x0000,0x0000,0x0000,0x0000,0x0000,0x0000,0x0000,0x0000,0x0000,0x0000,0x0000,0x0000,0x0000,0x0000,0x0000,0x0000,
  0x0000,0x0000,0x0000,0x0000,0x0000,0x0000,0x0000,0x0000,0x0000,0x0000,0x0000,0x0000,0x0000,0x0000,0xFFFF,0xFFFF,
  0x0000,0x0000,0x0000,0x0000,0x0000,0x0000,0x0000,0x0000,0xD6BA,0xD6BA,0xD6BA,0xD6BA,0xD6BA,0xD6BA,0xD6BA,0xD6BA,
  0xD6BA,0xD6BA,0x0000,0x0000,0x0000,0x0000,0x0000,0x0000,0x0000,0x0000,0xFFFF,0xFFFF,0x0000,0x0000,0x0000,0x0000,
  0x0000,0x0000,0x0000,0x0000,0x0000,0x0000,0x0000,0x0000,0x0000,0x0000,0x0000,0x0000,0x0000,0x0000,0x0000,0x0000,
  0x0000,0x0000,0x0000,0x0000,0x0000,0x0000,0x0000,0x0000,0x0000,0x0000,0x0000,0x0000,0x0000,0x0000,0xFFFF,0xFFFF,
  0x0000,0x0000,0x0000,0x0000,0x0000,0x0000,0x0000,0x0000,0xD6BA,0xD6BA,0xD6BA,0xD6BA,0xD6BA,0xD6BA,0xD6BA,0xD6BA,
  0xD6BA,0xD6BA,0x0000,0x0000,0x0000,0x0000,0x0000,0x0000,0x0000,0x0000,0xFFFF,0xFFFF,0x0000,0x0000,0x0000,0x0000,
  0x0000,0x0000,0x0000,0x0000,0x0000,0x0000,0x0000,0x0000,0x0000,0x0000,0x0000,0x0000,0x0000,0x0000,0x0000,0x0000,
  0x0000,0x0000,0x0000,0x0000,0x0000,0x0000,0x0000,0x0000,0x0000,0x0000,0x0000,0x0000,0x0000,0x0000,0x0000,0x0000,
  0x0000,0x0000,0x0000,0x0000,0x630C,0x630C,0x630C,0x630C,0x0000,0x0000,0x0000,0x0000,0x0000,0x0000,0x0000,0x0000,
  0x0000,0x0000,0x630C,0x630C,0x630C,0x630C,0x0000,0x0000,0x0000,0x0000,0x0000,0x0000,0x0000,0x0000,0x0000,0x0000,
  0x0000,0x0000,0x0000,0x0000,0x0000,0x0000,0x0000,0x0000,0x0000,0x0000,0x0000,0x0000,0x0000,0x0000,0x0000,0x0000,
  0x0000,0x0000,0x0000,0x0000,0x0000,0x0000,0x0000,0x0000,0x0000,0x0000,0x0000,0x0000,0x0000,0x0000,0x0000,0x0000,
  0x0000,0x0000,0x0000,0x0000,0x630C,0x630C,0x630C,0x630C,0x0000,0x0000,0x0000,0x0000,0x0000,0x0000,0x0000,0x0000,
  0x0000,0x0000,0x630C,0x630C,0x630C,0x630C,0x0000,0x0000,0x0000,0x0000,0x0000,0x0000,0x0000,0x0000,0x0000,0x0000,
  0x0000,0x0000,0x0000,0x0000,0x0000,0x0000,0x0000,0x0000,0x0000,0x0000,0x0000,0x0000,0x0000,0x0000,0x0000,0x0000,
  0x0000,0x0000,0x0000,0x0000,0x0000,0x0000,0x0000,0x0000,0x0000,0x0000,0x0000,0x0000,0x0000,0x0000,0x0000,0x0000,
  0x0000,0x0000,0x0000,0x0000,0x630C,0x630C,0x630C,0x630C,0xD6BA,0xD6BA,0xD6BA,0xD6BA,0xD6BA,0xD6BA,0xD6BA,0xD6BA,
  0xD6BA,0xD6BA,0x630C,0x630C,0x630C,0x630C,0x0000,0x0000,0x0000,0x0000,0x0000,0x0000,0x0000,0x0000,0x0000,0x0000,
  0x0000,0x0000,0x0000,0x0000,0x0000,0x0000,0x0000,0x0000,0x0000,0x0000,0x0000,0x0000,0x0000,0x0000,0x0000,0x0000,
  0x0000,0x0000,0x0000,0x0000,0x0000,0x0000,0x0000,0x0000,0x0000,0x0000,0x0000,0x0000,0x0000,0x0000,0x0000,0x0000,
  0x0000,0x0000,0x0000,0x0000,0x630C,0x630C,0x630C,0x630C,0xD6BA,0xD6BA,0xD6BA,0xD6BA,0xD6BA,0xD6BA,0xD6BA,0xD6BA,
  0xD6BA,0xD6BA,0x630C,0x630C,0x630C,0x630C,0x0000,0x0000,0x0000,0x0000,0x0000,0x0000,0x0000,0x0000,0x0000,0x0000,
  0x0000,0x0000,0x0000,0x0000,0x0000,0x0000,0x0000,0x0000,0x0000,0x0000,0x0000,0x0000,0x0000,0x0000,0x0000,0x0000,
  0x0000,0x0000,0x0000,0x0000,0x0000,0x0000,0x0000,0x0000,0x0000,0x0000,0x0000,0x0000,0x0000,0x0000,0x0000,0x0000,
  0x0000,0x0000,0x0000,0x0000,0x630C,0x630C,0x630C,0x630C,0xD6BA,0xD6BA,0xD6BA,0xD6BA,0xD6BA,0xD6BA,0xD6BA,0xD6BA,
  0xD6BA,0xD6BA,0x630C,0x630C,0x630C,0x630C,0x0000,0x0000,0x0000,0x0000,0x0000,0x0000,0x0000,0x0000,0x0000,0x0000,
  0x0000,0x0000,0x0000,0x0000,0x0000,0x0000,0x0000,0x0000,0x0000,0x0000,0x0000,0x0000,0x0000,0x0000,0x0000,0x0000,
  0x0000,0x0000,0x0000,0x0000,0x0000,0x0000,0x0000,0x0000,0x0000,0x0000,0x0000,0x0000,0x0000,0x0000,0x0000,0x0000,
  0x0000,0x0000,0x0000,0x0000,0x630C,0x630C,0x630C,0x630C,0xD6BA,0xD6BA,0xD6BA,0xD6BA,0xD6BA,0xD6BA,0xD6BA,0xD6BA,
  0xD6BA,0xD6BA,0x630C,0x630C,0x630C,0x630C,0x0000,0x0000,0x0000,0x0000,0x0000,0x0000,0x0000,0x0000,0x0000,0x0000,
  0x0000,0x0000,0x0000,0x0000,0x0000,0x0000,0x0000,0x0000,0x0000,0x0000,0x0000,0x0000,0x0000,0x0000,0x0000,0x0000,
  0x0000,0x0000,0x0000,0x0000,0x0000,0x0000,0x0000,0x0000,0x0000,0x0000,0x0000,0x0000,0x0000,0x0000,0x0000,0x0000,
  0x0000,0x0000,0x0000,0x0000,0x630C,0x630C,0x630C,0x630C,0x630C,0x630C,0xD6BA,0xD6BA,0xD6BA,0xD6BA,0xD6BA,0xD6BA,
  0x630C,0x630C,0x630C,0x630C,0x630C,0x630C,0x0000,0x0000,0x0000,0x0000,0x0000,0x0000,0x0000,0x0000,0x0000,0x0000,
  0x0000,0x0000,0x0000,0x0000,0x630C,0x630C,0x630C,0x630C,0x0000,0x0000,0x0000,0x0000,0x0000,0x0000,0x0000,0x0000,
  0x0000,0x0000,0x0000,0x0000,0x0000,0x0000,0x0000,0x0000,0x0000,0x0000,0x0000,0x0000,0x0000,0x0000,0x0000,0x0000,
  0x0000,0x0000,0x0000,0x0000,0x630C,0x630C,0x630C,0x630C,0x630C,0x630C,0xD6BA,0xD6BA,0xD6BA,0xD6BA,0xD6BA,0xD6BA,
  0x630C,0x630C,0x630C,0x630C,0x630C,0x630C,0x0000,0x0000,0x0000,0x0000,0x0000,0x0000,0x0000,0x0000,0x0000,0x0000,
  0x0000,0x0000,0x0000,0x0000,0x630C,0x630C,0x630C,0x630C,0x0000,0x0000,0x0000,0x0000,0x0000,0x0000,0x0000,0x0000,
  0x0000,0x0000,0x0000,0x0000,0x0000,0x0000,0x0000,0x0000,0x0000,0x0000,0x0000,0x0000,0x0000,0x0000,0x0000,0x0000,
  0x0000,0x0000,0x0000,0x0000,0x630C,0x630C,0x630C,0x630C,0x630C,0x630C,0xD6BA,0xD6BA,0xD6BA,0xD6BA,0xD6BA,0xD6BA,
  0x630C,0x630C,0x630C,0x630C,0x630C,0x630C,0x0000,0x0000,0x0000,0x0000,0x0000,0x0000,0x0000,0x0000,0x0000,0x0000,
  0x0000,0x0000,0x0000,0x0000,0x4229,0x4229,0x4229,0x4229,0x630C,0x630C,0x0000,0x0000,0x0000,0x0000,0x0000,0x0000,
  0x0000,0x0000,0x0000,0x0000,0x0000,0x0000,0x0000,0x0000,0x0000,0x0000,0x0000,0x0000,0x0000,0x0000,0x0000,0x0000,
  0x0000,0x0000,0x0000,0x0000,0x630C,0x630C,0x630C,0x630C,0x630C,0x630C,0xD6BA,0xD6BA,0xD6BA,0xD6BA,0xD6BA,0xD6BA,
  0x630C,0x630C,0x630C,0x630C,0x630C,0x630C,0x0000,0x0000,0x0000,0x0000,0x0000,0x0000,0x0000,0x0000,0x0000,0x0000,
  0x0000,0x0000,0x0000,0x0000,0x4229,0x4229,0x4229,0x4229,0x630C,0x630C,0x0000,0x0000,0x0000,0x0000,0x0000,0x0000,
  0x0000,0x0000,0x0000,0x0000,0x0000,0x0000,0x0000,0x0000,0x0000,0x0000,0x0000,0x0000,0x0000,0x0000,0x0000,0x0000,
  0x0000,0x0000,0x0000,0x0000,0x630C,0x630C,0x630C,0x630C,0x0000,0x0000,0xD6BA,0xD6BA,0xD6BA,0xD6BA,0xD6BA,0xD6BA,
  0x0000,0x0000,0x630C,0x630C,0x630C,0x630C,0x0000,0x0000,0x630C,0x630C,0x0000,0x0000,0x0000,0x0000,0x0000,0x0000,
  0x0000,0x0000,0x0000,0x0000,0x0000,0x0000,0x630C,0x630C,0x630C,0x630C,0x0000,0x0000,0x0000,0x0000,0x0000,0x0000,
  0x0000,0x0000,0x0000,0x0000,0x0000,0x0000,0x0000,0x0000,0x0000,0x0000,0x0000,0x0000,0x0000,0x0000,0x0000,0x0000,
  0x0000,0x0000,0x0000,0x0000,0x630C,0x630C,0x630C,0x630C,0x0000,0x0000,0xD6BA,0xD6BA,0xD6BA,0xD6BA,0xD6BA,0xD6BA,
  0x0000,0x0000,0x630C,0x630C,0x630C,0x630C,0x0000,0x0000,0x630C,0x630C,0x0000,0x0000,0x0000,0x0000,0x0000,0x0000,
  0x0000,0x0000,0x0000,0x0000,0x0000,0x0000,0x630C,0x630C,0x630C,0x630C,0x0000,0x0000,0x0000,0x0000,0x0000,0x0000,
  0x0000,0x0000,0x0000,0x0000,0x0000,0x0000,0x0000,0x0000,0x0000,0x0000,0x0000,0x0000,0x0000,0x0000,0x0000,0x0000,
  0x0000,0x0000,0x0000,0x0000,0x630C,0x630C,0x630C,0x630C,0x630C,0x630C,0x0000,0x0000,0xD6BA,0xD6BA,0x0000,0x0000,
  0x630C,0x630C,0x630C,0x630C,0x630C,0x630C,0x0000,0x0000,0x630C,0x630C,0x4229,0x4229,0x630C,0x630C,0x0000,0x0000,
  0x0000,0x0000,0x0000,0x0000,0x0000,0x0000,0x4229,0x4229,0x630C,0x630C,0x0000,0x0000,0x0000,0x0000,0x0000,0x0000,
  0x0000,0x0000,0x0000,0x0000,0x0000,0x0000,0x0000,0x0000,0x0000,0x0000,0x0000,0x0000,0x0000,0x0000,0x0000,0x0000,
  0x0000,0x0000,0x0000,0x0000,0x630C,0x630C,0x630C,0x630C,0x630C,0x630C,0x0000,0x0000,0xD6BA,0xD6BA,0x0000,0x0000,
  0x630C,0x630C,0x630C,0x630C,0x630C,0x630C,0x0000,0x0000,0x630C,0x630C,0x4229,0x4229,0x630C,0x630C,0x0000,0x0000,
  0x0000,0x0000,0x0000,0x0000,0x0000,0x0000,0x4229,0x4229,0x630C,0x630C,0x0000,0x0000,0x0000,0x0000,0x0000,0x0000,
  0x0000,0x0000,0x0000,0x0000,0x0000,0x0000,0x0000,0x0000,0x0000,0x0000,0x0000,0x0000,0x0000,0x0000,0x0000,0x0000,
  0x0000,0x0000,0x0000,0x0000,0x0000,0x0000,0x630C,0x630C,0x630C,0x630C,0x630C,0x630C,0x0000,0x0000,0x630C,0x630C,
  0x630C,0x630C,0x630C,0x630C,0x0000,0x0000,0x0000,0x0000,0x630C,0x630C,0x4229,0x4229,0x630C,0x630C,0x0000,0x0000,
  0x0000,0x0000,0x0000,0x0000,0x0000,0x0000,0x630C,0x630C,0x630C,0x630C,0x0000,0x0000,0x0000,0x0000,0x0000,0x0000,
  0x0000,0x0000,0x0000,0x0000,0x0000,0x0000,0x0000,0x0000,0x0000,0x0000,0x0000,0x0000,0x0000,0x0000,0x0000,0x0000,
  0x0000,0x0000,0x0000,0x0000,0x0000,0x0000,0x630C,0x630C,0x630C,0x630C,0x630C,0x630C,0x0000,0x0000,0x630C,0x630C,
  0x630C,0x630C,0x630C,0x630C,0x0000,0x0000,0x0000,0x0000,0x630C,0x630C,0x4229,0x4229,0x630C,0x630C,0x0000,0x0000,
  0x0000,0x0000,0x0000,0x0000,0x0000,0x0000,0x630C,0x630C,0x630C,0x630C,0x0000,0x0000,0x0000,0x0000,0x0000,0x0000,
  0x0000,0x0000,0x0000,0x0000,0x0000,0x0000,0x0000,0x0000,0x0000,0x0000,0x0000,0x0000,0x0000,0x0000,0x0000,0x0000,
  0x0000,0x0000,0x0000,0x0000,0x0000,0x0000,0x630C,0x630C,0x630C,0x630C,0x630C,0x630C,0x0000,0x0000,0x630C,0x630C,
  0x630C,0x630C,0x630C,0x630C,0x0000,0x0000,0x630C,0x630C,0x630C,0x630C,0x630C,0x630C,0x630C,0x630C,0x4229,0x4229,
  0x0000,0x0000,0x0000,0x0000,0x630C,0x630C,0x630C,0x630C,0x0000,0x0000,0x0000,0x0000,0x0000,0x0000,0x0000,0x0000,
  0x0000,0x0000,0x0000,0x0000,0x0000,0x0000,0x0000,0x0000,0x0000,0x0000,0x0000,0x0000,0x0000,0x0000,0x0000,0x0000,
  0x0000,0x0000,0x0000,0x0000,0x0000,0x0000,0x630C,0x630C,0x630C,0x630C,0x630C,0x630C,0x0000,0x0000,0x630C,0x630C,
  0x630C,0x630C,0x630C,0x630C,0x0000,0x0000,0x630C,0x630C,0x630C,0x630C,0x630C,0x630C,0x630C,0x630C,0x4229,0x4229,
  0x0000,0x0000,0x0000,0x0000,0x630C,0x630C,0x630C,0x630C,0x0000,0x0000,0x0000,0x0000,0x0000,0x0000,0x0000,0x0000,
  0x0000,0x0000,0x0000,0x0000,0x0000,0x0000,0x0000,0x0000,0x0000,0x0000,0x0000,0x0000,0x0000,0x0000,0x0000,0x0000,
  0x0000,0x0000,0x0000,0x0000,0x0000,0x0000,0x630C,0x630C,0xD6BA,0xD6BA,0xD6BA,0xD6BA,0x0000,0x0000,0xD6BA,0xD6BA,
  0xD6BA,0xD6BA,0x630C,0x630C,0x630C,0x630C,0x0000,0x0000,0x630C,0x630C,0x630C,0x630C,0x630C,0x630C,0x4229,0x4229,
  0x0000,0x0000,0x630C,0x630C,0x630C,0x630C,0x0000,0x0000,0x0000,0x0000,0x0000,0x0000,0x0000,0x0000,0x0000,0x0000,
  0x0000,0x0000,0x0000,0x0000,0x0000,0x0000,0x0000,0x0000,0x0000,0x0000,0x0000,0x0000,0x0000,0x0000,0x0000,0x0000,
  0x0000,0x0000,0x0000,0x0000,0x0000,0x0000,0x630C,0x630C,0xD6BA,0xD6BA,0xD6BA,0xD6BA,0x0000,0x0000,0xD6BA,0xD6BA,
  0xD6BA,0xD6BA,0x630C,0x630C,0x630C,0x630C,0x0000,0x0000,0x630C,0x630C,0x630C,0x630C,0x630C,0x630C,0x4229,0x4229,
  0x0000,0x0000,0x630C,0x630C,0x630C,0x630C,0x0000,0x0000,0x0000,0x0000,0x0000,0x0000,0x0000,0x0000,0x0000,0x0000,
  0x0000,0x0000,0x0000,0x0000,0x0000,0x0000,0x0000,0x0000,0x0000,0x0000,0x0000,0x0000,0x0000,0x0000,0x0000,0x0000,
  0x0000,0x0000,0x0000,0x0000,0x630C,0x630C,0x630C,0x630C,0xD6BA,0xD6BA,0x0000,0x0000,0x0000,0x0000,0x0000,0x0000,
  0xD6BA,0xD6BA,0x630C,0x630C,0x630C,0x630C,0x0000,0x0000,0x630C,0x630C,0x630C,0x630C,0x630C,0x630C,0x630C,0x630C,
  0x0000,0x0000,0x630C,0x630C,0x0000,0x0000,0x0000,0x0000,0x0000,0x0000,0x0000,0x0000,0x0000,0x0000,0x0000,0x0000,
  0x0000,0x0000,0x0000,0x0000,0x0000,0x0000,0x0000,0x0000,0x0000,0x0000,0x0000,0x0000,0x0000,0x0000,0x0000,0x0000,
  0x0000,0x0000,0x0000,0x0000,0x630C,0x630C,0x630C,0x630C,0xD6BA,0xD6BA,0x0000,0x0000,0x0000,0x0000,0x0000,0x0000,
  0xD6BA,0xD6BA,0x630C,0x630C,0x630C,0x630C,0x0000,0x0000,0x630C,0x630C,0x630C,0x630C,0x630C,0x630C,0x630C,0x630C,
  0x0000,0x0000,0x630C,0x630C,0x0000,0x0000,0x0000,0x0000,0x0000,0x0000,0x0000,0x0000,0x0000,0x0000,0x0000,0x0000,
};

// catt-pet4.png (64x64)
static const uint16_t catt_pet4[4096] PROGMEM = {
  0x0000,0x0000,0x0000,0x0000,0x0000,0x0000,0x0000,0x0000,0x0000,0x0000,0x0000,0x0000,0x0000,0x0000,0x0000,0x0000,
  0x0000,0x0000,0x0000,0x0000,0x0000,0x0000,0x0000,0x0000,0x0000,0x0000,0x0000,0x0000,0x0000,0x0000,0x0000,0x0000,
  0x0000,0x0000,0x0000,0x0000,0x0000,0x0000,0x0000,0x0000,0x0000,0x0000,0x0000,0x0000,0x0000,0x0000,0x0000,0x0000,
  0x0000,0x0000,0x0000,0x0000,0x0000,0x0000,0x0000,0x0000,0x0000,0x0000,0x0000,0x0000,0x0000,0x0000,0x0000,0x0000,
  0x0000,0x0000,0x0000,0x0000,0x0000,0x0000,0x0000,0x0000,0x0000,0x0000,0x0000,0x0000,0x0000,0x0000,0x0000,0x0000,
  0x0000,0x0000,0x0000,0x0000,0x0000,0x0000,0x0000,0x0000,0x0000,0x0000,0x0000,0x0000,0x0000,0x0000,0x0000,0x0000,
  0x0000,0x0000,0x0000,0x0000,0x0000,0x0000,0x0000,0x0000,0x0000,0x0000,0x0000,0x0000,0x0000,0x0000,0x0000,0x0000,
  0x0000,0x0000,0x0000,0x0000,0x0000,0x0000,0x0000,0x0000,0x0000,0x0000,0x0000,0x0000,0x0000,0x0000,0x0000,0x0000,
  0x0000,0x0000,0x0000,0x0000,0x0000,0x0000,0x0000,0x0000,0x0000,0x0000,0x0000,0x0000,0x0000,0x0000,0x0000,0x0000,
  0x0000,0x0000,0x0000,0x0000,0x0000,0x0000,0x0000,0x0000,0x0000,0x0000,0x0000,0x0000,0x0000,0x0000,0x0000,0x0000,
  0x0000,0x0000,0x0000,0x0000,0x0000,0x0000,0x0000,0x0000,0x0000,0x0000,0x0000,0x0000,0x0000,0x0000,0x0000,0x0000,
  0x0000,0x0000,0x0000,0x0000,0x0000,0x0000,0x0000,0x0000,0x0000,0x0000,0x0000,0x0000,0x0000,0x0000,0x0000,0x0000,
  0x0000,0x0000,0x0000,0x0000,0x0000,0x0000,0x0000,0x0000,0x0000,0x0000,0x0000,0x0000,0x0000,0x0000,0x0000,0x0000,
  0x0000,0x0000,0x0000,0x0000,0x0000,0x0000,0x0000,0x0000,0x0000,0x0000,0x0000,0x0000,0x0000,0x0000,0x0000,0x0000,
  0x0000,0x0000,0x0000,0x0000,0x0000,0x0000,0x0000,0x0000,0x0000,0x0000,0x0000,0x0000,0x0000,0x0000,0x0000,0x0000,
  0x0000,0x0000,0x0000,0x0000,0x0000,0x0000,0x0000,0x0000,0x0000,0x0000,0x0000,0x0000,0x0000,0x0000,0x0000,0x0000,
  0x0000,0x0000,0x0000,0x0000,0x0000,0x0000,0x0000,0x0000,0x0000,0x0000,0x0000,0x0000,0x0000,0x0000,0x0000,0x0000,
  0x0000,0x0000,0x0000,0x0000,0x0000,0x0000,0x0000,0x0000,0x0000,0x0000,0x0000,0x0000,0x0000,0x0000,0x0000,0x0000,
  0x0000,0x0000,0x0000,0x0000,0x0000,0x0000,0x0000,0x0000,0x0000,0x0000,0x0000,0x0000,0x0000,0x0000,0x0000,0x0000,
  0x0000,0x0000,0x0000,0x0000,0x0000,0x0000,0x0000,0x0000,0x0000,0x0000,0x0000,0x0000,0x0000,0x0000,0x0000,0x0000,
  0x0000,0x0000,0x0000,0x0000,0x0000,0x0000,0x0000,0x0000,0x0000,0x0000,0x0000,0x0000,0x0000,0x0000,0x0000,0x0000,
  0x0000,0x0000,0x0000,0x0000,0x0000,0x0000,0x0000,0x0000,0x0000,0x0000,0x0000,0x0000,0x0000,0x0000,0x0000,0x0000,
  0x0000,0x0000,0x0000,0x0000,0x0000,0x0000,0x0000,0x0000,0x0000,0x0000,0x0000,0x0000,0x0000,0x0000,0x0000,0x0000,
  0x0000,0x0000,0x0000,0x0000,0x0000,0x0000,0x0000,0x0000,0x0000,0x0000,0x0000,0x0000,0x0000,0x0000,0x0000,0x0000,
  0x0000,0x0000,0x0000,0x0000,0x0000,0x0000,0x0000,0x0000,0x0000,0x0000,0x0000,0x0000,0x0000,0x0000,0x0000,0x0000,
  0x0000,0x0000,0x0000,0x0000,0x0000,0x0000,0x0000,0x0000,0x0000,0x0000,0x0000,0x0000,0x0000,0x0000,0x0000,0x0000,
  0x0000,0x0000,0x0000,0x0000,0x0000,0x0000,0x0000,0x0000,0x0000,0x0000,0x0000,0x0000,0x0000,0x0000,0x0000,0x0000,
  0x0000,0x0000,0x0000,0x0000,0x0000,0x0000,0x0000,0x0000,0x0000,0x0000,0x0000,0x0000,0x0000,0x0000,0x0000,0x0000,
  0x0000,0x0000,0x0000,0x0000,0x0000,0x0000,0x0000,0x0000,0x0000,0x0000,0x0000,0x0000,0x0000,0x0000,0x0000,0x0000,
  0x0000,0x0000,0x0000,0x0000,0x0000,0x0000,0x0000,0x0000,0x0000,0x0000,0x0000,0x0000,0x0000,0x0000,0x0000,0x0000,
  0x0000,0x0000,0x0000,0x0000,0x0000,0x0000,0x0000,0x0000,0x0000,0x0000,0x0000,0x0000,0x0000,0x0000,0x0000,0x0000,
  0x0000,0x0000,0x0000,0x0000,0x0000,0x0000,0x0000,0x0000,0x0000,0x0000,0x0000,0x0000,0x0000,0x0000,0x0000,0x0000,
  0x0000,0x0000,0x0000,0x0000,0x0000,0x0000,0x0000,0x0000,0x0000,0x0000,0x0000,0x0000,0x0000,0x0000,0x0000,0x0000,
  0x0000,0x0000,0x0000,0x0000,0x0000,0x0000,0x0000,0x0000,0x0000,0x0000,0x0000,0x0000,0x0000,0x0000,0x0000,0x0000,
  0x0000,0x0000,0x0000,0x0000,0x0000,0x0000,0x0000,0x0000,0x0000,0x0000,0x0000,0x0000,0x0000,0x0000,0x0000,0x0000,
  0x0000,0x0000,0x0000,0x0000,0x0000,0x0000,0x0000,0x0000,0x0000,0x0000,0x0000,0x0000,0x0000,0x0000,0x0000,0x0000,
  0x0000,0x0000,0x0000,0x0000,0x0000,0x0000,0x0000,0x0000,0x0000,0x0000,0x0000,0x0000,0x0000,0x0000,0x0000,0x0000,
  0x0000,0x0000,0x0000,0x0000,0x0000,0x0000,0x0000,0x0000,0x0000,0x0000,0x0000,0x0000,0x0000,0x0000,0x0000,0x0000,
  0x0000,0x0000,0x0000,0x0000,0x0000,0x0000,0x0000,0x0000,0x0000,0x0000,0x0000,0x0000,0x0000,0x0000,0x0000,0x0000,
  0x0000,0x0000,0x0000,0x0000,0x0000,0x0000,0x0000,0x0000,0x0000,0x0000,0x0000,0x0000,0x0000,0x0000,0x0000,0x0000,
  0x0000,0x0000,0x0000,0x0000,0x0000,0x0000,0x0000,0x0000,0x0000,0x0000,0x0000,0x0000,0x0000,0x0000,0x630C,0x630C,
  0x630C,0x630C,0x0000,0x0000,0x0000,0x0000,0x0000,0x0000,0x0000,0x0000,0x0000,0x0000,0x0000,0x0000,0x0000,0x0000,
  0x0000,0x0000,0x0000,0x0000,0x0000,0x0000,0x0000,0x0000,0x630C,0x630C,0x630C,0x630C,0x0000,0x0000,0x0000,0x0000,
  0x0000,0x0000,0x0000,0x0000,0x0000,0x0000,0x0000,0x0000,0x0000,0x0000,0x0000,0x0000,0x0000,0x0000,0x0000,0x0000,
  0x0000,0x0000,0x0000,0x0000,0x0000,0x0000,0x0000,0x0000,0x0000,0x0000,0x0000,0x0000,0x0000,0x0000,0x630C,0x630C,
  0x630C,0x630C,0x0000,0x0000,0x0000,0x0000,0x0000,0x0000,0x0000,0x0000,0x0000,0x0000,0x0000,0x0000,0x0000,0x0000,
  0x0000,0x0000,0x0000,0x0000,0x0000,0x0000,0x0000,0x0000,0x630C,0x630C,0x630C,0x630C,0x0000,0x0000,0x0000,0x0000,
  0x0000,0x0000,0x0000,0x0000,0x0000,0x0000,0x0000,0x0000,0x0000,0x0000,0x0000,0x0000,0x0000,0x0000,0x0000,0x0000,
  0x0000,0x0000,0x0000,0x0000,0x0000,0x0000,0x0000,0x0000,0x0000,0x0000,0x0000,0x0000,0xEBF1,0xEBF1,0x0000,0x0000,
  0x630C,0x630C,0x630C,0x630C,0x0000,0x0000,0x0000,0x0000,0x0000,0x0000,0x0000,0x0000,0x0000,0x0000,0x0000,0x0000,
  0x0000,0x0000,0x0000,0x0000,0x0000,0x0000,0x630C,0x630C,0x630C,0x630C,0x0000,0x0000,0xEBF1,0xEBF1,0x0000,0x0000,
  0x0000,0x0000,0x0000,0x0000,0x0000,0x0000,0x0000,0x0000,0x0000,0x0000,0x0000,0x0000,0x0000,0x0000,0x0000,0x0000,
  0x0000,0x0000,0x0000,0x0000,0x0000,0x0000,0x0000,0x0000,0x0000,0x0000,0x0000,0x0000,0xEBF1,0xEBF1,0x0000,0x0000,
  0x630C,0x630C,0x630C,0x630C,0x0000,0x0000,0x0000,0x0000,0x0000,0x0000,0x0000,0x0000,0x0000,0x0000,0x0000,0x0000,
  0x0000,0x0000,0x0000,0x0000,0x0000,0x0000,0x630C,0x630C,0x630C,0x630C,0x0000,0x0000,0xEBF1,0xEBF1,0x0000,0x0000,
  0x0000,0x0000,0x0000,0x0000,0x0000,0x0000,0x0000,0x0000,0x0000,0x0000,0x0000,0x0000,0x0000,0x0000,0x0000,0x0000,
  0x0000,0x0000,0x0000,0x0000,0x0000,0x0000,0x0000,0x0000,0x0000,0x0000,0x0000,0x0000,0xEBF1,0xEBF1,0x0000,0x0000,
  0x630C,0x630C,0x630C,0x630C,0x630C,0x630C,0x0000,0x0000,0x0000,0x0000,0x0000,0x0000,0x0000,0x0000,0x0000,0x0000,
  0x0000,0x0000,0x0000,0x0000,0x630C,0x630C,0x630C,0x630C,0x630C,0x630C,0x0000,0x0000,0xEBF1,0xEBF1,0x0000,0x0000,
  0x0000,0x0000,0x0000,0x0000,0x0000,0x0000,0x0000,0x0000,0x0000,0x0000,0x0000,0x0000,0x0000,0x0000,0x0000,0x0000,
  0x0000,0x0000,0x0000,0x0000,0x0000,0x0000,0x0000,0x0000,0x0000,0x0000,0x0000,0x0000,0xEBF1,0xEBF1,0x0000,0x0000,
  0x630C,0x630C,0x630C,0x630C,0x630C,0x630C,0x0000,0x0000,0x0000,0x0000,0x0000,0x0000,0x0000,0x0000,0x0000,0x0000,
  0x0000,0x0000,0x0000,0x0000,0x630C,0x630C,0x630C,0x630C,0x630C,0x630C,0x0000,0x0000,0xEBF1,0xEBF1,0x0000,0x0000,
  0x0000,0x0000,0x0000,0x0000,0x0000,0x0000,0x0000,0x0000,0x0000,0x0000,0x0000,0x0000,0x0000,0x0000,0x0000,0x0000,
  0x0000,0x0000,0x0000,0x0000,0x0000,0x0000,0x0000,0x0000,0x0000,0x0000,0x0000,0x0000,0xEBF1,0xEBF1,0xEBF1,0xEBF1,
  0x0000,0x0000,0x630C,0x630C,0x630C,0x630C,0x4229,0x4229,0x630C,0x630C,0x4229,0x4229,0x4229,0x4229,0x4229,0x4229,
  0x630C,0x630C,0x4229,0x4229,0x630C,0x630C,0x630C,0x630C,0x630C,0x630C,0xEBF1,0xEBF1,0xEBF1,0xEBF1,0x0000,0x0000,
  0x0000,0x0000,0x0000,0x0000,0x0000,0x0000,0x0000,0x0000,0x0000,0x0000,0x0000,0x0000,0x0000,0x0000,0x0000,0x0000,
  0x0000,0x0000,0x0000,0x0000,0x0000,0x0000,0x0000,0x0000,0x0000,0x0000,0x0000,0x0000,0xEBF1,0xEBF1,0xEBF1,0xEBF1,
  0x0000,0x0000,0x630C,0x630C,0x630C,0x630C,0x4229,0x4229,0x630C,0x630C,0x4229,0x4229,0x4229,0x4229,0x4229,0x4229,
  0x630C,0x630C,0x4229,0x4229,0x630C,0x630C,0x630C,0x630C,0x630C,0x630C,0xEBF1,0xEBF1,0xEBF1,0xEBF1,0x0000,0x0000,
  0x0000,0x0000,0x0000,0x0000,0x0000,0x0000,0x0000,0x0000,0x0000,0x0000,0x0000,0x0000,0x0000,0x0000,0x0000,0x0000,
  0x0000,0x0000,0x0000,0x0000,0x0000,0x0000,0x0000,0x0000,0x0000,0x0000,0x0000,0x0000,0xEBF1,0xEBF1,0xEBF1,0xEBF1,
  0x0000,0x0000,0x630C,0x630C,0x630C,0x630C,0x4229,0x4229,0x630C,0x630C,0x4229,0x4229,0x4229,0x4229,0x4229,0x4229,
  0x630C,0x630C,0x4229,0x4229,0x630C,0x630C,0x630C,0x630C,0xEBF1,0xEBF1,0xEBF1,0xEBF1,0xEBF1,0xEBF1,0x0000,0x0000,
  0x0000,0x0000,0x0000,0x0000,0x0000,0x0000,0x0000,0x0000,0x0000,0x0000,0x0000,0x0000,0x0000,0x0000,0x0000,0x0000,
  0x0000,0x0000,0x0000,0x0000,0x0000,0x0000,0x0000,0x0000,0x0000,0x0000,0x0000,0x0000,0xEBF1,0xEBF1,0xEBF1,0xEBF1,
  0x0000,0x0000,0x630C,0x630C,0x630C,0x630C,0x4229,0x4229,0x630C,0x630C,0x4229,0x4229,0x4229,0x4229,0x4229,0x4229,
  0x630C,0x630C,0x4229,0x4229,0x630C,0x630C,0x630C,0x630C,0xEBF1,0xEBF1,0xEBF1,0xEBF1,0xEBF1,0xEBF1,0x0000,0x0000,
  0x0000,0x0000,0x0000,0x0000,0x0000,0x0000,0x0000,0x0000,0x0000,0x0000,0x0000,0x0000,0x0000,0x0000,0x0000,0x0000,
  0x0000,0x0000,0x0000,0x0000,0x0000,0x0000,0x0000,0x0000,0x0000,0x0000,0x0000,0x0000,0xEBF1,0xEBF1,0xEBF1,0xEBF1,
  0x630C,0x630C,0x630C,0x630C,0x630C,0x630C,0x630C,0x630C,0x630C,0x630C,0x630C,0x630C,0x4229,0x4229,0x630C,0x630C,
  0x630C,0x630C,0x630C,0x630C,0x630C,0x630C,0x630C,0x630C,0x0000,0x0000,0xEBF1,0xEBF1,0x0000,0x0000,0x0000,0x0000,
  0x0000,0x0000,0x0000,0x0000,0x0000,0x0000,0x0000,0x0000,0x0000,0x0000,0x0000,0x0000,0x0000,0x0000,0x0000,0x0000,
  0x0000,0x0000,0x0000,0x0000,0x0000,0x0000,0x0000,0x0000,0x0000,0x0000,0x0000,0x0000,0xEBF1,0xEBF1,0xEBF1,0xEBF1,
  0x630C,0x630C,0x630C,0x630C,0x630C,0x630C,0x630C,0x630C,0x630C,0x630C,0x630C,0x630C,0x4229,0x4229,0x630C,0x630C,
  0x630C,0x630C,0x630C,0x630C,0x630C,0x630C,0x630C,0x630C,0x0000,0x0000,0xEBF1,0xEBF1,0x0000,0x0000,0x0000,0x0000,
  0x0000,0x0000,0x0000,0x0000,0x0000,0x0000,0x0000,0x0000,0x0000,0x0000,0x0000,0x0000,0x0000,0x0000,0x0000,0x0000,
  0x0000,0x0000,0x0000,0x0000,0x0000,0x0000,0x0000,0x0000,0x0000,0x0000,0x0000,0x0000,0x0000,0x0000,0x630C,0x630C,
  0x630C,0x630C,0x630C,0x630C,0x630C,0x630C,0x630C,0x630C,0x630C,0x630C,0x630C,0x630C,0x4229,0x4229,0x630C,0x630C,
  0x630C,0x630C,0x630C,0x630C,0x630C,0x630C,0x630C,0x630C,0x630C,0x630C,0x0000,0x0000,0x0000,0x0000,0x0000,0x0000,
  0x0000,0x0000,0x0000,0x0000,0x0000,0x0000,0x0000,0x0000,0x0000,0x0000,0x0000,0x0000,0x0000,0x0000,0x0000,0x0000,
  0x0000,0x0000,0x0000,0x0000,0x0000,0x0000,0x0000,0x0000,0x0000,0x0000,0x0000,0x0000,0x0000,0x0000,0x630C,0x630C,
  0x630C,0x630C,0x630C,0x630C,0x630C,0x630C,0x630C,0x630C,0x630C,0x630C,0x630C,0x630C,0x4229,0x4229,0x630C,0x630C,
  0x630C,0x630C,0x630C,0x630C,0x630C,0x630C,0x630C,0x630C,0x630C,0x630C,0x0000,0x0000,0x0000,0x0000,0x0000,0x0000,
  0x0000,0x0000,0x0000,0x0000,0x0000,0x0000,0x0000,0x0000,0x0000,0x0000,0x0000,0x0000,0x0000,0x0000,0x0000,0x0000,
  0x0000,0x0000,0x0000,0x0000,0x0000,0x0000,0x0000,0x0000,0x0000,0x0000,0x0000,0x0000,0x0000,0x0000,0x630C,0x630C,
  0x630C,0x630C,0x0000,0x0000,0x630C,0x630C,0x630C,0x630C,0x630C,0x630C,0x630C,0x630C,0x630C,0x630C,0x630C,0x630C,
  0x630C,0x630C,0x630C,0x630C,0x630C,0x630C,0x0000,0x0000,0x630C,0x630C,0x630C,0x630C,0x0000,0x0000,0x0000,0x0000,
  0x0000,0x0000,0x0000,0x0000,0x0000,0x0000,0x0000,0x0000,0x0000,0x0000,0x0000,0x0000,0x0000,0x0000,0x0000,0x0000,
  0x0000,0x0000,0x0000,0x0000,0x0000,0x0000,0x0000,0x0000,0x0000,0x0000,0x0000,0x0000,0x0000,0x0000,0x630C,0x630C,
  0x630C,0x630C,0x0000,0x0000,0x630C,0x630C,0x630C,0x630C,0x630C,0x630C,0x630C,0x630C,0x630C,0x630C,0x630C,0x630C,
  0x630C,0x630C,0x630C,0x630C,0x630C,0x630C,0x0000,0x0000,0x630C,0x630C,0x630C,0x630C,0x0000,0x0000,0x0000,0x0000,
  0x0000,0x0000,0x0000,0x0000,0x0000,0x0000,0x0000,0x0000,0x0000,0x0000,0x0000,0x0000,0x0000,0x0000,0x0000,0x0000,
  0x0000,0x0000,0x0000,0x0000,0x0000,0x0000,0x0000,0x0000,0x0000,0x0000,0x0000,0x0000,0x0000,0x0000,0x630C,0x630C,
  0x630C,0x630C,0x630C,0x630C,0x0000,0x0000,0x0000,0x0000,0x0000,0x0000,0x630C,0x630C,0x630C,0x630C,0x630C,0x630C,
  0x0000,0x0000,0x0000,0x0000,0x0000,0x0000,0x630C,0x630C,0x630C,0x630C,0x630C,0x630C,0x0000,0x0000,0x0000,0x0000,
  0x0000,0x0000,0x0000,0x0000,0x0000,0x0000,0x0000,0x0000,0x0000,0x0000,0x0000,0x0000,0x0000,0x0000,0x0000,0x0000,
  0x0000,0x0000,0x0000,0x0000,0x0000,0x0000,0x0000,0x0000,0x0000,0x0000,0x0000,0x0000,0x0000,0x0000,0x630C,0x630C,
  0x630C,0x630C,0x630C,0x630C,0x0000,0x0000,0x0000,0x0000,0x0000,0x0000,0x630C,0x630C,0x630C,0x630C,0x630C,0x630C,
  0x0000,0x0000,0x0000,0x0000,0x0000,0x0000,0x630C,0x630C,0x630C,0x630C,0x630C,0x630C,0x0000,0x0000,0x0000,0x0000,
  0x0000,0x0000,0x0000,0x0000,0x0000,0x0000,0x0000,0x0000,0x0000,0x0000,0x0000,0x0000,0x0000,0x0000,0x0000,0x0000,
  0x0000,0x0000,0x0000,0x0000,0x0000,0x0000,0x0000,0x0000,0xFFFF,0xFFFF,0xFFFF,0xFFFF,0x630C,0x630C,0x630C,0x630C,
  0x630C,0x630C,0x630C,0x630C,0x630C,0x630C,0x630C,0x630C,0xD6BA,0xD6BA,0xD6BA,0xD6BA,0xD6BA,0xD6BA,0xD6BA,0xD6BA,
  0xD6BA,0xD6BA,0x630C,0x630C,0x630C,0x630C,0x630C,0x630C,0x630C,0x630C,0x630C,0x630C,0xFFFF,0xFFFF,0xFFFF,0xFFFF,
  0xFFFF,0xFFFF,0x0000,0x0000,0x0000,0x0000,0x0000,0x0000,0x0000,0x0000,0x0000,0x0000,0x0000,0x0000,0x0000,0x0000,
  0x0000,0x0000,0x0000,0x0000,0x0000,0x0000,0x0000,0x0000,0xFFFF,0xFFFF,0xFFFF,0xFFFF,0x630C,0x630C,0x630C,0x630C,
  0x630C,0x630C,0x630C,0x630C,0x630C,0x630C,0x630C,0x630C,0xD6BA,0xD6BA,0xD6BA,0xD6BA,0xD6BA,0xD6BA,0xD6BA,0xD6BA,
  0xD6BA,0xD6BA,0x630C,0x630C,0x630C,0x630C,0x630C,0x630C,0x630C,0x630C,0x630C,0x630C,0xFFFF,0xFFFF,0xFFFF,0xFFFF,
  0xFFFF,0xFFFF,0x0000,0x0000,0x0000,0x0000,0x0000,0x0000,0x0000,0x0000,0x0000,0x0000,0x0000,0x0000,0x0000,0x0000,
  0x0000,0x0000,0x0000,0x0000,0x0000,0x0000,0x0000,0x0000,0x0000,0x0000,0x0000,0x0000,0xFFFF,0xFFFF,0xFFFF,0xFFFF,
  0x630C,0x630C,0x630C,0x630C,0x630C,0x630C,0xD6BA,0xD6BA,0xD6BA,0xD6BA,0xEBF1,0xEBF1,0xEBF1,0xEBF1,0xEBF1,0xEBF1,
  0xD6BA,0xD6BA,0xD6BA,0xD6BA,0x630C,0x630C,0x630C,0x630C,0xFFFF,0xFFFF,0xFFFF,0xFFFF,0xFFFF,0xFFFF,0x0000,0x0000,
  0x0000,0x0000,0x0000,0x0000,0x0000,0x0000,0x0000,0x0000,0x0000,0x0000,0x0000,0x0000,0x0000,0x0000,0x0000,0x0000,
  0x0000,0x0000,0x0000,0x0000,0x0000,0x0000,0x0000,0x0000,0x0000,0x0000,0x0000,0x0000,0xFFFF,0xFFFF,0xFFFF,0xFFFF,
  0x630C,0x630C,0x630C,0x630C,0x630C,0x630C,0xD6BA,0xD6BA,0xD6BA,0xD6BA,0xEBF1,0xEBF1,0xEBF1,0xEBF1,0xEBF1,0xEBF1,
  0xD6BA,0xD6BA,0xD6BA,0xD6BA,0x630C,0x630C,0x630C,0x630C,0xFFFF,0xFFFF,0xFFFF,0xFFFF,0xFFFF,0xFFFF,0x0000,0x0000,
  0x0000,0x0000,0x0000,0x0000,0x0000,0x0000,0x0000,0x0000,0x0000,0x0000,0x0000,0x0000,0x0000,0x0000,0x0000,0x0000,
  0x0000,0x0000,0x0000,0x0000,0x0000,0x0000,0x0000,0x0000,0x0000,0x0000,0x0000,0x0000,0x630C,0x630C,0x630C,0x630C,
  0x630C,0x630C,0x630C,0x630C,0xD6BA,0xD6BA,0xD6BA,0xD6BA,0xD6BA,0xD6BA,0xD6BA,0xD6BA,0x0000,0x0000,0xD6BA,0xD6BA,
  0xD6BA,0xD6BA,0xD6BA,0xD6BA,0xD6BA,0xD6BA,0x630C,0x630C,0x630C,0x630C,0x630C,0x630C,0x630C,0x630C,0x0000,0x0000,
  0x0000,0x0000,0x0000,0x0000,0x0000,0x0000,0x0000,0x0000,0x0000,0x0000,0x0000,0x0000,0x0000,0x0000,0x0000,0x0000,
  0x0000,0x0000,0x0000,0x0000,0x0000,0x0000,0x0000,0x0000,0x0000,0x0000,0x0000,0x0000,0x630C,0x630C,0x630C,0x630C,
  0x630C,0x630C,0x630C,0x630C,0xD6BA,0xD6BA,0xD6BA,0xD6BA,0xD6BA,0xD6BA,0xD6BA,0xD6BA,0x0000,0x0000,0xD6BA,0xD6BA,
  0xD6BA,0xD6BA,0xD6BA,0xD6BA,0xD6BA,0xD6BA,0x630C,0x630C,0x630C,0x630C,0x630C,0x630C,0x630C,0x630C,0x0000,0x0000,
  0x0000,0x0000,0x0000,0x0000,0x0000,0x0000,0x0000,0x0000,0x0000,0x0000,0x0000,0x0000,0x0000,0x0000,0x0000,0x0000,
  0x0000,0x0000,0x0000,0x0000,0x0000,0x0000,0x0000,0x0000,0x0000,0x0000,0xFFFF,0xFFFF,0xFFFF,0xFFFF,0xFFFF,0xFFFF,
  0x630C,0x630C,0xD6BA,0xD6BA,0xD6BA,0xD6BA,0xD6BA,0xD6BA,0x0000,0x0000,0x0000,0x0000,0xD6BA,0xD6BA,0x0000,0x0000,
  0x0000,0x0000,0xD6BA,0xD6BA,0xD6BA,0xD6BA,0xD6BA,0xD6BA,0xFFFF,0xFFFF,0xFFFF,0xFFFF,0xFFFF,0xFFFF,0x0000,0x0000,
  0x0000,0x0000,0x0000,0x0000,0x0000,0x0000,0x0000,0x0000,0x0000,0x0000,0x0000,0x0000,0x0000,0x0000,0x0000,0x0000,
  0x0000,0x0000,0x0000,0x0000,0x0000,0x0000,0x0000,0x0000,0x0000,0x0000,0xFFFF,0xFFFF,0xFFFF,0xFFFF,0xFFFF,0xFFFF,
  0x630C,0x630C,0xD6BA,0xD6BA,0xD6BA,0xD6BA,0xD6BA,0xD6BA,0x0000,0x0000,0x0000,0x0000,0xD6BA,0xD6BA,0x0000,0x0000,
  0x0000,0x0000,0xD6BA,0xD6BA,0xD6BA,0xD6BA,0xD6BA,0xD6BA,0xFFFF,0xFFFF,0xFFFF,0xFFFF,0xFFFF,0xFFFF,0x0000,0x0000,
  0x0000,0x0000,0x0000,0x0000,0x0000,0x0000,0x0000,0x0000,0x0000,0x0000,0x0000,0x0000,0x0000,0x0000,0x0000,0x0000,
  0x0000,0x0000,0x0000,0x0000,0x0000,0x0000,0x0000,0x0000,0x0000,0x0000,0x0000,0x0000,0x0000,0x0000,0x0000,0x0000,
  0xD6BA,0xD6BA,0xD6BA,0xD6BA,0xD6BA,0xD6BA,0xD6BA,0xD6BA,0xD6BA,0xD6BA,0xD6BA,0xD6BA,0xD6BA,0xD6BA,0xD6BA,0xD6BA,
  0xD6BA,0xD6BA,0xD6BA,0xD6BA,0xD6BA,0xD6BA,0xD6BA,0xD6BA,0xD6BA,0xD6BA,0x0000,0x0000,0x0000,0x0000,0x0000,0x0000,
  0x0000,0x0000,0x0000,0x0000,0x0000,0x0000,0x0000,0x0000,0x0000,0x0000,0x0000,0x0000,0x0000,0x0000,0x0000,0x0000,
  0x0000,0x0000,0x0000,0x0000,0x0000,0x0000,0x0000,0x0000,0x0000,0x0000,0x0000,0x0000,0x0000,0x0000,0x0000,0x0000,
  0xD6BA,0xD6BA,0xD6BA,0xD6BA,0xD6BA,0xD6BA,0xD6BA,0xD6BA,0xD6BA,0xD6BA,0xD6BA,0xD6BA,0xD6BA,0xD6BA,0xD6BA,0xD6BA,
  0xD6BA,0xD6BA,0xD6BA,0xD6BA,0xD6BA,0xD6BA,0xD6BA,0xD6BA,0xD6BA,0xD6BA,0x0000,0x0000,0x0000,0x0000,0x0000,0x0000,
  0x0000,0x0000,0x0000,0x0000,0x0000,0x0000,0x0000,0x0000,0x0000,0x0000,0x0000,0x0000,0x0000,0x0000,0x0000,0x0000,
  0x0000,0x0000,0x0000,0x0000,0x0000,0x0000,0x0000,0x0000,0x0000,0x0000,0x0000,0x0000,0x0000,0x0000,0x0000,0x0000,
  0xFFFF,0xFFFF,0xD6BA,0xD6BA,0xD6BA,0xD6BA,0xD6BA,0xD6BA,0xD6BA,0xD6BA,0xD6BA,0xD6BA,0xD6BA,0xD6BA,0xD6BA,0xD6BA,
  0xD6BA,0xD6BA,0xD6BA,0xD6BA,0xD6BA,0xD6BA,0xD6BA,0xD6BA,0xFFFF,0xFFFF,0x0000,0x0000,0x0000,0x0000,0x0000,0x0000,
  0x0000,0x0000,0x0000,0x0000,0x0000,0x0000,0x0000,0x0000,0x0000,0x0000,0x0000,0x0000,0x0000,0x0000,0x0000,0x0000,
  0x0000,0x0000,0x0000,0x0000,0x0000,0x0000,0x0000,0x0000,0x0000,0x0000,0x0000,0x0000,0x0000,0x0000,0x0000,0x0000,
  0xFFFF,0xFFFF,0xD6BA,0xD6BA,0xD6BA,0xD6BA,0xD6BA,0xD6BA,0xD6BA,0xD6BA,0xD6BA,0xD6BA,0xD6BA,0xD6BA,0xD6BA,0xD6BA,
  0xD6BA,0xD6BA,0xD6BA,0xD6BA,0xD6BA,0xD6BA,0xD6BA,0xD6BA,0xFFFF,0xFFFF,0x0000,0x0000,0x0000,0x0000,0x0000,0x0000,
  0x0000,0x0000,0x0000,0x0000,0x0000,0x0000,0x0000,0x0000,0x0000,0x0000,0x0000,0x0000,0x0000,0x0000,0x0000,0x0000,
  0x0000,0x0000,0x0000,0x0000,0x0000,0x0000,0x0000,0x0000,0x0000,0x0000,0x0000,0x0000,0x0000,0x0000,0xFFFF,0xFFFF,
  0x0000,0x0000,0x0000,0x0000,0x0000,0x0000,0x0000,0x0000,0xD6BA,0xD6BA,0xD6BA,0xD6BA,0xD6BA,0xD6BA,0xD6BA,0xD6BA,
  0xD6BA,0xD6BA,0x0000,0x0000,0x0000,0x0000,0x0000,0x0000,0x0000,0x0000,0xFFFF,0xFFFF,0x0000,0x0000,0x0000,0x0000,
  0x0000,0x0000,0x0000,0x0000,0x0000,0x0000,0x0000,0x0000,0x0000,0x0000,0x0000,0x0000,0x0000,0x0000,0x0000,0x0000,
  0x0000,0x0000,0x0000,0x0000,0x0000,0x0000,0x0000,0x0000,0x0000,0x0000,0x0000,0x0000,0x0000,0x0000,0xFFFF,0xFFFF,
  0x0000,0x0000,0x0000,0x0000,0x0000,0x0000,0x0000,0x0000,0xD6BA,0xD6BA,0xD6BA,0xD6BA,0xD6BA,0xD6BA,0xD6BA,0xD6BA,
  0xD6BA,0xD6BA,0x0000,0x0000,0x0000,0x0000,0x0000,0x0000,0x0000,0x0000,0xFFFF,0xFFFF,0x0000,0x0000,0x0000,0x0000,
  0x0000,0x0000,0x0000,0x0000,0x0000,0x0000,0x0000,0x0000,0x0000,0x0000,0x0000,0x0000,0x0000,0x0000,0x0000,0x0000,
  0x0000,0x0000,0x0000,0x0000,0x0000,0x0000,0x0000,0x0000,0x0000,0x0000,0x0000,0x0000,0x0000,0x0000,0x0000,0x0000,
  0x0000,0x0000,0x0000,0x0000,0x630C,0x630C,0x630C,0x630C,0x0000,0x0000,0x0000,0x0000,0x0000,0x0000,0x0000,0x0000,
  0x0000,0x0000,0x630C,0x630C,0x630C,0x630C,0x0000,0x0000,0x0000,0x0000,0x0000,0x0000,0x0000,0x0000,0x0000,0x0000,
  0x0000,0x0000,0x0000,0x0000,0x0000,0x0000,0x0000,0x0000,0x0000,0x0000,0x0000,0x0000,0x0000,0x0000,0x0000,0x0000,
  0x0000,0x0000,0x0000,0x0000,0x0000,0x0000,0x0000,0x0000,0x0000,0x0000,0x0000,0x0000,0x0000,0x0000,0x0000,0x0000,
  0x0000,0x0000,0x0000,0x0000,0x630C,0x630C,0x630C,0x630C,0x0000,0x0000,0x0000,0x0000,0x0000,0x0000,0x0000,0x0000,
  0x0000,0x0000,0x630C,0x630C,0x630C,0x630C,0x0000,0x0000,0x0000,0x0000,0x0000,0x0000,0x0000,0x0000,0x0000,0x0000,
  0x0000,0x0000,0x0000,0x0000,0x0000,0x0000,0x0000,0x0000,0x0000,0x0000,0x0000,0x0000,0x0000,0x0000,0x0000,0x0000,
  0x0000,0x0000,0x0000,0x0000,0x0000,0x0000,0x0000,0x0000,0x0000,0x0000,0x0000,0x0000,0x0000,0x0000,0x0000,0x0000,
  0x0000,0x0000,0x0000,0x0000,0x630C,0x630C,0x630C,0x630C,0xD6BA,0xD6BA,0xD6BA,0xD6BA,0xD6BA,0xD6BA,0xD6BA,0xD6BA,
  0xD6BA,0xD6BA,0x630C,0x630C,0x630C,0x630C,0x0000,0x0000,0x0000,0x0000,0x0000,0x0000,0x0000,0x0000,0x0000,0x0000,
  0x0000,0x0000,0x0000,0x0000,0x0000,0x0000,0x0000,0x0000,0x0000,0x0000,0x0000,0x0000,0x0000,0x0000,0x0000,0x0000,
  0x0000,0x0000,0x0000,0x0000,0x0000,0x0000,0x0000,0x0000,0x0000,0x0000,0x0000,0x0000,0x0000,0x0000,0x0000,0x0000,
  0x0000,0x0000,0x0000,0x0000,0x630C,0x630C,0x630C,0x630C,0xD6BA,0xD6BA,0xD6BA,0xD6BA,0xD6BA,0xD6BA,0xD6BA,0xD6BA,
  0xD6BA,0xD6BA,0x630C,0x630C,0x630C,0x630C,0x0000,0x0000,0x0000,0x0000,0x0000,0x0000,0x0000,0x0000,0x0000,0x0000,
  0x0000,0x0000,0x0000,0x0000,0x0000,0x0000,0x0000,0x0000,0x0000,0x0000,0x0000,0x0000,0x0000,0x0000,0x0000,0x0000,
  0x0000,0x0000,0x0000,0x0000,0x0000,0x0000,0x0000,0x0000,0x0000,0x0000,0x0000,0x0000,0x0000,0x0000,0x0000,0x0000,
  0x0000,0x0000,0x0000,0x0000,0x630C,0x630C,0x630C,0x630C,0xD6BA,0xD6BA,0xD6BA,0xD6BA,0xD6BA,0xD6BA,0xD6BA,0xD6BA,
  0xD6BA,0xD6BA,0x630C,0x630C,0x630C,0x630C,0x0000,0x0000,0x0000,0x0000,0x0000,0x0000,0x0000,0x0000,0x0000,0x0000,
  0x0000,0x0000,0x0000,0x0000,0x0000,0x0000,0x0000,0x0000,0x0000,0x0000,0x0000,0x0000,0x0000,0x0000,0x0000,0x0000,
  0x0000,0x0000,0x0000,0x0000,0x0000,0x0000,0x0000,0x0000,0x0000,0x0000,0x0000,0x0000,0x0000,0x0000,0x0000,0x0000,
  0x0000,0x0000,0x0000,0x0000,0x630C,0x630C,0x630C,0x630C,0xD6BA,0xD6BA,0xD6BA,0xD6BA,0xD6BA,0xD6BA,0xD6BA,0xD6BA,
  0xD6BA,0xD6BA,0x630C,0x630C,0x630C,0x630C,0x0000,0x0000,0x0000,0x0000,0x0000,0x0000,0x0000,0x0000,0x0000,0x0000,
  0x0000,0x0000,0x0000,0x0000,0x0000,0x0000,0x0000,0x0000,0x0000,0x0000,0x0000,0x0000,0x0000,0x0000,0x0000,0x0000,
  0x0000,0x0000,0x0000,0x0000,0x0000,0x0000,0x0000,0x0000,0x0000,0x0000,0x0000,0x0000,0x0000,0x0000,0x0000,0x0000,
  0x0000,0x0000,0x0000,0x0000,0x630C,0x630C,0x630C,0x630C,0x630C,0x630C,0xD6BA,0xD6BA,0xD6BA,0xD6BA,0xD6BA,0xD6BA,
  0x630C,0x630C,0x630C,0x630C,0x630C,0x630C,0x0000,0x0000,0x0000,0x0000,0x0000,0x0000,0x0000,0x0000,0x0000,0x0000,
  0x0000,0x0000,0x0000,0x0000,0x630C,0x630C,0x630C,0x630C,0x0000,0x0000,0x0000,0x0000,0x0000,0x0000,0x0000,0x0000,
  0x0000,0x0000,0x0000,0x0000,0x0000,0x0000,0x0000,0x0000,0x0000,0x0000,0x0000,0x0000,0x0000,0x0000,0x0000,0x0000,
  0x0000,0x0000,0x0000,0x0000,0x630C,0x630C,0x630C,0x630C,0x630C,0x630C,0xD6BA,0xD6BA,0xD6BA,0xD6BA,0xD6BA,0xD6BA,
  0x630C,0x630C,0x630C,0x630C,0x630C,0x630C,0x0000,0x0000,0x0000,0x0000,0x0000,0x0000,0x0000,0x0000,0x0000,0x0000,
  0x0000,0x0000,0x0000,0x0000,0x630C,0x630C,0x630C,0x630C,0x0000,0x0000,0x0000,0x0000,0x0000,0x0000,0x0000,0x0000,
  0x0000,0x0000,0x0000,0x0000,0x0000,0x0000,0x0000,0x0000,0x0000,0x0000,0x0000,0x0000,0x0000,0x0000,0x0000,0x0000,
  0x0000,0x0000,0x0000,0x0000,0x630C,0x630C,0x630C,0x630C,0x630C,0x630C,0xD6BA,0xD6BA,0xD6BA,0xD6BA,0xD6BA,0xD6BA,
  0x630C,0x630C,0x630C,0x630C,0x630C,0x630C,0x0000,0x0000,0x0000,0x0000,0x0000,0x0000,0x0000,0x0000,0x0000,0x0000,
  0x0000,0x0000,0x0000,0x0000,0x4229,0x4229,0x4229,0x4229,0x630C,0x630C,0x0000,0x0000,0x0000,0x0000,0x0000,0x0000,
  0x0000,0x0000,0x0000,0x0000,0x0000,0x0000,0x0000,0x0000,0x0000,0x0000,0x0000,0x0000,0x0000,0x0000,0x0000,0x0000,
  0x0000,0x0000,0x0000,0x0000,0x630C,0x630C,0x630C,0x630C,0x630C,0x630C,0xD6BA,0xD6BA,0xD6BA,0xD6BA,0xD6BA,0xD6BA,
  0x630C,0x630C,0x630C,0x630C,0x630C,0x630C,0x0000,0x0000,0x0000,0x0000,0x0000,0x0000,0x0000,0x0000,0x0000,0x0000,
  0x0000,0x0000,0x0000,0x0000,0x4229,0x4229,0x4229,0x4229,0x630C,0x630C,0x0000,0x0000,0x0000,0x0000,0x0000,0x0000,
  0x0000,0x0000,0x0000,0x0000,0x0000,0x0000,0x0000,0x0000,0x0000,0x0000,0x0000,0x0000,0x0000,0x0000,0x0000,0x0000,
  0x0000,0x0000,0x0000,0x0000,0x630C,0x630C,0x630C,0x630C,0x0000,0x0000,0xD6BA,0xD6BA,0xD6BA,0xD6BA,0xD6BA,0xD6BA,
  0x0000,0x0000,0x630C,0x630C,0x630C,0x630C,0x0000,0x0000,0x630C,0x630C,0x0000,0x0000,0x0000,0x0000,0x0000,0x0000,
  0x0000,0x0000,0x0000,0x0000,0x0000,0x0000,0x630C,0x630C,0x630C,0x630C,0x0000,0x0000,0x0000,0x0000,0x0000,0x0000,
  0x0000,0x0000,0x0000,0x0000,0x0000,0x0000,0x0000,0x0000,0x0000,0x0000,0x0000,0x0000,0x0000,0x0000,0x0000,0x0000,
  0x0000,0x0000,0x0000,0x0000,0x630C,0x630C,0x630C,0x630C,0x0000,0x0000,0xD6BA,0xD6BA,0xD6BA,0xD6BA,0xD6BA,0xD6BA,
  0x0000,0x0000,0x630C,0x630C,0x630C,0x630C,0x0000,0x0000,0x630C,0x630C,0x0000,0x0000,0x0000,0x0000,0x0000,0x0000,
  0x0000,0x0000,0x0000,0x0000,0x0000,0x0000,0x630C,0x630C,0x630C,0x630C,0x0000,0x0000,0x0000,0x0000,0x0000,0x0000,
  0x0000,0x0000,0x0000,0x0000,0x0000,0x0000,0x0000,0x0000,0x0000,0x0000,0x0000,0x0000,0x0000,0x0000,0x0000,0x0000,
  0x0000,0x0000,0x0000,0x0000,0x630C,0x630C,0x630C,0x630C,0x630C,0x630C,0x0000,0x0000,0xD6BA,0xD6BA,0x0000,0x0000,
  0x630C,0x630C,0x630C,0x630C,0x630C,0x630C,0x0000,0x0000,0x630C,0x630C,0x4229,0x4229,0x630C,0x630C,0x0000,0x0000,
  0x0000,0x0000,0x0000,0x0000,0x0000,0x0000,0x4229,0x4229,0x630C,0x630C,0x0000,0x0000,0x0000,0x0000,0x0000,0x0000,
  0x0000,0x0000,0x0000,0x0000,0x0000,0x0000,0x0000,0x0000,0x0000,0x0000,0x0000,0x0000,0x0000,0x0000,0x0000,0x0000,
  0x0000,0x0000,0x0000,0x0000,0x630C,0x630C,0x630C,0x630C,0x630C,0x630C,0x0000,0x0000,0xD6BA,0xD6BA,0x0000,0x0000,
  0x630C,0x630C,0x630C,0x630C,0x630C,0x630C,0x0000,0x0000,0x630C,0x630C,0x4229,0x4229,0x630C,0x630C,0x0000,0x0000,
  0x0000,0x0000,0x0000,0x0000,0x0000,0x0000,0x4229,0x4229,0x630C,0x630C,0x0000,0x0000,0x0000,0x0000,0x0000,0x0000,
  0x0000,0x0000,0x0000,0x0000,0x0000,0x0000,0x0000,0x0000,0x0000,0x0000,0x0000,0x0000,0x0000,0x0000,0x0000,0x0000,
  0x0000,0x0000,0x0000,0x0000,0x0000,0x0000,0x630C,0x630C,0x630C,0x630C,0x630C,0x630C,0x0000,0x0000,0x630C,0x630C,
  0x630C,0x630C,0x630C,0x630C,0x0000,0x0000,0x0000,0x0000,0x630C,0x630C,0x4229,0x4229,0x630C,0x630C,0x0000,0x0000,
  0x0000,0x0000,0x0000,0x0000,0x0000,0x0000,0x630C,0x630C,0x630C,0x630C,0x0000,0x0000,0x0000,0x0000,0x0000,0x0000,
  0x0000,0x0000,0x0000,0x0000,0x0000,0x0000,0x0000,0x0000,0x0000,0x0000,0x0000,0x0000,0x0000,0x0000,0x0000,0x0000,
  0x0000,0x0000,0x0000,0x0000,0x0000,0x0000,0x630C,0x630C,0x630C,0x630C,0x630C,0x630C,0x0000,0x0000,0x630C,0x630C,
  0x630C,0x630C,0x630C,0x630C,0x0000,0x0000,0x0000,0x0000,0x630C,0x630C,0x4229,0x4229,0x630C,0x630C,0x0000,0x0000,
  0x0000,0x0000,0x0000,0x0000,0x0000,0x0000,0x630C,0x630C,0x630C,0x630C,0x0000,0x0000,0x0000,0x0000,0x0000,0x0000,
  0x0000,0x0000,0x0000,0x0000,0x0000,0x0000,0x0000,0x0000,0x0000,0x0000,0x0000,0x0000,0x0000,0x0000,0x0000,0x0000,
  0x0000,0x0000,0x0000,0x0000,0x0000,0x0000,0x630C,0x630C,0x630C,0x630C,0x630C,0x630C,0x0000,0x0000,0x630C,0x630C,
  0x630C,0x630C,0x630C,0x630C,0x0000,0x0000,0x630C,0x630C,0x630C,0x630C,0x630C,0x630C,0x630C,0x630C,0x4229,0x4229,
  0x0000,0x0000,0x0000,0x0000,0x630C,0x630C,0x630C,0x630C,0x0000,0x0000,0x0000,0x0000,0x0000,0x0000,0x0000,0x0000,
  0x0000,0x0000,0x0000,0x0000,0x0000,0x0000,0x0000,0x0000,0x0000,0x0000,0x0000,0x0000,0x0000,0x0000,0x0000,0x0000,
  0x0000,0x0000,0x0000,0x0000,0x0000,0x0000,0x630C,0x630C,0x630C,0x630C,0x630C,0x630C,0x0000,0x0000,0x630C,0x630C,
  0x630C,0x630C,0x630C,0x630C,0x0000,0x0000,0x630C,0x630C,0x630C,0x630C,0x630C,0x630C,0x630C,0x630C,0x4229,0x4229,
  0x0000,0x0000,0x0000,0x0000,0x630C,0x630C,0x630C,0x630C,0x0000,0x0000,0x0000,0x0000,0x0000,0x0000,0x0000,0x0000,
  0x0000,0x0000,0x0000,0x0000,0x0000,0x0000,0x0000,0x0000,0x0000,0x0000,0x0000,0x0000,0x0000,0x0000,0x0000,0x0000,
  0x0000,0x0000,0x0000,0x0000,0x0000,0x0000,0x630C,0x630C,0xD6BA,0xD6BA,0xD6BA,0xD6BA,0x0000,0x0000,0xD6BA,0xD6BA,
  0xD6BA,0xD6BA,0x630C,0x630C,0x630C,0x630C,0x0000,0x0000,0x630C,0x630C,0x630C,0x630C,0x630C,0x630C,0x4229,0x4229,
  0x0000,0x0000,0x630C,0x630C,0x630C,0x630C,0x0000,0x0000,0x0000,0x0000,0x0000,0x0000,0x0000,0x0000,0x0000,0x0000,
  0x0000,0x0000,0x0000,0x0000,0x0000,0x0000,0x0000,0x0000,0x0000,0x0000,0x0000,0x0000,0x0000,0x0000,0x0000,0x0000,
  0x0000,0x0000,0x0000,0x0000,0x0000,0x0000,0x630C,0x630C,0xD6BA,0xD6BA,0xD6BA,0xD6BA,0x0000,0x0000,0xD6BA,0xD6BA,
  0xD6BA,0xD6BA,0x630C,0x630C,0x630C,0x630C,0x0000,0x0000,0x630C,0x630C,0x630C,0x630C,0x630C,0x630C,0x4229,0x4229,
  0x0000,0x0000,0x630C,0x630C,0x630C,0x630C,0x0000,0x0000,0x0000,0x0000,0x0000,0x0000,0x0000,0x0000,0x0000,0x0000,
  0x0000,0x0000,0x0000,0x0000,0x0000,0x0000,0x0000,0x0000,0x0000,0x0000,0x0000,0x0000,0x0000,0x0000,0x0000,0x0000,
  0x0000,0x0000,0x0000,0x0000,0x630C,0x630C,0x630C,0x630C,0xD6BA,0xD6BA,0x0000,0x0000,0x0000,0x0000,0x0000,0x0000,
  0xD6BA,0xD6BA,0x630C,0x630C,0x630C,0x630C,0x0000,0x0000,0x630C,0x630C,0x630C,0x630C,0x630C,0x630C,0x630C,0x630C,
  0x0000,0x0000,0x630C,0x630C,0x0000,0x0000,0x0000,0x0000,0x0000,0x0000,0x0000,0x0000,0x0000,0x0000,0x0000,0x0000,
  0x0000,0x0000,0x0000,0x0000,0x0000,0x0000,0x0000,0x0000,0x0000,0x0000,0x0000,0x0000,0x0000,0x0000,0x0000,0x0000,
  0x0000,0x0000,0x0000,0x0000,0x630C,0x630C,0x630C,0x630C,0xD6BA,0xD6BA,0x0000,0x0000,0x0000,0x0000,0x0000,0x0000,
  0xD6BA,0xD6BA,0x630C,0x630C,0x630C,0x630C,0x0000,0x0000,0x630C,0x630C,0x630C,0x630C,0x630C,0x630C,0x630C,0x630C,
  0x0000,0x0000,0x630C,0x630C,0x0000,0x0000,0x0000,0x0000,0x0000,0x0000,0x0000,0x0000,0x0000,0x0000,0x0000,0x0000,
};

// catt-pet5.png (64x64)
static const uint16_t catt_pet5[4096] PROGMEM = {
  0x0000,0x0000,0x0000,0x0000,0x0000,0x0000,0x0000,0x0000,0x0000,0x0000,0x0000,0x0000,0x0000,0x0000,0x0000,0x0000,
  0x0000,0x0000,0x0000,0x0000,0x0000,0x0000,0x0000,0x0000,0x0000,0x0000,0x0000,0x0000,0x0000,0x0000,0x0000,0x0000,
  0x0000,0x0000,0x0000,0x0000,0x0000,0x0000,0x0000,0x0000,0x0000,0x0000,0x0000,0x0000,0x0000,0x0000,0x0000,0x0000,
  0x0000,0x0000,0x0000,0x0000,0x0000,0x0000,0x0000,0x0000,0x0000,0x0000,0x0000,0x0000,0x0000,0x0000,0x0000,0x0000,
  0x0000,0x0000,0x0000,0x0000,0x0000,0x0000,0x0000,0x0000,0x0000,0x0000,0x0000,0x0000,0x0000,0x0000,0x0000,0x0000,
  0x0000,0x0000,0x0000,0x0000,0x0000,0x0000,0x0000,0x0000,0x0000,0x0000,0x0000,0x0000,0x0000,0x0000,0x0000,0x0000,
  0x0000,0x0000,0x0000,0x0000,0x0000,0x0000,0x0000,0x0000,0x0000,0x0000,0x0000,0x0000,0x0000,0x0000,0x0000,0x0000,
  0x0000,0x0000,0x0000,0x0000,0x0000,0x0000,0x0000,0x0000,0x0000,0x0000,0x0000,0x0000,0x0000,0x0000,0x0000,0x0000,
  0x0000,0x0000,0x0000,0x0000,0x0000,0x0000,0x0000,0x0000,0x0000,0x0000,0x0000,0x0000,0x0000,0x0000,0x0000,0x0000,
  0x0000,0x0000,0x0000,0x0000,0x0000,0x0000,0x0000,0x0000,0x0000,0x0000,0x0000,0x0000,0x0000,0x0000,0x0000,0x0000,
  0x0000,0x0000,0x0000,0x0000,0x0000,0x0000,0x0000,0x0000,0x0000,0x0000,0x0000,0x0000,0x0000,0x0000,0x0000,0x0000,
  0x0000,0x0000,0x0000,0x0000,0x0000,0x0000,0x0000,0x0000,0x0000,0x0000,0x0000,0x0000,0x0000,0x0000,0x0000,0x0000,
  0x0000,0x0000,0x0000,0x0000,0x0000,0x0000,0x0000,0x0000,0x0000,0x0000,0x0000,0x0000,0x0000,0x0000,0x0000,0x0000,
  0x0000,0x0000,0x0000,0x0000,0x0000,0x0000,0x0000,0x0000,0x0000,0x0000,0x0000,0x0000,0x0000,0x0000,0x0000,0x0000,
  0x0000,0x0000,0x0000,0x0000,0x0000,0x0000,0x0000,0x0000,0x0000,0x0000,0x0000,0x0000,0x0000,0x0000,0x0000,0x0000,
  0x0000,0x0000,0x0000,0x0000,0x0000,0x0000,0x0000,0x0000,0x0000,0x0000,0x0000,0x0000,0x0000,0x0000,0x0000,0x0000,
  0x0000,0x0000,0x0000,0x0000,0x0000,0x0000,0x0000,0x0000,0x0000,0x0000,0x0000,0x0000,0x0000,0x0000,0x0000,0x0000,
  0x0000,0x0000,0x0000,0x0000,0x0000,0x0000,0x0000,0x0000,0x0000,0x0000,0x0000,0x0000,0x0000,0x0000,0x0000,0x0000,
  0x0000,0x0000,0x0000,0x0000,0x0000,0x0000,0x0000,0x0000,0x0000,0x0000,0x0000,0x0000,0x0000,0x0000,0x0000,0x0000,
  0x0000,0x0000,0x0000,0x0000,0x0000,0x0000,0x0000,0x0000,0x0000,0x0000,0x0000,0x0000,0x0000,0x0000,0x0000,0x0000,
  0x0000,0x0000,0x0000,0x0000,0x0000,0x0000,0x0000,0x0000,0x0000,0x0000,0x0000,0x0000,0x0000,0x0000,0x0000,0x0000,
  0x0000,0x0000,0x0000,0x0000,0x0000,0x0000,0x0000,0x0000,0x0000,0x0000,0x0000,0x0000,0x0000,0x0000,0x0000,0x0000,
  0x0000,0x0000,0x0000,0x0000,0x0000,0x0000,0x0000,0x0000,0x0000,0x0000,0x0000,0x0000,0x0000,0x0000,0x0000,0x0000,
  0x0000,0x0000,0x0000,0x0000,0x0000,0x0000,0x0000,0x0000,0x0000,0x0000,0x0000,0x0000,0x0000,0x0000,0x0000,0x0000,
  0x0000,0x0000,0x0000,0x0000,0x0000,0x0000,0x0000,0x0000,0x0000,0x0000,0x0000,0x0000,0x0000,0x0000,0x0000,0x0000,
  0x0000,0x0000,0x0000,0x0000,0x0000,0x0000,0x0000,0x0000,0x0000,0x0000,0x0000,0x0000,0x0000,0x0000,0x0000,0x0000,
  0x0000,0x0000,0x0000,0x0000,0x0000,0x0000,0x0000,0x0000,0x0000,0x0000,0x0000,0x0000,0x0000,0x0000,0x0000,0x0000,
  0x0000,0x0000,0x0000,0x0000,0x0000,0x0000,0x0000,0x0000,0x0000,0x0000,0x0000,0x0000,0x0000,0x0000,0x0000,0x0000,
  0x0000,0x0000,0x0000,0x0000,0x0000,0x0000,0x0000,0x0000,0x0000,0x0000,0x0000,0x0000,0x0000,0x0000,0x0000,0x0000,
  0x0000,0x0000,0x0000,0x0000,0x0000,0x0000,0x0000,0x0000,0x0000,0x0000,0x0000,0x0000,0x0000,0x0000,0x0000,0x0000,
  0x0000,0x0000,0x0000,0x0000,0x0000,0x0000,0x0000,0x0000,0x0000,0x0000,0x0000,0x0000,0x0000,0x0000,0x0000,0x0000,
  0x0000,0x0000,0x0000,0x0000,0x0000,0x0000,0x0000,0x0000,0x0000,0x0000,0x0000,0x0000,0x0000,0x0000,0x0000,0x0000,
  0x0000,0x0000,0x0000,0x0000,0x0000,0x0000,0x0000,0x0000,0x0000,0x0000,0x0000,0x0000,0x0000,0x0000,0x0000,0x0000,
  0x0000,0x0000,0x0000,0x0000,0x0000,0x0000,0x0000,0x0000,0x0000,0x0000,0x0000,0x0000,0x0000,0x0000,0x0000,0x0000,
  0x0000,0x0000,0x0000,0x0000,0x0000,0x0000,0x0000,0x0000,0x0000,0x0000,0x0000,0x0000,0x0000,0x0000,0x0000,0x0000,
  0x0000,0x0000,0x0000,0x0000,0x0000,0x0000,0x0000,0x0000,0x0000,0x0000,0x0000,0x0000,0x0000,0x0000,0x0000,0x0000,
  0x0000,0x0000,0x0000,0x0000,0x0000,0x0000,0x0000,0x0000,0x0000,0x0000,0x0000,0x0000,0x0000,0x0000,0x0000,0x0000,
  0x0000,0x0000,0x0000,0x0000,0x0000,0x0000,0x0000,0x0000,0x0000,0x0000,0x0000,0x0000,0x0000,0x0000,0x0000,0x0000,
  0x0000,0x0000,0x0000,0x0000,0x0000,0x0000,0x0000,0x0000,0x0000,0x0000,0x0000,0x0000,0x0000,0x0000,0x0000,0x0000,
  0x0000,0x0000,0x0000,0x0000,0x0000,0x0000,0x0000,0x0000,0x0000,0x0000,0x0000,0x0000,0x0000,0x0000,0x0000,0x0000,
  0x0000,0x0000,0x0000,0x0000,0x0000,0x0000,0x0000,0x0000,0x0000,0x0000,0x0000,0x0000,0x0000,0x0000,0x630C,0x630C,
  0x630C,0x630C,0x0000,0x0000,0x0000,0x0000,0x0000,0x0000,0x0000,0x0000,0x0000,0x0000,0x0000,0x0000,0x0000,0x0000,
  0x0000,0x0000,0x0000,0x0000,0x0000,0x0000,0x0000,0x0000,0x630C,0x630C,0x630C,0x630C,0x0000,0x0000,0x0000,0x0000,
  0x0000,0x0000,0x0000,0x0000,0x0000,0x0000,0x0000,0x0000,0x0000,0x0000,0x0000,0x0000,0x0000,0x0000,0x0000,0x0000,
  0x0000,0x0000,0x0000,0x0000,0x0000,0x0000,0x0000,0x0000,0x0000,0x0000,0x0000,0x0000,0x0000,0x0000,0x630C,0x630C,
  0x630C,0x630C,0x0000,0x0000,0x0000,0x0000,0x0000,0x0000,0x0000,0x0000,0x0000,0x0000,0x0000,0x0000,0x0000,0x0000,
  0x0000,0x0000,0x0000,0x0000,0x0000,0x0000,0x0000,0x0000,0x630C,0x630C,0x630C,0x630C,0x0000,0x0000,0x0000,0x0000,
  0x0000,0x0000,0x0000,0x0000,0x0000,0x0000,0x0000,0x0000,0x0000,0x0000,0x0000,0x0000,0x0000,0x0000,0x0000,0x0000,
  0x0000,0x0000,0x0000,0x0000,0x0000,0x0000,0x0000,0x0000,0x0000,0x0000,0x0000,0x0000,0xEBF1,0xEBF1,0x0000,0x0000,
  0x630C,0x630C,0x630C,0x630C,0x0000,0x0000,0x0000,0x0000,0x0000,0x0000,0x0000,0x0000,0x0000,0x0000,0x0000,0x0000,
  0x0000,0x0000,0x0000,0x0000,0x0000,0x0000,0x630C,0x630C,0x630C,0x630C,0x0000,0x0000,0xEBF1,0xEBF1,0x0000,0x0000,
  0x0000,0x0000,0x0000,0x0000,0x0000,0x0000,0x0000,0x0000,0x0000,0x0000,0x0000,0x0000,0x0000,0x0000,0x0000,0x0000,
  0x0000,0x0000,0x0000,0x0000,0x0000,0x0000,0x0000,0x0000,0x0000,0x0000,0x0000,0x0000,0xEBF1,0xEBF1,0x0000,0x0000,
  0x630C,0x630C,0x630C,0x630C,0x0000,0x0000,0x0000,0x0000,0x0000,0x0000,0x0000,0x0000,0x0000,0x0000,0x0000,0x0000,
  0x0000,0x0000,0x0000,0x0000,0x0000,0x0000,0x630C,0x630C,0x630C,0x630C,0x0000,0x0000,0xEBF1,0xEBF1,0x0000,0x0000,
  0x0000,0x0000,0x0000,0x0000,0x0000,0x0000,0x0000,0x0000,0x0000,0x0000,0x0000,0x0000,0x0000,0x0000,0x0000,0x0000,
  0x0000,0x0000,0x0000,0x0000,0x0000,0x0000,0x0000,0x0000,0x0000,0x0000,0x0000,0x0000,0xEBF1,0xEBF1,0x0000,0x0000,
  0x630C,0x630C,0x630C,0x630C,0x630C,0x630C,0x0000,0x0000,0x0000,0x0000,0x0000,0x0000,0x0000,0x0000,0x0000,0x0000,
  0x0000,0x0000,0x0000,0x0000,0x630C,0x630C,0x630C,0x630C,0x630C,0x630C,0x0000,0x0000,0xEBF1,0xEBF1,0x0000,0x0000,
  0x0000,0x0000,0x0000,0x0000,0x0000,0x0000,0x0000,0x0000,0x0000,0x0000,0x0000,0x0000,0x0000,0x0000,0x0000,0x0000,
  0x0000,0x0000,0x0000,0x0000,0x0000,0x0000,0x0000,0x0000,0x0000,0x0000,0x0000,0x0000,0xEBF1,0xEBF1,0x0000,0x0000,
  0x630C,0x630C,0x630C,0x630C,0x630C,0x630C,0x0000,0x0000,0x0000,0x0000,0x0000,0x0000,0x0000,0x0000,0x0000,0x0000,
  0x0000,0x0000,0x0000,0x0000,0x630C,0x630C,0x630C,0x630C,0x630C,0x630C,0x0000,0x0000,0xEBF1,0xEBF1,0x0000,0x0000,
  0x0000,0x0000,0x0000,0x0000,0x0000,0x0000,0x0000,0x0000,0x0000,0x0000,0x0000,0x0000,0x0000,0x0000,0x0000,0x0000,
  0x0000,0x0000,0x0000,0x0000,0x0000,0x0000,0x0000,0x0000,0x0000,0x0000,0x0000,0x0000,0xEBF1,0xEBF1,0xEBF1,0xEBF1,
  0x0000,0x0000,0x630C,0x630C,0x630C,0x630C,0x4229,0x4229,0x630C,0x630C,0x4229,0x4229,0x4229,0x4229,0x4229,0x4229,
  0x630C,0x630C,0x4229,0x4229,0x630C,0x630C,0x630C,0x630C,0x630C,0x630C,0xEBF1,0xEBF1,0xEBF1,0xEBF1,0x0000,0x0000,
  0x0000,0x0000,0x0000,0x0000,0x0000,0x0000,0x0000,0x0000,0x0000,0x0000,0x0000,0x0000,0x0000,0x0000,0x0000,0x0000,
  0x0000,0x0000,0x0000,0x0000,0x0000,0x0000,0x0000,0x0000,0x0000,0x0000,0x0000,0x0000,0xEBF1,0xEBF1,0xEBF1,0xEBF1,
  0x0000,0x0000,0x630C,0x630C,0x630C,0x630C,0x4229,0x4229,0x630C,0x630C,0x4229,0x4229,0x4229,0x4229,0x4229,0x4229,
  0x630C,0x630C,0x4229,0x4229,0x630C,0x630C,0x630C,0x630C,0x630C,0x630C,0xEBF1,0xEBF1,0xEBF1,0xEBF1,0x0000,0x0000,
  0x0000,0x0000,0x0000,0x0000,0x0000,0x0000,0x0000,0x0000,0x0000,0x0000,0x0000,0x0000,0x0000,0x0000,0x0000,0x0000,
  0x0000,0x0000,0x0000,0x0000,0x0000,0x0000,0x0000,0x0000,0x0000,0x0000,0x0000,0x0000,0xEBF1,0xEBF1,0xEBF1,0xEBF1,
  0x0000,0x0000,0x630C,0x630C,0x630C,0x630C,0x4229,0x4229,0x630C,0x630C,0x4229,0x4229,0x4229,0x4229,0x4229,0x4229,
  0x630C,0x630C,0x4229,0x4229,0x630C,0x630C,0x630C,0x630C,0xEBF1,0xEBF1,0xEBF1,0xEBF1,0xEBF1,0xEBF1,0x0000,0x0000,
  0x0000,0x0000,0x0000,0x0000,0x0000,0x0000,0x0000,0x0000,0x0000,0x0000,0x0000,0x0000,0x0000,0x0000,0x0000,0x0000,
  0x0000,0x0000,0x0000,0x0000,0x0000,0x0000,0x0000,0x0000,0x0000,0x0000,0x0000,0x0000,0xEBF1,0xEBF1,0xEBF1,0xEBF1,
  0x0000,0x0000,0x630C,0x630C,0x630C,0x630C,0x4229,0x4229,0x630C,0x630C,0x4229,0x4229,0x4229,0x4229,0x4229,0x4229,
  0x630C,0x630C,0x4229,0x4229,0x630C,0x630C,0x630C,0x630C,0xEBF1,0xEBF1,0xEBF1,0xEBF1,0xEBF1,0xEBF1,0x0000,0x0000,
  0x0000,0x0000,0x0000,0x0000,0x0000,0x0000,0x0000,0x0000,0x0000,0x0000,0x0000,0x0000,0x0000,0x0000,0x0000,0x0000,
  0x0000,0x0000,0x0000,0x0000,0x0000,0x0000,0x0000,0x0000,0x0000,0x0000,0x0000,0x0000,0xEBF1,0xEBF1,0xEBF1,0xEBF1,
  0x630C,0x630C,0x630C,0x630C,0x630C,0x630C,0x630C,0x630C,0x630C,0x630C,0x630C,0x630C,0x4229,0x4229,0x630C,0x630C,
  0x630C,0x630C,0x630C,0x630C,0x630C,0x630C,0x630C,0x630C,0x0000,0x0000,0xEBF1,0xEBF1,0x0000,0x0000,0x0000,0x0000,
  0x0000,0x0000,0x0000,0x0000,0x0000,0x0000,0x0000,0x0000,0x0000,0x0000,0x0000,0x0000,0x0000,0x0000,0x0000,0x0000,
  0x0000,0x0000,0x0000,0x0000,0x0000,0x0000,0x0000,0x0000,0x0000,0x0000,0x0000,0x0000,0xEBF1,0xEBF1,0xEBF1,0xEBF1,
  0x630C,0x630C,0x630C,0x630C,0x630C,0x630C,0x630C,0x630C,0x630C,0x630C,0x630C,0x630C,0x4229,0x4229,0x630C,0x630C,
  0x630C,0x630C,0x630C,0x630C,0x630C,0x630C,0x630C,0x630C,0x0000,0x0000,0xEBF1,0xEBF1,0x0000,0x0000,0x0000,0x0000,
  0x0000,0x0000,0x0000,0x0000,0x0000,0x0000,0x0000,0x0000,0x0000,0x0000,0x0000,0x0000,0x0000,0x0000,0x0000,0x0000,
  0x0000,0x0000,0x0000,0x0000,0x0000,0x0000,0x0000,0x0000,0x0000,0x0000,0x0000,0x0000,0x0000,0x0000,0x630C,0x630C,
  0x630C,0x630C,0x630C,0x630C,0x630C,0x630C,0x630C,0x630C,0x630C,0x630C,0x630C,0x630C,0x4229,0x4229,0x630C,0x630C,
  0x630C,0x630C,0x630C,0x630C,0x630C,0x630C,0x630C,0x630C,0x630C,0x630C,0x0000,0x0000,0x0000,0x0000,0x0000,0x0000,
  0x0000,0x0000,0x0000,0x0000,0x0000,0x0000,0x0000,0x0000,0x0000,0x0000,0x0000,0x0000,0x0000,0x0000,0x0000,0x0000,
  0x0000,0x0000,0x0000,0x0000,0x0000,0x0000,0x0000,0x0000,0x0000,0x0000,0x0000,0x0000,0x0000,0x0000,0x630C,0x630C,
  0x630C,0x630C,0x630C,0x630C,0x630C,0x630C,0x630C,0x630C,0x630C,0x630C,0x630C,0x630C,0x4229,0x4229,0x630C,0x630C,
  0x630C,0x630C,0x630C,0x630C,0x630C,0x630C,0x630C,0x630C,0x630C,0x630C,0x0000,0x0000,0x0000,0x0000,0x0000,0x0000,
  0x0000,0x0000,0x0000,0x0000,0x0000,0x0000,0x0000,0x0000,0x0000,0x0000,0x0000,0x0000,0x0000,0x0000,0x0000,0x0000,
  0x0000,0x0000,0x0000,0x0000,0x0000,0x0000,0x0000,0x0000,0x0000,0x0000,0x0000,0x0000,0x0000,0x0000,0x630C,0x630C,
  0x630C,0x630C,0x0000,0x0000,0x630C,0x630C,0x630C,0x630C,0x630C,0x630C,0x630C,0x630C,0x630C,0x630C,0x630C,0x630C,
  0x630C,0x630C,0x630C,0x630C,0x630C,0x630C,0x0000,0x0000,0x630C,0x630C,0x630C,0x630C,0x0000,0x0000,0x0000,0x0000,
  0x0000,0x0000,0x0000,0x0000,0x0000,0x0000,0x0000,0x0000,0x0000,0x0000,0x0000,0x0000,0x0000,0x0000,0x0000,0x0000,
  0x0000,0x0000,0x0000,0x0000,0x0000,0x0000,0x0000,0x0000,0x0000,0x0000,0x0000,0x0000,0x0000,0x0000,0x630C,0x630C,
  0x630C,0x630C,0x0000,0x0000,0x630C,0x630C,0x630C,0x630C,0x630C,0x630C,0x630C,0x630C,0x630C,0x630C,0x630C,0x630C,
  0x630C,0x630C,0x630C,0x630C,0x630C,0x630C,0x0000,0x0000,0x630C,0x630C,0x630C,0x630C,0x0000,0x0000,0x0000,0x0000,
  0x0000,0x0000,0x0000,0x0000,0x0000,0x0000,0x0000,0x0000,0x0000,0x0000,0x0000,0x0000,0x0000,0x0000,0x0000,0x0000,
  0x0000,0x0000,0x0000,0x0000,0x0000,0x0000,0x0000,0x0000,0x0000,0x0000,0x0000,0x0000,0x0000,0x0000,0x630C,0x630C,
  0x630C,0x630C,0x630C,0x630C,0x0000,0x0000,0x0000,0x0000,0x0000,0x0000,0x630C,0x630C,0x630C,0x630C,0x630C,0x630C,
  0x0000,0x0000,0x0000,0x0000,0x0000,0x0000,0x630C,0x630C,0x630C,0x630C,0x630C,0x630C,0x0000,0x0000,0x0000,0x0000,
  0x0000,0x0000,0x0000,0x0000,0x0000,0x0000,0x0000,0x0000,0x0000,0x0000,0x0000,0x0000,0x0000,0x0000,0x0000,0x0000,
  0x0000,0x0000,0x0000,0x0000,0x0000,0x0000,0x0000,0x0000,0x0000,0x0000,0x0000,0x0000,0x0000,0x0000,0x630C,0x630C,
  0x630C,0x630C,0x630C,0x630C,0x0000,0x0000,0x0000,0x0000,0x0000,0x0000,0x630C,0x630C,0x630C,0x630C,0x630C,0x630C,
  0x0000,0x0000,0x0000,0x0000,0x0000,0x0000,0x630C,0x630C,0x630C,0x630C,0x630C,0x630C,0x0000,0x0000,0x0000,0x0000,
  0x0000,0x0000,0x0000,0x0000,0x0000,0x0000,0x0000,0x0000,0x0000,0x0000,0x0000,0x0000,0x0000,0x0000,0x0000,0x0000,
  0x0000,0x0000,0x0000,0x0000,0x0000,0x0000,0x0000,0x0000,0xFFFF,0xFFFF,0xFFFF,0xFFFF,0x630C,0x630C,0x630C,0x630C,
  0x630C,0x630C,0x630C,0x630C,0x630C,0x630C,0x630C,0x630C,0xD6BA,0xD6BA,0xD6BA,0xD6BA,0xD6BA,0xD6BA,0xD6BA,0xD6BA,
  0xD6BA,0xD6BA,0x630C,0x630C,0x630C,0x630C,0x630C,0x630C,0x630C,0x630C,0x630C,0x630C,0xFFFF,0xFFFF,0xFFFF,0xFFFF,
  0xFFFF,0xFFFF,0x0000,0x0000,0x0000,0x0000,0x0000,0x0000,0x0000,0x0000,0x0000,0x0000,0x0000,0x0000,0x0000,0x0000,
  0x0000,0x0000,0x0000,0x0000,0x0000,0x0000,0x0000,0x0000,0xFFFF,0xFFFF,0xFFFF,0xFFFF,0x630C,0x630C,0x630C,0x630C,
  0x630C,0x630C,0x630C,0x630C,0x630C,0x630C,0x630C,0x630C,0xD6BA,0xD6BA,0xD6BA,0xD6BA,0xD6BA,0xD6BA,0xD6BA,0xD6BA,
  0xD6BA,0xD6BA,0x630C,0x630C,0x630C,0x630C,0x630C,0x630C,0x630C,0x630C,0x630C,0x630C,0xFFFF,0xFFFF,0xFFFF,0xFFFF,
  0xFFFF,0xFFFF,0x0000,0x0000,0x0000,0x0000,0x0000,0x0000,0x0000,0x0000,0x0000,0x0000,0x0000,0x0000,0x0000,0x0000,
  0x0000,0x0000,0x0000,0x0000,0x0000,0x0000,0x0000,0x0000,0x0000,0x0000,0x0000,0x0000,0xFFFF,0xFFFF,0xFFFF,0xFFFF,
  0x630C,0x630C,0x630C,0x630C,0x630C,0x630C,0xD6BA,0xD6BA,0xD6BA,0xD6BA,0xEBF1,0xEBF1,0xEBF1,0xEBF1,0xEBF1,0xEBF1,
  0xD6BA,0xD6BA,0xD6BA,0xD6BA,0x630C,0x630C,0x630C,0x630C,0xFFFF,0xFFFF,0xFFFF,0xFFFF,0xFFFF,0xFFFF,0x0000,0x0000,
  0x0000,0x0000,0x0000,0x0000,0x0000,0x0000,0x0000,0x0000,0x0000,0x0000,0x0000,0x0000,0x0000,0x0000,0x0000,0x0000,
  0x0000,0x0000,0x0000,0x0000,0x0000,0x0000,0x0000,0x0000,0x0000,0x0000,0x0000,0x0000,0xFFFF,0xFFFF,0xFFFF,0xFFFF,
  0x630C,0x630C,0x630C,0x630C,0x630C,0x630C,0xD6BA,0xD6BA,0xD6BA,0xD6BA,0xEBF1,0xEBF1,0xEBF1,0xEBF1,0xEBF1,0xEBF1,
  0xD6BA,0xD6BA,0xD6BA,0xD6BA,0x630C,0x630C,0x630C,0x630C,0xFFFF,0xFFFF,0xFFFF,0xFFFF,0xFFFF,0xFFFF,0x0000,0x0000,
  0x0000,0x0000,0x0000,0x0000,0x0000,0x0000,0x0000,0x0000,0x0000,0x0000,0x0000,0x0000,0x0000,0x0000,0x0000,0x0000,
  0x0000,0x0000,0x0000,0x0000,0x0000,0x0000,0x0000,0x0000,0x0000,0x0000,0x0000,0x0000,0x630C,0x630C,0x630C,0x630C,
  0x630C,0x630C,0x630C,0x630C,0xD6BA,0xD6BA,0xD6BA,0xD6BA,0xD6BA,0xD6BA,0xD6BA,0xD6BA,0x0000,0x0000,0xD6BA,0xD6BA,
  0xD6BA,0xD6BA,0xD6BA,0xD6BA,0xD6BA,0xD6BA,0x630C,0x630C,0x630C,0x630C,0x630C,0x630C,0x630C,0x630C,0x0000,0x0000,
  0x0000,0x0000,0x0000,0x0000,0x0000,0x0000,0x0000,0x0000,0x0000,0x0000,0x0000,0x0000,0x0000,0x0000,0x0000,0x0000,
  0x0000,0x0000,0x0000,0x0000,0x0000,0x0000,0x0000,0x0000,0x0000,0x0000,0x0000,0x0000,0x630C,0x630C,0x630C,0x630C,
  0x630C,0x630C,0x630C,0x630C,0xD6BA,0xD6BA,0xD6BA,0xD6BA,0xD6BA,0xD6BA,0xD6BA,0xD6BA,0x0000,0x0000,0xD6BA,0xD6BA,
  0xD6BA,0xD6BA,0xD6BA,0xD6BA,0xD6BA,0xD6BA,0x630C,0x630C,0x630C,0x630C,0x630C,0x630C,0x630C,0x630C,0x0000,0x0000,
  0x0000,0x0000,0x0000,0x0000,0x0000,0x0000,0x0000,0x0000,0x0000,0x0000,0x0000,0x0000,0x0000,0x0000,0x0000,0x0000,
  0x0000,0x0000,0x0000,0x0000,0x0000,0x0000,0x0000,0x0000,0x0000,0x0000,0xFFFF,0xFFFF,0xFFFF,0xFFFF,0xFFFF,0xFFFF,
  0x630C,0x630C,0xD6BA,0xD6BA,0xD6BA,0xD6BA,0xD6BA,0xD6BA,0x0000,0x0000,0x0000,0x0000,0xD6BA,0xD6BA,0x0000,0x0000,
  0x0000,0x0000,0xD6BA,0xD6BA,0xD6BA,0xD6BA,0xD6BA,0xD6BA,0xFFFF,0xFFFF,0xFFFF,0xFFFF,0xFFFF,0xFFFF,0x0000,0x0000,
  0x0000,0x0000,0x0000,0x0000,0x0000,0x0000,0x0000,0x0000,0x0000,0x0000,0x0000,0x0000,0x0000,0x0000,0x0000,0x0000,
  0x0000,0x0000,0x0000,0x0000,0x0000,0x0000,0x0000,0x0000,0x0000,0x0000,0xFFFF,0xFFFF,0xFFFF,0xFFFF,0xFFFF,0xFFFF,
  0x630C,0x630C,0xD6BA,0xD6BA,0xD6BA,0xD6BA,0xD6BA,0xD6BA,0x0000,0x0000,0x0000,0x0000,0xD6BA,0xD6BA,0x0000,0x0000,
  0x0000,0x0000,0xD6BA,0xD6BA,0xD6BA,0xD6BA,0xD6BA,0xD6BA,0xFFFF,0xFFFF,0xFFFF,0xFFFF,0xFFFF,0xFFFF,0x0000,0x0000,
  0x0000,0x0000,0x0000,0x0000,0x0000,0x0000,0x0000,0x0000,0x0000,0x0000,0x0000,0x0000,0x0000,0x0000,0x0000,0x0000,
  0x0000,0x0000,0x0000,0x0000,0x0000,0x0000,0x0000,0x0000,0x0000,0x0000,0x0000,0x0000,0x0000,0x0000,0x0000,0x0000,
  0xD6BA,0xD6BA,0xD6BA,0xD6BA,0xD6BA,0xD6BA,0xD6BA,0xD6BA,0xD6BA,0xD6BA,0xD6BA,0xD6BA,0xD6BA,0xD6BA,0xD6BA,0xD6BA,
  0xD6BA,0xD6BA,0xD6BA,0xD6BA,0xD6BA,0xD6BA,0xD6BA,0xD6BA,0xD6BA,0xD6BA,0x0000,0x0000,0x0000,0x0000,0x0000,0x0000,
  0x0000,0x0000,0x0000,0x0000,0x0000,0x0000,0x0000,0x0000,0x0000,0x0000,0x0000,0x0000,0x0000,0x0000,0x0000,0x0000,
  0x0000,0x0000,0x0000,0x0000,0x0000,0x0000,0x0000,0x0000,0x0000,0x0000,0x0000,0x0000,0x0000,0x0000,0x0000,0x0000,
  0xD6BA,0xD6BA,0xD6BA,0xD6BA,0xD6BA,0xD6BA,0xD6BA,0xD6BA,0xD6BA,0xD6BA,0xD6BA,0xD6BA,0xD6BA,0xD6BA,0xD6BA,0xD6BA,
  0xD6BA,0xD6BA,0xD6BA,0xD6BA,0xD6BA,0xD6BA,0xD6BA,0xD6BA,0xD6BA,0xD6BA,0x0000,0x0000,0x0000,0x0000,0x0000,0x0000,
  0x0000,0x0000,0x0000,0x0000,0x0000,0x0000,0x0000,0x0000,0x0000,0x0000,0x0000,0x0000,0x0000,0x0000,0x0000,0x0000,
  0x0000,0x0000,0x0000,0x0000,0x0000,0x0000,0x0000,0x0000,0x0000,0x0000,0x0000,0x0000,0x0000,0x0000,0x0000,0x0000,
  0xFFFF,0xFFFF,0xD6BA,0xD6BA,0xD6BA,0xD6BA,0xD6BA,0xD6BA,0xD6BA,0xD6BA,0xD6BA,0xD6BA,0xD6BA,0xD6BA,0xD6BA,0xD6BA,
  0xD6BA,0xD6BA,0xD6BA,0xD6BA,0xD6BA,0xD6BA,0xD6BA,0xD6BA,0xFFFF,0xFFFF,0x0000,0x0000,0x0000,0x0000,0x0000,0x0000,
  0x0000,0x0000,0x0000,0x0000,0x0000,0x0000,0x0000,0x0000,0x0000,0x0000,0x0000,0x0000,0x0000,0x0000,0x0000,0x0000,
  0x0000,0x0000,0x0000,0x0000,0x0000,0x0000,0x0000,0x0000,0x0000,0x0000,0x0000,0x0000,0x0000,0x0000,0x0000,0x0000,
  0xFFFF,0xFFFF,0xD6BA,0xD6BA,0xD6BA,0xD6BA,0xD6BA,0xD6BA,0xD6BA,0xD6BA,0xD6BA,0xD6BA,0xD6BA,0xD6BA,0xD6BA,0xD6BA,
  0xD6BA,0xD6BA,0xD6BA,0xD6BA,0xD6BA,0xD6BA,0xD6BA,0xD6BA,0xFFFF,0xFFFF,0x0000,0x0000,0x0000,0x0000,0x0000,0x0000,
  0x0000,0x0000,0x0000,0x0000,0x0000,0x0000,0x0000,0x0000,0x0000,0x0000,0x0000,0x0000,0x0000,0x0000,0x0000,0x0000,
  0x0000,0x0000,0x0000,0x0000,0x0000,0x0000,0x0000,0x0000,0x0000,0x0000,0x0000,0x0000,0x0000,0x0000,0xFFFF,0xFFFF,
  0x0000,0x0000,0x0000,0x0000,0x0000,0x0000,0x0000,0x0000,0xD6BA,0xD6BA,0xD6BA,0xD6BA,0xD6BA,0xD6BA,0xD6BA,0xD6BA,
  0xD6BA,0xD6BA,0x0000,0x0000,0x0000,0x0000,0x0000,0x0000,0x0000,0x0000,0xFFFF,0xFFFF,0x0000,0x0000,0x0000,0x0000,
  0x0000,0x0000,0x0000,0x0000,0x0000,0x0000,0x0000,0x0000,0x0000,0x0000,0x0000,0x0000,0x0000,0x0000,0x0000,0x0000,
  0x0000,0x0000,0x0000,0x0000,0x0000,0x0000,0x0000,0x0000,0x0000,0x0000,0x0000,0x0000,0x0000,0x0000,0xFFFF,0xFFFF,
  0x0000,0x0000,0x0000,0x0000,0x0000,0x0000,0x0000,0x0000,0xD6BA,0xD6BA,0xD6BA,0xD6BA,0xD6BA,0xD6BA,0xD6BA,0xD6BA,
  0xD6BA,0xD6BA,0x0000,0x0000,0x0000,0x0000,0x0000,0x0000,0x0000,0x0000,0xFFFF,0xFFFF,0x0000,0x0000,0x0000,0x0000,
  0x0000,0x0000,0x0000,0x0000,0x0000,0x0000,0x0000,0x0000,0x0000,0x0000,0x0000,0x0000,0x0000,0x0000,0x0000,0x0000,
  0x0000,0x0000,0x0000,0x0000,0x0000,0x0000,0x0000,0x0000,0x0000,0x0000,0x0000,0x0000,0x0000,0x0000,0x0000,0x0000,
  0x0000,0x0000,0x0000,0x0000,0x630C,0x630C,0x630C,0x630C,0x0000,0x0000,0x0000,0x0000,0x0000,0x0000,0x0000,0x0000,
  0x0000,0x0000,0x630C,0x630C,0x630C,0x630C,0x0000,0x0000,0x0000,0x0000,0x0000,0x0000,0x0000,0x0000,0x0000,0x0000,
  0x0000,0x0000,0x0000,0x0000,0x0000,0x0000,0x0000,0x0000,0x0000,0x0000,0x0000,0x0000,0x0000,0x0000,0x0000,0x0000,
  0x0000,0x0000,0x0000,0x0000,0x0000,0x0000,0x0000,0x0000,0x0000,0x0000,0x0000,0x0000,0x0000,0x0000,0x0000,0x0000,
  0x0000,0x0000,0x0000,0x0000,0x630C,0x630C,0x630C,0x630C,0x0000,0x0000,0x0000,0x0000,0x0000,0x0000,0x0000,0x0000,
  0x0000,0x0000,0x630C,0x630C,0x630C,0x630C,0x0000,0x0000,0x0000,0x0000,0x0000,0x0000,0x0000,0x0000,0x0000,0x0000,
  0x0000,0x0000,0x0000,0x0000,0x0000,0x0000,0x0000,0x0000,0x0000,0x0000,0x0000,0x0000,0x0000,0x0000,0x0000,0x0000,
  0x0000,0x0000,0x0000,0x0000,0x0000,0x0000,0x0000,0x0000,0x0000,0x0000,0x0000,0x0000,0x0000,0x0000,0x0000,0x0000,
  0x0000,0x0000,0x0000,0x0000,0x630C,0x630C,0x630C,0x630C,0xD6BA,0xD6BA,0xD6BA,0xD6BA,0xD6BA,0xD6BA,0xD6BA,0xD6BA,
  0xD6BA,0xD6BA,0x630C,0x630C,0x630C,0x630C,0x0000,0x0000,0x0000,0x0000,0x0000,0x0000,0x0000,0x0000,0x0000,0x0000,
  0x0000,0x0000,0x0000,0x0000,0x0000,0x0000,0x0000,0x0000,0x0000,0x0000,0x0000,0x0000,0x0000,0x0000,0x0000,0x0000,
  0x0000,0x0000,0x0000,0x0000,0x0000,0x0000,0x0000,0x0000,0x0000,0x0000,0x0000,0x0000,0x0000,0x0000,0x0000,0x0000,
  0x0000,0x0000,0x0000,0x0000,0x630C,0x630C,0x630C,0x630C,0xD6BA,0xD6BA,0xD6BA,0xD6BA,0xD6BA,0xD6BA,0xD6BA,0xD6BA,
  0xD6BA,0xD6BA,0x630C,0x630C,0x630C,0x630C,0x0000,0x0000,0x0000,0x0000,0x0000,0x0000,0x0000,0x0000,0x0000,0x0000,
  0x0000,0x0000,0x0000,0x0000,0x0000,0x0000,0x0000,0x0000,0x0000,0x0000,0x0000,0x0000,0x0000,0x0000,0x0000,0x0000,
  0x0000,0x0000,0x0000,0x0000,0x0000,0x0000,0x0000,0x0000,0x0000,0x0000,0x0000,0x0000,0x0000,0x0000,0x0000,0x0000,
  0x0000,0x0000,0x0000,0x0000,0x630C,0x630C,0x630C,0x630C,0xD6BA,0xD6BA,0xD6BA,0xD6BA,0xD6BA,0xD6BA,0xD6BA,0xD6BA,
  0xD6BA,0xD6BA,0x630C,0x630C,0x630C,0x630C,0x0000,0x0000,0x0000,0x0000,0x0000,0x0000,0x0000,0x0000,0x0000,0x0000,
  0x0000,0x0000,0x0000,0x0000,0x0000,0x0000,0x0000,0x0000,0x0000,0x0000,0x0000,0x0000,0x0000,0x0000,0x0000,0x0000,
  0x0000,0x0000,0x0000,0x0000,0x0000,0x0000,0x0000,0x0000,0x0000,0x0000,0x0000,0x0000,0x0000,0x0000,0x0000,0x0000,
  0x0000,0x0000,0x0000,0x0000,0x630C,0x630C,0x630C,0x630C,0xD6BA,0xD6BA,0xD6BA,0xD6BA,0xD6BA,0xD6BA,0xD6BA,0xD6BA,
  0xD6BA,0xD6BA,0x630C,0x630C,0x630C,0x630C,0x0000,0x0000,0x0000,0x0000,0x0000,0x0000,0x0000,0x0000,0x0000,0x0000,
  0x0000,0x0000,0x0000,0x0000,0x0000,0x0000,0x0000,0x0000,0x0000,0x0000,0x0000,0x0000,0x0000,0x0000,0x0000,0x0000,
  0x0000,0x0000,0x0000,0x0000,0x0000,0x0000,0x0000,0x0000,0x0000,0x0000,0x0000,0x0000,0x0000,0x0000,0x0000,0x0000,
  0x0000,0x0000,0x0000,0x0000,0x630C,0x630C,0x630C,0x630C,0x630C,0x630C,0xD6BA,0xD6BA,0xD6BA,0xD6BA,0xD6BA,0xD6BA,
  0x630C,0x630C,0x630C,0x630C,0x630C,0x630C,0x0000,0x0000,0x0000,0x0000,0x0000,0x0000,0x0000,0x0000,0x0000,0x0000,
  0x0000,0x0000,0x0000,0x0000,0x630C,0x630C,0x630C,0x630C,0x0000,0x0000,0x0000,0x0000,0x0000,0x0000,0x0000,0x0000,
  0x0000,0x0000,0x0000,0x0000,0x0000,0x0000,0x0000,0x0000,0x0000,0x0000,0x0000,0x0000,0x0000,0x0000,0x0000,0x0000,
  0x0000,0x0000,0x0000,0x0000,0x630C,0x630C,0x630C,0x630C,0x630C,0x630C,0xD6BA,0xD6BA,0xD6BA,0xD6BA,0xD6BA,0xD6BA,
  0x630C,0x630C,0x630C,0x630C,0x630C,0x630C,0x0000,0x0000,0x0000,0x0000,0x0000,0x0000,0x0000,0x0000,0x0000,0x0000,
  0x0000,0x0000,0x0000,0x0000,0x630C,0x630C,0x630C,0x630C,0x0000,0x0000,0x0000,0x0000,0x0000,0x0000,0x0000,0x0000,
  0x0000,0x0000,0x0000,0x0000,0x0000,0x0000,0x0000,0x0000,0x0000,0x0000,0x0000,0x0000,0x0000,0x0000,0x0000,0x0000,
  0x0000,0x0000,0x0000,0x0000,0x630C,0x630C,0x630C,0x630C,0x630C,0x630C,0xD6BA,0xD6BA,0xD6BA,0xD6BA,0xD6BA,0xD6BA,
  0x630C,0x630C,0x630C,0x630C,0x630C,0x630C,0x0000,0x0000,0x0000,0x0000,0x0000,0x0000,0x0000,0x0000,0x0000,0x0000,
  0x0000,0x0000,0x0000,0x0000,0x4229,0x4229,0x4229,0x4229,0x630C,0x630C,0x0000,0x0000,0x0000,0x0000,0x0000,0x0000,
  0x0000,0x0000,0x0000,0x0000,0x0000,0x0000,0x0000,0x0000,0x0000,0x0000,0x0000,0x0000,0x0000,0x0000,0x0000,0x0000,
  0x0000,0x0000,0x0000,0x0000,0x630C,0x630C,0x630C,0x630C,0x630C,0x630C,0xD6BA,0xD6BA,0xD6BA,0xD6BA,0xD6BA,0xD6BA,
  0x630C,0x630C,0x630C,0x630C,0x630C,0x630C,0x0000,0x0000,0x0000,0x0000,0x0000,0x0000,0x0000,0x0000,0x0000,0x0000,
  0x0000,0x0000,0x0000,0x0000,0x4229,0x4229,0x4229,0x4229,0x630C,0x630C,0x0000,0x0000,0x0000,0x0000,0x0000,0x0000,
  0x0000,0x0000,0x0000,0x0000,0x0000,0x0000,0x0000,0x0000,0x0000,0x0000,0x0000,0x0000,0x0000,0x0000,0x0000,0x0000,
  0x0000,0x0000,0x0000,0x0000,0x630C,0x630C,0x630C,0x630C,0x0000,0x0000,0xD6BA,0xD6BA,0xD6BA,0xD6BA,0xD6BA,0xD6BA,
  0x0000,0x0000,0x630C,0x630C,0x630C,0x630C,0x0000,0x0000,0x630C,0x630C,0x0000,0x0000,0x0000,0x0000,0x0000,0x0000,
  0x0000,0x0000,0x0000,0x0000,0x0000,0x0000,0x630C,0x630C,0x630C,0x630C,0x0000,0x0000,0x0000,0x0000,0x0000,0x0000,
  0x0000,0x0000,0x0000,0x0000,0x0000,0x0000,0x0000,0x0000,0x0000,0x0000,0x0000,0x0000,0x0000,0x0000,0x0000,0x0000,
  0x0000,0x0000,0x0000,0x0000,0x630C,0x630C,0x630C,0x630C,0x0000,0x0000,0xD6BA,0xD6BA,0xD6BA,0xD6BA,0xD6BA,0xD6BA,
  0x0000,0x0000,0x630C,0x630C,0x630C,0x630C,0x0000,0x0000,0x630C,0x630C,0x0000,0x0000,0x0000,0x0000,0x0000,0x0000,
  0x0000,0x0000,0x0000,0x0000,0x0000,0x0000,0x630C,0x630C,0x630C,0x630C,0x0000,0x0000,0x0000,0x0000,0x0000,0x0000,
  0x0000,0x0000,0x0000,0x0000,0x0000,0x0000,0x0000,0x0000,0x0000,0x0000,0x0000,0x0000,0x0000,0x0000,0x0000,0x0000,
  0x0000,0x0000,0x0000,0x0000,0x630C,0x630C,0x630C,0x630C,0x630C,0x630C,0x0000,0x0000,0xD6BA,0xD6BA,0x0000,0x0000,
  0x630C,0x630C,0x630C,0x630C,0x630C,0x630C,0x0000,0x0000,0x630C,0x630C,0x4229,0x4229,0x630C,0x630C,0x0000,0x0000,
  0x0000,0x0000,0x0000,0x0000,0x0000,0x0000,0x4229,0x4229,0x630C,0x630C,0x0000,0x0000,0x0000,0x0000,0x0000,0x0000,
  0x0000,0x0000,0x0000,0x0000,0x0000,0x0000,0x0000,0x0000,0x0000,0x0000,0x0000,0x0000,0x0000,0x0000,0x0000,0x0000,
  0x0000,0x0000,0x0000,0x0000,0x630C,0x630C,0x630C,0x630C,0x630C,0x630C,0x0000,0x0000,0xD6BA,0xD6BA,0x0000,0x0000,
  0x630C,0x630C,0x630C,0x630C,0x630C,0x630C,0x0000,0x0000,0x630C,0x630C,0x4229,0x4229,0x630C,0x630C,0x0000,0x0000,
  0x0000,0x0000,0x0000,0x0000,0x0000,0x0000,0x4229,0x4229,0x630C,0x630C,0x0000,0x0000,0x0000,0x0000,0x0000,0x0000,
  0x0000,0x0000,0x0000,0x0000,0x0000,0x0000,0x0000,0x0000,0x0000,0x0000,0x0000,0x0000,0x0000,0x0000,0x0000,0x0000,
  0x0000,0x0000,0x0000,0x0000,0x0000,0x0000,0x630C,0x630C,0x630C,0x630C,0x630C,0x630C,0x0000,0x0000,0x630C,0x630C,
  0x630C,0x630C,0x630C,0x630C,0x0000,0x0000,0x0000,0x0000,0x630C,0x630C,0x4229,0x4229,0x630C,0x630C,0x0000,0x0000,
  0x0000,0x0000,0x0000,0x0000,0x0000,0x0000,0x630C,0x630C,0x630C,0x630C,0x0000,0x0000,0x0000,0x0000,0x0000,0x0000,
  0x0000,0x0000,0x0000,0x0000,0x0000,0x0000,0x0000,0x0000,0x0000,0x0000,0x0000,0x0000,0x0000,0x0000,0x0000,0x0000,
  0x0000,0x0000,0x0000,0x0000,0x0000,0x0000,0x630C,0x630C,0x630C,0x630C,0x630C,0x630C,0x0000,0x0000,0x630C,0x630C,
  0x630C,0x630C,0x630C,0x630C,0x0000,0x0000,0x0000,0x0000,0x630C,0x630C,0x4229,0x4229,0x630C,0x630C,0x0000,0x0000,
  0x0000,0x0000,0x0000,0x0000,0x0000,0x0000,0x630C,0x630C,0x630C,0x630C,0x0000,0x0000,0x0000,0x0000,0x0000,0x0000,
  0x0000,0x0000,0x0000,0x0000,0x0000,0x0000,0x0000,0x0000,0x0000,0x0000,0x0000,0x0000,0x0000,0x0000,0x0000,0x0000,
  0x0000,0x0000,0x0000,0x0000,0x0000,0x0000,0x630C,0x630C,0x630C,0x630C,0x630C,0x630C,0x0000,0x0000,0x630C,0x630C,
  0x630C,0x630C,0x630C,0x630C,0x0000,0x0000,0x630C,0x630C,0x630C,0x630C,0x630C,0x630C,0x630C,0x630C,0x4229,0x4229,
  0x0000,0x0000,0x0000,0x0000,0x630C,0x630C,0x630C,0x630C,0x0000,0x0000,0x0000,0x0000,0x0000,0x0000,0x0000,0x0000,
  0x0000,0x0000,0x0000,0x0000,0x0000,0x0000,0x0000,0x0000,0x0000,0x0000,0x0000,0x0000,0x0000,0x0000,0x0000,0x0000,
  0x0000,0x0000,0x0000,0x0000,0x0000,0x0000,0x630C,0x630C,0x630C,0x630C,0x630C,0x630C,0x0000,0x0000,0x630C,0x630C,
  0x630C,0x630C,0x630C,0x630C,0x0000,0x0000,0x630C,0x630C,0x630C,0x630C,0x630C,0x630C,0x630C,0x630C,0x4229,0x4229,
  0x0000,0x0000,0x0000,0x0000,0x630C,0x630C,0x630C,0x630C,0x0000,0x0000,0x0000,0x0000,0x0000,0x0000,0x0000,0x0000,
  0x0000,0x0000,0x0000,0x0000,0x0000,0x0000,0x0000,0x0000,0x0000,0x0000,0x0000,0x0000,0x0000,0x0000,0x0000,0x0000,
  0x0000,0x0000,0x0000,0x0000,0x0000,0x0000,0x630C,0x630C,0xD6BA,0xD6BA,0xD6BA,0xD6BA,0x0000,0x0000,0xD6BA,0xD6BA,
  0xD6BA,0xD6BA,0x630C,0x630C,0x630C,0x630C,0x0000,0x0000,0x630C,0x630C,0x630C,0x630C,0x630C,0x630C,0x4229,0x4229,
  0x0000,0x0000,0x630C,0x630C,0x630C,0x630C,0x0000,0x0000,0x0000,0x0000,0x0000,0x0000,0x0000,0x0000,0x0000,0x0000,
  0x0000,0x0000,0x0000,0x0000,0x0000,0x0000,0x0000,0x0000,0x0000,0x0000,0x0000,0x0000,0x0000,0x0000,0x0000,0x0000,
  0x0000,0x0000,0x0000,0x0000,0x0000,0x0000,0x630C,0x630C,0xD6BA,0xD6BA,0xD6BA,0xD6BA,0x0000,0x0000,0xD6BA,0xD6BA,
  0xD6BA,0xD6BA,0x630C,0x630C,0x630C,0x630C,0x0000,0x0000,0x630C,0x630C,0x630C,0x630C,0x630C,0x630C,0x4229,0x4229,
  0x0000,0x0000,0x630C,0x630C,0x630C,0x630C,0x0000,0x0000,0x0000,0x0000,0x0000,0x0000,0x0000,0x0000,0x0000,0x0000,
  0x0000,0x0000,0x0000,0x0000,0x0000,0x0000,0x0000,0x0000,0x0000,0x0000,0x0000,0x0000,0x0000,0x0000,0x0000,0x0000,
  0x0000,0x0000,0x0000,0x0000,0x630C,0x630C,0x630C,0x630C,0xD6BA,0xD6BA,0x0000,0x0000,0x0000,0x0000,0x0000,0x0000,
  0xD6BA,0xD6BA,0x630C,0x630C,0x630C,0x630C,0x0000,0x0000,0x630C,0x630C,0x630C,0x630C,0x630C,0x630C,0x630C,0x630C,
  0x0000,0x0000,0x630C,0x630C,0x0000,0x0000,0x0000,0x0000,0x0000,0x0000,0x0000,0x0000,0x0000,0x0000,0x0000,0x0000,
  0x0000,0x0000,0x0000,0x0000,0x0000,0x0000,0x0000,0x0000,0x0000,0x0000,0x0000,0x0000,0x0000,0x0000,0x0000,0x0000,
  0x0000,0x0000,0x0000,0x0000,0x630C,0x630C,0x630C,0x630C,0xD6BA,0xD6BA,0x0000,0x0000,0x0000,0x0000,0x0000,0x0000,
  0xD6BA,0xD6BA,0x630C,0x630C,0x630C,0x630C,0x0000,0x0000,0x630C,0x630C,0x630C,0x630C,0x630C,0x630C,0x630C,0x630C,
  0x0000,0x0000,0x630C,0x630C,0x0000,0x0000,0x0000,0x0000,0x0000,0x0000,0x0000,0x0000,0x0000,0x0000,0x0000,0x0000,
};

// catt-pet6.png (64x64)
static const uint16_t catt_pet6[4096] PROGMEM = {
  0x0000,0x0000,0x0000,0x0000,0x0000,0x0000,0x0000,0x0000,0x0000,0x0000,0x0000,0x0000,0x0000,0x0000,0x0000,0x0000,
  0x0000,0x0000,0x0000,0x0000,0x0000,0x0000,0x0000,0x0000,0x0000,0x0000,0x0000,0x0000,0x0000,0x0000,0x0000,0x0000,
  0x0000,0x0000,0x0000,0x0000,0x0000,0x0000,0x0000,0x0000,0x0000,0x0000,0x0000,0x0000,0x0000,0x0000,0x0000,0x0000,
  0x0000,0x0000,0x0000,0x0000,0x0000,0x0000,0x0000,0x0000,0x0000,0x0000,0x0000,0x0000,0x0000,0x0000,0x0000,0x0000,
  0x0000,0x0000,0x0000,0x0000,0x0000,0x0000,0x0000,0x0000,0x0000,0x0000,0x0000,0x0000,0x0000,0x0000,0x0000,0x0000,
  0x0000,0x0000,0x0000,0x0000,0x0000,0x0000,0x0000,0x0000,0x0000,0x0000,0x0000,0x0000,0x0000,0x0000,0x0000,0x0000,
  0x0000,0x0000,0x0000,0x0000,0x0000,0x0000,0x0000,0x0000,0x0000,0x0000,0x0000,0x0000,0x0000,0x0000,0x0000,0x0000,
  0x0000,0x0000,0x0000,0x0000,0x0000,0x0000,0x0000,0x0000,0x0000,0x0000,0x0000,0x0000,0x0000,0x0000,0x0000,0x0000,
  0x0000,0x0000,0x0000,0x0000,0x0000,0x0000,0x0000,0x0000,0x0000,0x0000,0x0000,0x0000,0x0000,0x0000,0x0000,0x0000,
  0x0000,0x0000,0x0000,0x0000,0x0000,0x0000,0x0000,0x0000,0x0000,0x0000,0x0000,0x0000,0x0000,0x0000,0x0000,0x0000,
  0x0000,0x0000,0x0000,0x0000,0x0000,0x0000,0x0000,0x0000,0x0000,0x0000,0x0000,0x0000,0x0000,0x0000,0x0000,0x0000,
  0x0000,0x0000,0x0000,0x0000,0x0000,0x0000,0x0000,0x0000,0x0000,0x0000,0x0000,0x0000,0x0000,0x0000,0x0000,0x0000,
  0x0000,0x0000,0x0000,0x0000,0x0000,0x0000,0x0000,0x0000,0x0000,0x0000,0x0000,0x0000,0x0000,0x0000,0x0000,0x0000,
  0x0000,0x0000,0x0000,0x0000,0x0000,0x0000,0x0000,0x0000,0x0000,0x0000,0x0000,0x0000,0x0000,0x0000,0x0000,0x0000,
  0x0000,0x0000,0x0000,0x0000,0x0000,0x0000,0x0000,0x0000,0x0000,0x0000,0x0000,0x0000,0x0000,0x0000,0x0000,0x0000,
  0x0000,0x0000,0x0000,0x0000,0x0000,0x0000,0x0000,0x0000,0x0000,0x0000,0x0000,0x0000,0x0000,0x0000,0x0000,0x0000,
  0x0000,0x0000,0x0000,0x0000,0x0000,0x0000,0x0000,0x0000,0x0000,0x0000,0x0000,0x0000,0x0000,0x0000,0x0000,0x0000,
  0x0000,0x0000,0x0000,0x0000,0x0000,0x0000,0x0000,0x0000,0x0000,0x0000,0x0000,0x0000,0x0000,0x0000,0x0000,0x0000,
  0x0000,0x0000,0x0000,0x0000,0x0000,0x0000,0x0000,0x0000,0x0000,0x0000,0x0000,0x0000,0x0000,0x0000,0x0000,0x0000,
  0x0000,0x0000,0x0000,0x0000,0x0000,0x0000,0x0000,0x0000,0x0000,0x0000,0x0000,0x0000,0x0000,0x0000,0x0000,0x0000,
  0x0000,0x0000,0x0000,0x0000,0x0000,0x0000,0x0000,0x0000,0x0000,0x0000,0x0000,0x0000,0x0000,0x0000,0x0000,0x0000,
  0x0000,0x0000,0x0000,0x0000,0x0000,0x0000,0x0000,0x0000,0x0000,0x0000,0x0000,0x0000,0x0000,0x0000,0x0000,0x0000,
  0x0000,0x0000,0x0000,0x0000,0x0000,0x0000,0x0000,0x0000,0x0000,0x0000,0x0000,0x0000,0x0000,0x0000,0x0000,0x0000,
  0x0000,0x0000,0x0000,0x0000,0x0000,0x0000,0x0000,0x0000,0x0000,0x0000,0x0000,0x0000,0x0000,0x0000,0x0000,0x0000,
  0x0000,0x0000,0x0000,0x0000,0x0000,0x0000,0x0000,0x0000,0x0000,0x0000,0x0000,0x0000,0x0000,0x0000,0x0000,0x0000,
  0x0000,0x0000,0x0000,0x0000,0x0000,0x0000,0x0000,0x0000,0x0000,0x0000,0x0000,0x0000,0x0000,0x0000,0x0000,0x0000,
  0x0000,0x0000,0x0000,0x0000,0x0000,0x0000,0x0000,0x0000,0x0000,0x0000,0x0000,0x0000,0x0000,0x0000,0x0000,0x0000,
  0x0000,0x0000,0x0000,0x0000,0x0000,0x0000,0x0000,0x0000,0x0000,0x0000,0x0000,0x0000,0x0000,0x0000,0x0000,0x0000,
  0x0000,0x0000,0x0000,0x0000,0x0000,0x0000,0x0000,0x0000,0x0000,0x0000,0x0000,0x0000,0x0000,0x0000,0x0000,0x0000,
  0x0000,0x0000,0x0000,0x0000,0x0000,0x0000,0x0000,0x0000,0x0000,0x0000,0x0000,0x0000,0x0000,0x0000,0x0000,0x0000,
  0x0000,0x0000,0x0000,0x0000,0x0000,0x0000,0x0000,0x0000,0x0000,0x0000,0x0000,0x0000,0x0000,0x0000,0x0000,0x0000,
  0x0000,0x0000,0x0000,0x0000,0x0000,0x0000,0x0000,0x0000,0x0000,0x0000,0x0000,0x0000,0x0000,0x0000,0x0000,0x0000,
  0x0000,0x0000,0x0000,0x0000,0x0000,0x0000,0x0000,0x0000,0x0000,0x0000,0x0000,0x0000,0x0000,0x0000,0x0000,0x0000,
  0x0000,0x0000,0x0000,0x0000,0x0000,0x0000,0x0000,0x0000,0x0000,0x0000,0x0000,0x0000,0x0000,0x0000,0x0000,0x0000,
  0x0000,0x0000,0x0000,0x0000,0x0000,0x0000,0x0000,0x0000,0x0000,0x0000,0x0000,0x0000,0x0000,0x0000,0x0000,0x0000,
  0x0000,0x0000,0x0000,0x0000,0x0000,0x0000,0x0000,0x0000,0x0000,0x0000,0x0000,0x0000,0x0000,0x0000,0x0000,0x0000,
  0x0000,0x0000,0x0000,0x0000,0x0000,0x0000,0x0000,0x0000,0x0000,0x0000,0x0000,0x0000,0x0000,0x0000,0x0000,0x0000,
  0x0000,0x0000,0x0000,0x0000,0x0000,0x0000,0x0000,0x0000,0x0000,0x0000,0x0000,0x0000,0x0000,0x0000,0x0000,0x0000,
  0x0000,0x0000,0x0000,0x0000,0x0000,0x0000,0x0000,0x0000,0x0000,0x0000,0x0000,0x0000,0x0000,0x0000,0x0000,0x0000,
  0x0000,0x0000,0x0000,0x0000,0x0000,0x0000,0x0000,0x0000,0x0000,0x0000,0x0000,0x0000,0x0000,0x0000,0x0000,0x0000,
  0x0000,0x0000,0x0000,0x0000,0x0000,0x0000,0x0000,0x0000,0x0000,0x0000,0x0000,0x0000,0x0000,0x0000,0x630C,0x630C,
  0x630C,0x630C,0x0000,0x0000,0x0000,0x0000,0x0000,0x0000,0x0000,0x0000,0x0000,0x0000,0x0000,0x0000,0x0000,0x0000,
  0x0000,0x0000,0x0000,0x0000,0x0000,0x0000,0x0000,0x0000,0x630C,0x630C,0x630C,0x630C,0x0000,0x0000,0x0000,0x0000,
  0x0000,0x0000,0x0000,0x0000,0x0000,0x0000,0x0000,0x0000,0x0000,0x0000,0x0000,0x0000,0x0000,0x0000,0x0000,0x0000,
  0x0000,0x0000,0x0000,0x0000,0x0000,0x0000,0x0000,0x0000,0x0000,0x0000,0x0000,0x0000,0x0000,0x0000,0x630C,0x630C,
  0x630C,0x630C,0x0000,0x0000,0x0000,0x0000,0x0000,0x0000,0x0000,0x0000,0x0000,0x0000,0x0000,0x0000,0x0000,0x0000,
  0x0000,0x0000,0x0000,0x0000,0x0000,0x0000,0x0000,0x0000,0x630C,0x630C,0x630C,0x630C,0x0000,0x0000,0x0000,0x0000,
  0x0000,0x0000,0x0000,0x0000,0x0000,0x0000,0x0000,0x0000,0x0000,0x0000,0x0000,0x0000,0x0000,0x0000,0x0000,0x0000,
  0x0000,0x0000,0x0000,0x0000,0x0000,0x0000,0x0000,0x0000,0x0000,0x0000,0x0000,0x0000,0xEBF1,0xEBF1,0x0000,0x0000,
  0x630C,0x630C,0x630C,0x630C,0x0000,0x0000,0x0000,0x0000,0x0000,0x0000,0x0000,0x0000,0x0000,0x0000,0x0000,0x0000,
  0x0000,0x0000,0x0000,0x0000,0x0000,0x0000,0x630C,0x630C,0x630C,0x630C,0x0000,0x0000,0xEBF1,0xEBF1,0x0000,0x0000,
  0x0000,0x0000,0x0000,0x0000,0x0000,0x0000,0x0000,0x0000,0x0000,0x0000,0x0000,0x0000,0x0000,0x0000,0x0000,0x0000,
  0x0000,0x0000,0x0000,0x0000,0x0000,0x0000,0x0000,0x0000,0x0000,0x0000,0x0000,0x0000,0xEBF1,0xEBF1,0x0000,0x0000,
  0x630C,0x630C,0x630C,0x630C,0x0000,0x0000,0x0000,0x0000,0x0000,0x0000,0x0000,0x0000,0x0000,0x0000,0x0000,0x0000,
  0x0000,0x0000,0x0000,0x0000,0x0000,0x0000,0x630C,0x630C,0x630C,0x630C,0x0000,0x0000,0xEBF1,0xEBF1,0x0000,0x0000,
  0x0000,0x0000,0x0000,0x0000,0x0000,0x0000,0x0000,0x0000,0x0000,0x0000,0x0000,0x0000,0x0000,0x0000,0x0000,0x0000,
  0x0000,0x0000,0x0000,0x0000,0x0000,0x0000,0x0000,0x0000,0x0000,0x0000,0x0000,0x0000,0xEBF1,0xEBF1,0x0000,0x0000,
  0x630C,0x630C,0x630C,0x630C,0x630C,0x630C,0x0000,0x0000,0x0000,0x0000,0x0000,0x0000,0x0000,0x0000,0x0000,0x0000,
  0x0000,0x0000,0x0000,0x0000,0x630C,0x630C,0x630C,0x630C,0x630C,0x630C,0x0000,0x0000,0xEBF1,0xEBF1,0x0000,0x0000,
  0x0000,0x0000,0x0000,0x0000,0x0000,0x0000,0x0000,0x0000,0x0000,0x0000,0x0000,0x0000,0x0000,0x0000,0x0000,0x0000,
  0x0000,0x0000,0x0000,0x0000,0x0000,0x0000,0x0000,0x0000,0x0000,0x0000,0x0000,0x0000,0xEBF1,0xEBF1,0x0000,0x0000,
  0x630C,0x630C,0x630C,0x630C,0x630C,0x630C,0x0000,0x0000,0x0000,0x0000,0x0000,0x0000,0x0000,0x0000,0x0000,0x0000,
  0x0000,0x0000,0x0000,0x0000,0x630C,0x630C,0x630C,0x630C,0x630C,0x630C,0x0000,0x0000,0xEBF1,0xEBF1,0x0000,0x0000,
  0x0000,0x0000,0x0000,0x0000,0x0000,0x0000,0x0000,0x0000,0x0000,0x0000,0x0000,0x0000,0x0000,0x0000,0x0000,0x0000,
  0x0000,0x0000,0x0000,0x0000,0x0000,0x0000,0x0000,0x0000,0x0000,0x0000,0x0000,0x0000,0xEBF1,0xEBF1,0xEBF1,0xEBF1,
  0x0000,0x0000,0x630C,0x630C,0x630C,0x630C,0x4229,0x4229,0x630C,0x630C,0x4229,0x4229,0x4229,0x4229,0x4229,0x4229,
  0x630C,0x630C,0x4229,0x4229,0x630C,0x630C,0x630C,0x630C,0x630C,0x630C,0xEBF1,0xEBF1,0xEBF1,0xEBF1,0x0000,0x0000,
  0x0000,0x0000,0x0000,0x0000,0x0000,0x0000,0x0000,0x0000,0x0000,0x0000,0x0000,0x0000,0x0000,0x0000,0x0000,0x0000,
  0x0000,0x0000,0x0000,0x0000,0x0000,0x0000,0x0000,0x0000,0x0000,0x0000,0x0000,0x0000,0xEBF1,0xEBF1,0xEBF1,0xEBF1,
  0x0000,0x0000,0x630C,0x630C,0x630C,0x630C,0x4229,0x4229,0x630C,0x630C,0x4229,0x4229,0x4229,0x4229,0x4229,0x4229,
  0x630C,0x630C,0x4229,0x4229,0x630C,0x630C,0x630C,0x630C,0x630C,0x630C,0xEBF1,0xEBF1,0xEBF1,0xEBF1,0x0000,0x0000,
  0x0000,0x0000,0x0000,0x0000,0x0000,0x0000,0x0000,0x0000,0x0000,0x0000,0x0000,0x0000,0x0000,0x0000,0x0000,0x0000,
  0x0000,0x0000,0x0000,0x0000,0x0000,0x0000,0x0000,0x0000,0x0000,0x0000,0x0000,0x0000,0xEBF1,0xEBF1,0xEBF1,0xEBF1,
  0x0000,0x0000,0x630C,0x630C,0x630C,0x630C,0x4229,0x4229,0x630C,0x630C,0x4229,0x4229,0x4229,0x4229,0x4229,0x4229,
  0x630C,0x630C,0x4229,0x4229,0x630C,0x630C,0x630C,0x630C,0xEBF1,0xEBF1,0xEBF1,0xEBF1,0xEBF1,0xEBF1,0x0000,0x0000,
  0x0000,0x0000,0x0000,0x0000,0x0000,0x0000,0x0000,0x0000,0x0000,0x0000,0x0000,0x0000,0x0000,0x0000,0x0000,0x0000,
  0x0000,0x0000,0x0000,0x0000,0x0000,0x0000,0x0000,0x0000,0x0000,0x0000,0x0000,0x0000,0xEBF1,0xEBF1,0xEBF1,0xEBF1,
  0x0000,0x0000,0x630C,0x630C,0x630C,0x630C,0x4229,0x4229,0x630C,0x630C,0x4229,0x4229,0x4229,0x4229,0x4229,0x4229,
  0x630C,0x630C,0x4229,0x4229,0x630C,0x630C,0x630C,0x630C,0xEBF1,0xEBF1,0xEBF1,0xEBF1,0xEBF1,0xEBF1,0x0000,0x0000,
  0x0000,0x0000,0x0000,0x0000,0x0000,0x0000,0x0000,0x0000,0x0000,0x0000,0x0000,0x0000,0x0000,0x0000,0x0000,0x0000,
  0x0000,0x0000,0x0000,0x0000,0x0000,0x0000,0x0000,0x0000,0x0000,0x0000,0x0000,0x0000,0xEBF1,0xEBF1,0xEBF1,0xEBF1,
  0x630C,0x630C,0x630C,0x630C,0x630C,0x630C,0x630C,0x630C,0x630C,0x630C,0x630C,0x630C,0x4229,0x4229,0x630C,0x630C,
  0x630C,0x630C,0x630C,0x630C,0x630C,0x630C,0x630C,0x630C,0x0000,0x0000,0xEBF1,0xEBF1,0x0000,0x0000,0x0000,0x0000,
  0x0000,0x0000,0x0000,0x0000,0x0000,0x0000,0x0000,0x0000,0x0000,0x0000,0x0000,0x0000,0x0000,0x0000,0x0000,0x0000,
  0x0000,0x0000,0x0000,0x0000,0x0000,0x0000,0x0000,0x0000,0x0000,0x0000,0x0000,0x0000,0xEBF1,0xEBF1,0xEBF1,0xEBF1,
  0x630C,0x630C,0x630C,0x630C,0x630C,0x630C,0x630C,0x630C,0x630C,0x630C,0x630C,0x630C,0x4229,0x4229,0x630C,0x630C,
  0x630C,0x630C,0x630C,0x630C,0x630C,0x630C,0x630C,0x630C,0x0000,0x0000,0xEBF1,0xEBF1,0x0000,0x0000,0x0000,0x0000,
  0x0000,0x0000,0x0000,0x0000,0x0000,0x0000,0x0000,0x0000,0x0000,0x0000,0x0000,0x0000,0x0000,0x0000,0x0000,0x0000,
  0x0000,0x0000,0x0000,0x0000,0x0000,0x0000,0x0000,0x0000,0x0000,0x0000,0x0000,0x0000,0x0000,0x0000,0x630C,0x630C,
  0x630C,0x630C,0x630C,0x630C,0x630C,0x630C,0x630C,0x630C,0x630C,0x630C,0x630C,0x630C,0x4229,0x4229,0x630C,0x630C,
  0x630C,0x630C,0x630C,0x630C,0x630C,0x630C,0x630C,0x630C,0x630C,0x630C,0x0000,0x0000,0x0000,0x0000,0x0000,0x0000,
  0x0000,0x0000,0x0000,0x0000,0x0000,0x0000,0x0000,0x0000,0x0000,0x0000,0x0000,0x0000,0x0000,0x0000,0x0000,0x0000,
  0x0000,0x0000,0x0000,0x0000,0x0000,0x0000,0x0000,0x0000,0x0000,0x0000,0x0000,0x0000,0x0000,0x0000,0x630C,0x630C,
  0x630C,0x630C,0x630C,0x630C,0x630C,0x630C,0x630C,0x630C,0x630C,0x630C,0x630C,0x630C,0x4229,0x4229,0x630C,0x630C,
  0x630C,0x630C,0x630C,0x630C,0x630C,0x630C,0x630C,0x630C,0x630C,0x630C,0x0000,0x0000,0x0000,0x0000,0x0000,0x0000,
  0x0000,0x0000,0x0000,0x0000,0x0000,0x0000,0x0000,0x0000,0x0000,0x0000,0x0000,0x0000,0x0000,0x0000,0x0000,0x0000,
  0x0000,0x0000,0x0000,0x0000,0x0000,0x0000,0x0000,0x0000,0x0000,0x0000,0x0000,0x0000,0x0000,0x0000,0x630C,0x630C,
  0x630C,0x630C,0x0000,0x0000,0x630C,0x630C,0x630C,0x630C,0x630C,0x630C,0x630C,0x630C,0x630C,0x630C,0x630C,0x630C,
  0x630C,0x630C,0x630C,0x630C,0x630C,0x630C,0x0000,0x0000,0x630C,0x630C,0x630C,0x630C,0x0000,0x0000,0x0000,0x0000,
  0x0000,0x0000,0x0000,0x0000,0x0000,0x0000,0x0000,0x0000,0x0000,0x0000,0x0000,0x0000,0x0000,0x0000,0x0000,0x0000,
  0x0000,0x0000,0x0000,0x0000,0x0000,0x0000,0x0000,0x0000,0x0000,0x0000,0x0000,0x0000,0x0000,0x0000,0x630C,0x630C,
  0x630C,0x630C,0x0000,0x0000,0x630C,0x630C,0x630C,0x630C,0x630C,0x630C,0x630C,0x630C,0x630C,0x630C,0x630C,0x630C,
  0x630C,0x630C,0x630C,0x630C,0x630C,0x630C,0x0000,0x0000,0x630C,0x630C,0x630C,0x630C,0x0000,0x0000,0x0000,0x0000,
  0x0000,0x0000,0x0000,0x0000,0x0000,0x0000,0x0000,0x0000,0x0000,0x0000,0x0000,0x0000,0x0000,0x0000,0x0000,0x0000,
  0x0000,0x0000,0x0000,0x0000,0x0000,0x0000,0x0000,0x0000,0x0000,0x0000,0x0000,0x0000,0x0000,0x0000,0x630C,0x630C,
  0x630C,0x630C,0x630C,0x630C,0x0000,0x0000,0x0000,0x0000,0x0000,0x0000,0x630C,0x630C,0x630C,0x630C,0x630C,0x630C,
  0x0000,0x0000,0x0000,0x0000,0x0000,0x0000,0x630C,0x630C,0x630C,0x630C,0x630C,0x630C,0x0000,0x0000,0x0000,0x0000,
  0x0000,0x0000,0x0000,0x0000,0x0000,0x0000,0x0000,0x0000,0x0000,0x0000,0x0000,0x0000,0x0000,0x0000,0x0000,0x0000,
  0x0000,0x0000,0x0000,0x0000,0x0000,0x0000,0x0000,0x0000,0x0000,0x0000,0x0000,0x0000,0x0000,0x0000,0x630C,0x630C,
  0x630C,0x630C,0x630C,0x630C,0x0000,0x0000,0x0000,0x0000,0x0000,0x0000,0x630C,0x630C,0x630C,0x630C,0x630C,0x630C,
  0x0000,0x0000,0x0000,0x0000,0x0000,0x0000,0x630C,0x630C,0x630C,0x630C,0x630C,0x630C,0x0000,0x0000,0x0000,0x0000,
  0x0000,0x0000,0x0000,0x0000,0x0000,0x0000,0x0000,0x0000,0x0000,0x0000,0x0000,0x0000,0x0000,0x0000,0x0000,0x0000,
  0x0000,0x0000,0x0000,0x0000,0x0000,0x0000,0x0000,0x0000,0xFFFF,0xFFFF,0xFFFF,0xFFFF,0x630C,0x630C,0x630C,0x630C,
  0x630C,0x630C,0x630C,0x630C,0x630C,0x630C,0x630C,0x630C,0xD6BA,0xD6BA,0xD6BA,0xD6BA,0xD6BA,0xD6BA,0xD6BA,0xD6BA,
  0xD6BA,0xD6BA,0x630C,0x630C,0x630C,0x630C,0x630C,0x630C,0x630C,0x630C,0x630C,0x630C,0xFFFF,0xFFFF,0xFFFF,0xFFFF,
  0xFFFF,0xFFFF,0x0000,0x0000,0x0000,0x0000,0x0000,0x0000,0x0000,0x0000,0x0000,0x0000,0x0000,0x0000,0x0000,0x0000,
  0x0000,0x0000,0x0000,0x0000,0x0000,0x0000,0x0000,0x0000,0xFFFF,0xFFFF,0xFFFF,0xFFFF,0x630C,0x630C,0x630C,0x630C,
  0x630C,0x630C,0x630C,0x630C,0x630C,0x630C,0x630C,0x630C,0xD6BA,0xD6BA,0xD6BA,0xD6BA,0xD6BA,0xD6BA,0xD6BA,0xD6BA,
  0xD6BA,0xD6BA,0x630C,0x630C,0x630C,0x630C,0x630C,0x630C,0x630C,0x630C,0x630C,0x630C,0xFFFF,0xFFFF,0xFFFF,0xFFFF,
  0xFFFF,0xFFFF,0x0000,0x0000,0x0000,0x0000,0x0000,0x0000,0x0000,0x0000,0x0000,0x0000,0x0000,0x0000,0x0000,0x0000,
  0x0000,0x0000,0x0000,0x0000,0x0000,0x0000,0x0000,0x0000,0x0000,0x0000,0x0000,0x0000,0xFFFF,0xFFFF,0xFFFF,0xFFFF,
  0x630C,0x630C,0x630C,0x630C,0x630C,0x630C,0xD6BA,0xD6BA,0xD6BA,0xD6BA,0xEBF1,0xEBF1,0xEBF1,0xEBF1,0xEBF1,0xEBF1,
  0xD6BA,0xD6BA,0xD6BA,0xD6BA,0x630C,0x630C,0x630C,0x630C,0xFFFF,0xFFFF,0xFFFF,0xFFFF,0xFFFF,0xFFFF,0x0000,0x0000,
  0x0000,0x0000,0x0000,0x0000,0x0000,0x0000,0x0000,0x0000,0x0000,0x0000,0x0000,0x0000,0x0000,0x0000,0x0000,0x0000,
  0x0000,0x0000,0x0000,0x0000,0x0000,0x0000,0x0000,0x0000,0x0000,0x0000,0x0000,0x0000,0xFFFF,0xFFFF,0xFFFF,0xFFFF,
  0x630C,0x630C,0x630C,0x630C,0x630C,0x630C,0xD6BA,0xD6BA,0xD6BA,0xD6BA,0xEBF1,0xEBF1,0xEBF1,0xEBF1,0xEBF1,0xEBF1,
  0xD6BA,0xD6BA,0xD6BA,0xD6BA,0x630C,0x630C,0x630C,0x630C,0xFFFF,0xFFFF,0xFFFF,0xFFFF,0xFFFF,0xFFFF,0x0000,0x0000,
  0x0000,0x0000,0x0000,0x0000,0x0000,0x0000,0x0000,0x0000,0x0000,0x0000,0x0000,0x0000,0x0000,0x0000,0x0000,0x0000,
  0x0000,0x0000,0x0000,0x0000,0x0000,0x0000,0x0000,0x0000,0x0000,0x0000,0x0000,0x0000,0x630C,0x630C,0x630C,0x630C,
  0x630C,0x630C,0x630C,0x630C,0xD6BA,0xD6BA,0xD6BA,0xD6BA,0xD6BA,0xD6BA,0xD6BA,0xD6BA,0x0000,0x0000,0xD6BA,0xD6BA,
  0xD6BA,0xD6BA,0xD6BA,0xD6BA,0xD6BA,0xD6BA,0x630C,0x630C,0x630C,0x630C,0x630C,0x630C,0x630C,0x630C,0x0000,0x0000,
  0x0000,0x0000,0x0000,0x0000,0x0000,0x0000,0x0000,0x0000,0x0000,0x0000,0x0000,0x0000,0x0000,0x0000,0x0000,0x0000,
  0x0000,0x0000,0x0000,0x0000,0x0000,0x0000,0x0000,0x0000,0x0000,0x0000,0x0000,0x0000,0x630C,0x630C,0x630C,0x630C,
  0x630C,0x630C,0x630C,0x630C,0xD6BA,0xD6BA,0xD6BA,0xD6BA,0xD6BA,0xD6BA,0xD6BA,0xD6BA,0x0000,0x0000,0xD6BA,0xD6BA,
  0xD6BA,0xD6BA,0xD6BA,0xD6BA,0xD6BA,0xD6BA,0x630C,0x630C,0x630C,0x630C,0x630C,0x630C,0x630C,0x630C,0x0000,0x0000,
  0x0000,0x0000,0x0000,0x0000,0x0000,0x0000,0x0000,0x0000,0x0000,0x0000,0x0000,0x0000,0x0000,0x0000,0x0000,0x0000,
  0x0000,0x0000,0x0000,0x0000,0x0000,0x0000,0x0000,0x0000,0x0000,0x0000,0xFFFF,0xFFFF,0xFFFF,0xFFFF,0xFFFF,0xFFFF,
  0x630C,0x630C,0xD6BA,0xD6BA,0xD6BA,0xD6BA,0xD6BA,0xD6BA,0x0000,0x0000,0x0000,0x0000,0xD6BA,0xD6BA,0x0000,0x0000,
  0x0000,0x0000,0xD6BA,0xD6BA,0xD6BA,0xD6BA,0xD6BA,0xD6BA,0xFFFF,0xFFFF,0xFFFF,0xFFFF,0xFFFF,0xFFFF,0x0000,0x0000,
  0x0000,0x0000,0x0000,0x0000,0x0000,0x0000,0x0000,0x0000,0x0000,0x0000,0x0000,0x0000,0x0000,0x0000,0x0000,0x0000,
  0x0000,0x0000,0x0000,0x0000,0x0000,0x0000,0x0000,0x0000,0x0000,0x0000,0xFFFF,0xFFFF,0xFFFF,0xFFFF,0xFFFF,0xFFFF,
  0x630C,0x630C,0xD6BA,0xD6BA,0xD6BA,0xD6BA,0xD6BA,0xD6BA,0x0000,0x0000,0x0000,0x0000,0xD6BA,0xD6BA,0x0000,0x0000,
  0x0000,0x0000,0xD6BA,0xD6BA,0xD6BA,0xD6BA,0xD6BA,0xD6BA,0xFFFF,0xFFFF,0xFFFF,0xFFFF,0xFFFF,0xFFFF,0x0000,0x0000,
  0x0000,0x0000,0x0000,0x0000,0x0000,0x0000,0x0000,0x0000,0x0000,0x0000,0x0000,0x0000,0x0000,0x0000,0x0000,0x0000,
  0x0000,0x0000,0x0000,0x0000,0x0000,0x0000,0x0000,0x0000,0x0000,0x0000,0x0000,0x0000,0x0000,0x0000,0x0000,0x0000,
  0xD6BA,0xD6BA,0xD6BA,0xD6BA,0xD6BA,0xD6BA,0xD6BA,0xD6BA,0xD6BA,0xD6BA,0xD6BA,0xD6BA,0xD6BA,0xD6BA,0xD6BA,0xD6BA,
  0xD6BA,0xD6BA,0xD6BA,0xD6BA,0xD6BA,0xD6BA,0xD6BA,0xD6BA,0xD6BA,0xD6BA,0x0000,0x0000,0x0000,0x0000,0x0000,0x0000,
  0x0000,0x0000,0x0000,0x0000,0x0000,0x0000,0x0000,0x0000,0x0000,0x0000,0x0000,0x0000,0x0000,0x0000,0x0000,0x0000,
  0x0000,0x0000,0x0000,0x0000,0x0000,0x0000,0x0000,0x0000,0x0000,0x0000,0x0000,0x0000,0x0000,0x0000,0x0000,0x0000,
  0xD6BA,0xD6BA,0xD6BA,0xD6BA,0xD6BA,0xD6BA,0xD6BA,0xD6BA,0xD6BA,0xD6BA,0xD6BA,0xD6BA,0xD6BA,0xD6BA,0xD6BA,0xD6BA,
  0xD6BA,0xD6BA,0xD6BA,0xD6BA,0xD6BA,0xD6BA,0xD6BA,0xD6BA,0xD6BA,0xD6BA,0x0000,0x0000,0x0000,0x0000,0x0000,0x0000,
  0x0000,0x0000,0x0000,0x0000,0x0000,0x0000,0x0000,0x0000,0x0000,0x0000,0x0000,0x0000,0x0000,0x0000,0x0000,0x0000,
  0x0000,0x0000,0x0000,0x0000,0x0000,0x0000,0x0000,0x0000,0x0000,0x0000,0x0000,0x0000,0x0000,0x0000,0x0000,0x0000,
  0xFFFF,0xFFFF,0xD6BA,0xD6BA,0xD6BA,0xD6BA,0xD6BA,0xD6BA,0xD6BA,0xD6BA,0xD6BA,0xD6BA,0xD6BA,0xD6BA,0xD6BA,0xD6BA,
  0xD6BA,0xD6BA,0xD6BA,0xD6BA,0xD6BA,0xD6BA,0xD6BA,0xD6BA,0xFFFF,0xFFFF,0x0000,0x0000,0x0000,0x0000,0x0000,0x0000,
  0x0000,0x0000,0x0000,0x0000,0x0000,0x0000,0x0000,0x0000,0x0000,0x0000,0x0000,0x0000,0x0000,0x0000,0x0000,0x0000,
  0x0000,0x0000,0x0000,0x0000,0x0000,0x0000,0x0000,0x0000,0x0000,0x0000,0x0000,0x0000,0x0000,0x0000,0x0000,0x0000,
  0xFFFF,0xFFFF,0xD6BA,0xD6BA,0xD6BA,0xD6BA,0xD6BA,0xD6BA,0xD6BA,0xD6BA,0xD6BA,0xD6BA,0xD6BA,0xD6BA,0xD6BA,0xD6BA,
  0xD6BA,0xD6BA,0xD6BA,0xD6BA,0xD6BA,0xD6BA,0xD6BA,0xD6BA,0xFFFF,0xFFFF,0x0000,0x0000,0x0000,0x0000,0x0000,0x0000,
  0x0000,0x0000,0x0000,0x0000,0x0000,0x0000,0x0000,0x0000,0x0000,0x0000,0x0000,0x0000,0x0000,0x0000,0x0000,0x0000,
  0x0000,0x0000,0x0000,0x0000,0x0000,0x0000,0x0000,0x0000,0x0000,0x0000,0x0000,0x0000,0x0000,0x0000,0xFFFF,0xFFFF,
  0x0000,0x0000,0x0000,0x0000,0x0000,0x0000,0x0000,0x0000,0xD6BA,0xD6BA,0xD6BA,0xD6BA,0xD6BA,0xD6BA,0xD6BA,0xD6BA,
  0xD6BA,0xD6BA,0x0000,0x0000,0x0000,0x0000,0x0000,0x0000,0x0000,0x0000,0xFFFF,0xFFFF,0x0000,0x0000,0x0000,0x0000,
  0x0000,0x0000,0x0000,0x0000,0x0000,0x0000,0x0000,0x0000,0x0000,0x0000,0x0000,0x0000,0x0000,0x0000,0x0000,0x0000,
  0x0000,0x0000,0x0000,0x0000,0x0000,0x0000,0x0000,0x0000,0x0000,0x0000,0x0000,0x0000,0x0000,0x0000,0xFFFF,0xFFFF,
  0x0000,0x0000,0x0000,0x0000,0x0000,0x0000,0x0000,0x0000,0xD6BA,0xD6BA,0xD6BA,0xD6BA,0xD6BA,0xD6BA,0xD6BA,0xD6BA,
  0xD6BA,0xD6BA,0x0000,0x0000,0x0000,0x0000,0x0000,0x0000,0x0000,0x0000,0xFFFF,0xFFFF,0x0000,0x0000,0x0000,0x0000,
  0x0000,0x0000,0x0000,0x0000,0x0000,0x0000,0x0000,0x0000,0x0000,0x0000,0x0000,0x0000,0x0000,0x0000,0x0000,0x0000,
  0x0000,0x0000,0x0000,0x0000,0x0000,0x0000,0x0000,0x0000,0x0000,0x0000,0x0000,0x0000,0x0000,0x0000,0x0000,0x0000,
  0x0000,0x0000,0x0000,0x0000,0x630C,0x630C,0x630C,0x630C,0x0000,0x0000,0x0000,0x0000,0x0000,0x0000,0x0000,0x0000,
  0x0000,0x0000,0x630C,0x630C,0x630C,0x630C,0x0000,0x0000,0x0000,0x0000,0x0000,0x0000,0x0000,0x0000,0x0000,0x0000,
  0x0000,0x0000,0x0000,0x0000,0x0000,0x0000,0x0000,0x0000,0x0000,0x0000,0x0000,0x0000,0x0000,0x0000,0x0000,0x0000,
  0x0000,0x0000,0x0000,0x0000,0x0000,0x0000,0x0000,0x0000,0x0000,0x0000,0x0000,0x0000,0x0000,0x0000,0x0000,0x0000,
  0x0000,0x0000,0x0000,0x0000,0x630C,0x630C,0x630C,0x630C,0x0000,0x0000,0x0000,0x0000,0x0000,0x0000,0x0000,0x0000,
  0x0000,0x0000,0x630C,0x630C,0x630C,0x630C,0x0000,0x0000,0x0000,0x0000,0x0000,0x0000,0x0000,0x0000,0x0000,0x0000,
  0x0000,0x0000,0x0000,0x0000,0x0000,0x0000,0x0000,0x0000,0x0000,0x0000,0x0000,0x0000,0x0000,0x0000,0x0000,0x0000,
  0x0000,0x0000,0x0000,0x0000,0x0000,0x0000,0x0000,0x0000,0x0000,0x0000,0x0000,0x0000,0x0000,0x0000,0x0000,0x0000,
  0x0000,0x0000,0x0000,0x0000,0x630C,0x630C,0x630C,0x630C,0xD6BA,0xD6BA,0xD6BA,0xD6BA,0xD6BA,0xD6BA,0xD6BA,0xD6BA,
  0xD6BA,0xD6BA,0x630C,0x630C,0x630C,0x630C,0x0000,0x0000,0x0000,0x0000,0x0000,0x0000,0x0000,0x0000,0x0000,0x0000,
  0x0000,0x0000,0x0000,0x0000,0x0000,0x0000,0x0000,0x0000,0x0000,0x0000,0x0000,0x0000,0x0000,0x0000,0x0000,0x0000,
  0x0000,0x0000,0x0000,0x0000,0x0000,0x0000,0x0000,0x0000,0x0000,0x0000,0x0000,0x0000,0x0000,0x0000,0x0000,0x0000,
  0x0000,0x0000,0x0000,0x0000,0x630C,0x630C,0x630C,0x630C,0xD6BA,0xD6BA,0xD6BA,0xD6BA,0xD6BA,0xD6BA,0xD6BA,0xD6BA,
  0xD6BA,0xD6BA,0x630C,0x630C,0x630C,0x630C,0x0000,0x0000,0x0000,0x0000,0x0000,0x0000,0x0000,0x0000,0x0000,0x0000,
  0x0000,0x0000,0x0000,0x0000,0x0000,0x0000,0x0000,0x0000,0x0000,0x0000,0x0000,0x0000,0x0000,0x0000,0x0000,0x0000,
  0x0000,0x0000,0x0000,0x0000,0x0000,0x0000,0x0000,0x0000,0x0000,0x0000,0x0000,0x0000,0x0000,0x0000,0x0000,0x0000,
  0x0000,0x0000,0x0000,0x0000,0x630C,0x630C,0x630C,0x630C,0xD6BA,0xD6BA,0xD6BA,0xD6BA,0xD6BA,0xD6BA,0xD6BA,0xD6BA,
  0xD6BA,0xD6BA,0x630C,0x630C,0x630C,0x630C,0x0000,0x0000,0x0000,0x0000,0x0000,0x0000,0x0000,0x0000,0x0000,0x0000,
  0x0000,0x0000,0x0000,0x0000,0x0000,0x0000,0x0000,0x0000,0x0000,0x0000,0x0000,0x0000,0x0000,0x0000,0x0000,0x0000,
  0x0000,0x0000,0x0000,0x0000,0x0000,0x0000,0x0000,0x0000,0x0000,0x0000,0x0000,0x0000,0x0000,0x0000,0x0000,0x0000,
  0x0000,0x0000,0x0000,0x0000,0x630C,0x630C,0x630C,0x630C,0xD6BA,0xD6BA,0xD6BA,0xD6BA,0xD6BA,0xD6BA,0xD6BA,0xD6BA,
  0xD6BA,0xD6BA,0x630C,0x630C,0x630C,0x630C,0x0000,0x0000,0x0000,0x0000,0x0000,0x0000,0x0000,0x0000,0x0000,0x0000,
  0x0000,0x0000,0x0000,0x0000,0x0000,0x0000,0x0000,0x0000,0x0000,0x0000,0x0000,0x0000,0x0000,0x0000,0x0000,0x0000,
  0x0000,0x0000,0x0000,0x0000,0x0000,0x0000,0x0000,0x0000,0x0000,0x0000,0x0000,0x0000,0x0000,0x0000,0x0000,0x0000,
  0x0000,0x0000,0x0000,0x0000,0x630C,0x630C,0x630C,0x630C,0x630C,0x630C,0xD6BA,0xD6BA,0xD6BA,0xD6BA,0xD6BA,0xD6BA,
  0x630C,0x630C,0x630C,0x630C,0x630C,0x630C,0x0000,0x0000,0x0000,0x0000,0x0000,0x0000,0x0000,0x0000,0x0000,0x0000,
  0x0000,0x0000,0x0000,0x0000,0x630C,0x630C,0x630C,0x630C,0x0000,0x0000,0x0000,0x0000,0x0000,0x0000,0x0000,0x0000,
  0x0000,0x0000,0x0000,0x0000,0x0000,0x0000,0x0000,0x0000,0x0000,0x0000,0x0000,0x0000,0x0000,0x0000,0x0000,0x0000,
  0x0000,0x0000,0x0000,0x0000,0x630C,0x630C,0x630C,0x630C,0x630C,0x630C,0xD6BA,0xD6BA,0xD6BA,0xD6BA,0xD6BA,0xD6BA,
  0x630C,0x630C,0x630C,0x630C,0x630C,0x630C,0x0000,0x0000,0x0000,0x0000,0x0000,0x0000,0x0000,0x0000,0x0000,0x0000,
  0x0000,0x0000,0x0000,0x0000,0x630C,0x630C,0x630C,0x630C,0x0000,0x0000,0x0000,0x0000,0x0000,0x0000,0x0000,0x0000,
  0x0000,0x0000,0x0000,0x0000,0x0000,0x0000,0x0000,0x0000,0x0000,0x0000,0x0000,0x0000,0x0000,0x0000,0x0000,0x0000,
  0x0000,0x0000,0x0000,0x0000,0x630C,0x630C,0x630C,0x630C,0x630C,0x630C,0xD6BA,0xD6BA,0xD6BA,0xD6BA,0xD6BA,0xD6BA,
  0x630C,0x630C,0x630C,0x630C,0x630C,0x630C,0x0000,0x0000,0x0000,0x0000,0x0000,0x0000,0x0000,0x0000,0x0000,0x0000,
  0x0000,0x0000,0x0000,0x0000,0x4229,0x4229,0x4229,0x4229,0x630C,0x630C,0x0000,0x0000,0x0000,0x0000,0x0000,0x0000,
  0x0000,0x0000,0x0000,0x0000,0x0000,0x0000,0x0000,0x0000,0x0000,0x0000,0x0000,0x0000,0x0000,0x0000,0x0000,0x0000,
  0x0000,0x0000,0x0000,0x0000,0x630C,0x630C,0x630C,0x630C,0x630C,0x630C,0xD6BA,0xD6BA,0xD6BA,0xD6BA,0xD6BA,0xD6BA,
  0x630C,0x630C,0x630C,0x630C,0x630C,0x630C,0x0000,0x0000,0x0000,0x0000,0x0000,0x0000,0x0000,0x0000,0x0000,0x0000,
  0x0000,0x0000,0x0000,0x0000,0x4229,0x4229,0x4229,0x4229,0x630C,0x630C,0x0000,0x0000,0x0000,0x0000,0x0000,0x0000,
  0x0000,0x0000,0x0000,0x0000,0x0000,0x0000,0x0000,0x0000,0x0000,0x0000,0x0000,0x0000,0x0000,0x0000,0x0000,0x0000,
  0x0000,0x0000,0x0000,0x0000,0x630C,0x630C,0x630C,0x630C,0x0000,0x0000,0xD6BA,0xD6BA,0xD6BA,0xD6BA,0xD6BA,0xD6BA,
  0x0000,0x0000,0x630C,0x630C,0x630C,0x630C,0x0000,0x0000,0x630C,0x630C,0x0000,0x0000,0x0000,0x0000,0x0000,0x0000,
  0x0000,0x0000,0x0000,0x0000,0x0000,0x0000,0x630C,0x630C,0x630C,0x630C,0x0000,0x0000,0x0000,0x0000,0x0000,0x0000,
  0x0000,0x0000,0x0000,0x0000,0x0000,0x0000,0x0000,0x0000,0x0000,0x0000,0x0000,0x0000,0x0000,0x0000,0x0000,0x0000,
  0x0000,0x0000,0x0000,0x0000,0x630C,0x630C,0x630C,0x630C,0x0000,0x0000,0xD6BA,0xD6BA,0xD6BA,0xD6BA,0xD6BA,0xD6BA,
  0x0000,0x0000,0x630C,0x630C,0x630C,0x630C,0x0000,0x0000,0x630C,0x630C,0x0000,0x0000,0x0000,0x0000,0x0000,0x0000,
  0x0000,0x0000,0x0000,0x0000,0x0000,0x0000,0x630C,0x630C,0x630C,0x630C,0x0000,0x0000,0x0000,0x0000,0x0000,0x0000,
  0x0000,0x0000,0x0000,0x0000,0x0000,0x0000,0x0000,0x0000,0x0000,0x0000,0x0000,0x0000,0x0000,0x0000,0x0000,0x0000,
  0x0000,0x0000,0x0000,0x0000,0x630C,0x630C,0x630C,0x630C,0x630C,0x630C,0x0000,0x0000,0xD6BA,0xD6BA,0x0000,0x0000,
  0x630C,0x630C,0x630C,0x630C,0x630C,0x630C,0x0000,0x0000,0x630C,0x630C,0x4229,0x4229,0x630C,0x630C,0x0000,0x0000,
  0x0000,0x0000,0x0000,0x0000,0x0000,0x0000,0x4229,0x4229,0x630C,0x630C,0x0000,0x0000,0x0000,0x0000,0x0000,0x0000,
  0x0000,0x0000,0x0000,0x0000,0x0000,0x0000,0x0000,0x0000,0x0000,0x0000,0x0000,0x0000,0x0000,0x0000,0x0000,0x0000,
  0x0000,0x0000,0x0000,0x0000,0x630C,0x630C,0x630C,0x630C,0x630C,0x630C,0x0000,0x0000,0xD6BA,0xD6BA,0x0000,0x0000,
  0x630C,0x630C,0x630C,0x630C,0x630C,0x630C,0x0000,0x0000,0x630C,0x630C,0x4229,0x4229,0x630C,0x630C,0x0000,0x0000,
  0x0000,0x0000,0x0000,0x0000,0x0000,0x0000,0x4229,0x4229,0x630C,0x630C,0x0000,0x0000,0x0000,0x0000,0x0000,0x0000,
  0x0000,0x0000,0x0000,0x0000,0x0000,0x0000,0x0000,0x0000,0x0000,0x0000,0x0000,0x0000,0x0000,0x0000,0x0000,0x0000,
  0x0000,0x0000,0x0000,0x0000,0x0000,0x0000,0x630C,0x630C,0x630C,0x630C,0x630C,0x630C,0x0000,0x0000,0x630C,0x630C,
  0x630C,0x630C,0x630C,0x630C,0x0000,0x0000,0x0000,0x0000,0x630C,0x630C,0x4229,0x4229,0x630C,0x630C,0x0000,0x0000,
  0x0000,0x0000,0x0000,0x0000,0x0000,0x0000,0x630C,0x630C,0x630C,0x630C,0x0000,0x0000,0x0000,0x0000,0x0000,0x0000,
  0x0000,0x0000,0x0000,0x0000,0x0000,0x0000,0x0000,0x0000,0x0000,0x0000,0x0000,0x0000,0x0000,0x0000,0x0000,0x0000,
  0x0000,0x0000,0x0000,0x0000,0x0000,0x0000,0x630C,0x630C,0x630C,0x630C,0x630C,0x630C,0x0000,0x0000,0x630C,0x630C,
  0x630C,0x630C,0x630C,0x630C,0x0000,0x0000,0x0000,0x0000,0x630C,0x630C,0x4229,0x4229,0x630C,0x630C,0x0000,0x0000,
  0x0000,0x0000,0x0000,0x0000,0x0000,0x0000,0x630C,0x630C,0x630C,0x630C,0x0000,0x0000,0x0000,0x0000,0x0000,0x0000,
  0x0000,0x0000,0x0000,0x0000,0x0000,0x0000,0x0000,0x0000,0x0000,0x0000,0x0000,0x0000,0x0000,0x0000,0x0000,0x0000,
  0x0000,0x0000,0x0000,0x0000,0x0000,0x0000,0x630C,0x630C,0x630C,0x630C,0x630C,0x630C,0x0000,0x0000,0x630C,0x630C,
  0x630C,0x630C,0x630C,0x630C,0x0000,0x0000,0x630C,0x630C,0x630C,0x630C,0x630C,0x630C,0x630C,0x630C,0x4229,0x4229,
  0x0000,0x0000,0x0000,0x0000,0x630C,0x630C,0x630C,0x630C,0x0000,0x0000,0x0000,0x0000,0x0000,0x0000,0x0000,0x0000,
  0x0000,0x0000,0x0000,0x0000,0x0000,0x0000,0x0000,0x0000,0x0000,0x0000,0x0000,0x0000,0x0000,0x0000,0x0000,0x0000,
  0x0000,0x0000,0x0000,0x0000,0x0000,0x0000,0x630C,0x630C,0x630C,0x630C,0x630C,0x630C,0x0000,0x0000,0x630C,0x630C,
  0x630C,0x630C,0x630C,0x630C,0x0000,0x0000,0x630C,0x630C,0x630C,0x630C,0x630C,0x630C,0x630C,0x630C,0x4229,0x4229,
  0x0000,0x0000,0x0000,0x0000,0x630C,0x630C,0x630C,0x630C,0x0000,0x0000,0x0000,0x0000,0x0000,0x0000,0x0000,0x0000,
  0x0000,0x0000,0x0000,0x0000,0x0000,0x0000,0x0000,0x0000,0x0000,0x0000,0x0000,0x0000,0x0000,0x0000,0x0000,0x0000,
  0x0000,0x0000,0x0000,0x0000,0x0000,0x0000,0x630C,0x630C,0xD6BA,0xD6BA,0xD6BA,0xD6BA,0x0000,0x0000,0xD6BA,0xD6BA,
  0xD6BA,0xD6BA,0x630C,0x630C,0x630C,0x630C,0x0000,0x0000,0x630C,0x630C,0x630C,0x630C,0x630C,0x630C,0x4229,0x4229,
  0x0000,0x0000,0x630C,0x630C,0x630C,0x630C,0x0000,0x0000,0x0000,0x0000,0x0000,0x0000,0x0000,0x0000,0x0000,0x0000,
  0x0000,0x0000,0x0000,0x0000,0x0000,0x0000,0x0000,0x0000,0x0000,0x0000,0x0000,0x0000,0x0000,0x0000,0x0000,0x0000,
  0x0000,0x0000,0x0000,0x0000,0x0000,0x0000,0x630C,0x630C,0xD6BA,0xD6BA,0xD6BA,0xD6BA,0x0000,0x0000,0xD6BA,0xD6BA,
  0xD6BA,0xD6BA,0x630C,0x630C,0x630C,0x630C,0x0000,0x0000,0x630C,0x630C,0x630C,0x630C,0x630C,0x630C,0x4229,0x4229,
  0x0000,0x0000,0x630C,0x630C,0x630C,0x630C,0x0000,0x0000,0x0000,0x0000,0x0000,0x0000,0x0000,0x0000,0x0000,0x0000,
  0x0000,0x0000,0x0000,0x0000,0x0000,0x0000,0x0000,0x0000,0x0000,0x0000,0x0000,0x0000,0x0000,0x0000,0x0000,0x0000,
  0x0000,0x0000,0x0000,0x0000,0x630C,0x630C,0x630C,0x630C,0xD6BA,0xD6BA,0x0000,0x0000,0x0000,0x0000,0x0000,0x0000,
  0xD6BA,0xD6BA,0x630C,0x630C,0x630C,0x630C,0x0000,0x0000,0x630C,0x630C,0x630C,0x630C,0x630C,0x630C,0x630C,0x630C,
  0x0000,0x0000,0x630C,0x630C,0x0000,0x0000,0x0000,0x0000,0x0000,0x0000,0x0000,0x0000,0x0000,0x0000,0x0000,0x0000,
  0x0000,0x0000,0x0000,0x0000,0x0000,0x0000,0x0000,0x0000,0x0000,0x0000,0x0000,0x0000,0x0000,0x0000,0x0000,0x0000,
  0x0000,0x0000,0x0000,0x0000,0x630C,0x630C,0x630C,0x630C,0xD6BA,0xD6BA,0x0000,0x0000,0x0000,0x0000,0x0000,0x0000,
  0xD6BA,0xD6BA,0x630C,0x630C,0x630C,0x630C,0x0000,0x0000,0x630C,0x630C,0x630C,0x630C,0x630C,0x630C,0x630C,0x630C,
  0x0000,0x0000,0x630C,0x630C,0x0000,0x0000,0x0000,0x0000,0x0000,0x0000,0x0000,0x0000,0x0000,0x0000,0x0000,0x0000,
};

// catt-pet7.png (64x64)
static const uint16_t catt_pet7[4096] PROGMEM = {
  0x0000,0x0000,0x0000,0x0000,0x0000,0x0000,0x0000,0x0000,0x0000,0x0000,0x0000,0x0000,0x0000,0x0000,0x0000,0x0000,
  0x0000,0x0000,0x0000,0x0000,0x0000,0x0000,0x0000,0x0000,0x0000,0x0000,0x0000,0x0000,0x0000,0x0000,0x0000,0x0000,
  0x0000,0x0000,0x0000,0x0000,0x0000,0x0000,0x0000,0x0000,0x0000,0x0000,0x0000,0x0000,0x0000,0x0000,0x0000,0x0000,
  0x0000,0x0000,0x0000,0x0000,0x0000,0x0000,0x0000,0x0000,0x0000,0x0000,0x0000,0x0000,0x0000,0x0000,0x0000,0x0000,
  0x0000,0x0000,0x0000,0x0000,0x0000,0x0000,0x0000,0x0000,0x0000,0x0000,0x0000,0x0000,0x0000,0x0000,0x0000,0x0000,
  0x0000,0x0000,0x0000,0x0000,0x0000,0x0000,0x0000,0x0000,0x0000,0x0000,0x0000,0x0000,0x0000,0x0000,0x0000,0x0000,
  0x0000,0x0000,0x0000,0x0000,0x0000,0x0000,0x0000,0x0000,0x0000,0x0000,0x0000,0x0000,0x0000,0x0000,0x0000,0x0000,
  0x0000,0x0000,0x0000,0x0000,0x0000,0x0000,0x0000,0x0000,0x0000,0x0000,0x0000,0x0000,0x0000,0x0000,0x0000,0x0000,
  0x0000,0x0000,0x0000,0x0000,0x0000,0x0000,0x0000,0x0000,0x0000,0x0000,0x0000,0x0000,0x0000,0x0000,0x0000,0x0000,
  0x0000,0x0000,0x0000,0x0000,0x0000,0x0000,0x0000,0x0000,0x0000,0x0000,0x0000,0x0000,0x0000,0x0000,0x0000,0x0000,
  0x0000,0x0000,0x0000,0x0000,0x0000,0x0000,0x0000,0x0000,0x0000,0x0000,0x0000,0x0000,0x0000,0x0000,0x0000,0x0000,
  0x0000,0x0000,0x0000,0x0000,0x0000,0x0000,0x0000,0x0000,0x0000,0x0000,0x0000,0x0000,0x0000,0x0000,0x0000,0x0000,
  0x0000,0x0000,0x0000,0x0000,0x0000,0x0000,0x0000,0x0000,0x0000,0x0000,0x0000,0x0000,0x0000,0x0000,0x0000,0x0000,
  0x0000,0x0000,0x0000,0x0000,0x0000,0x0000,0x0000,0x0000,0x0000,0x0000,0x0000,0x0000,0x0000,0x0000,0x0000,0x0000,
  0x0000,0x0000,0x0000,0x0000,0x0000,0x0000,0x0000,0x0000,0x0000,0x0000,0x0000,0x0000,0x0000,0x0000,0x0000,0x0000,
  0x0000,0x0000,0x0000,0x0000,0x0000,0x0000,0x0000,0x0000,0x0000,0x0000,0x0000,0x0000,0x0000,0x0000,0x0000,0x0000,
  0x0000,0x0000,0x0000,0x0000,0x0000,0x0000,0x0000,0x0000,0x0000,0x0000,0x0000,0x0000,0x0000,0x0000,0x0000,0x0000,
  0x0000,0x0000,0x0000,0x0000,0x0000,0x0000,0x0000,0x0000,0x0000,0x0000,0x0000,0x0000,0x0000,0x0000,0x0000,0x0000,
  0x0000,0x0000,0x0000,0x0000,0x0000,0x0000,0x0000,0x0000,0x0000,0x0000,0x0000,0x0000,0x0000,0x0000,0x0000,0x0000,
  0x0000,0x0000,0x0000,0x0000,0x0000,0x0000,0x0000,0x0000,0x0000,0x0000,0x0000,0x0000,0x0000,0x0000,0x0000,0x0000,
  0x0000,0x0000,0x0000,0x0000,0x0000,0x0000,0x0000,0x0000,0x0000,0x0000,0x0000,0x0000,0x0000,0x0000,0x0000,0x0000,
  0x0000,0x0000,0x0000,0x0000,0x0000,0x0000,0x0000,0x0000,0x0000,0x0000,0x0000,0x0000,0x0000,0x0000,0x0000,0x0000,
  0x0000,0x0000,0x0000,0x0000,0x0000,0x0000,0x0000,0x0000,0x0000,0x0000,0x0000,0x0000,0x0000,0x0000,0x0000,0x0000,
  0x0000,0x0000,0x0000,0x0000,0x0000,0x0000,0x0000,0x0000,0x0000,0x0000,0x0000,0x0000,0x0000,0x0000,0x0000,0x0000,
  0x0000,0x0000,0x0000,0x0000,0x0000,0x0000,0x0000,0x0000,0x0000,0x0000,0x0000,0x0000,0x0000,0x0000,0x0000,0x0000,
  0x0000,0x0000,0x0000,0x0000,0x0000,0x0000,0x0000,0x0000,0x0000,0x0000,0x0000,0x0000,0x0000,0x0000,0x0000,0x0000,
  0x0000,0x0000,0x0000,0x0000,0x0000,0x0000,0x0000,0x0000,0x0000,0x0000,0x0000,0x0000,0x0000,0x0000,0x0000,0x0000,
  0x0000,0x0000,0x0000,0x0000,0x0000,0x0000,0x0000,0x0000,0x0000,0x0000,0x0000,0x0000,0x0000,0x0000,0x0000,0x0000,
  0x0000,0x0000,0x0000,0x0000,0x0000,0x0000,0x0000,0x0000,0x0000,0x0000,0x0000,0x0000,0x0000,0x0000,0x0000,0x0000,
  0x0000,0x0000,0x0000,0x0000,0x0000,0x0000,0x0000,0x0000,0x0000,0x0000,0x0000,0x0000,0x0000,0x0000,0x0000,0x0000,
  0x0000,0x0000,0x0000,0x0000,0x0000,0x0000,0x0000,0x0000,0x0000,0x0000,0x0000,0x0000,0x0000,0x0000,0x0000,0x0000,
  0x0000,0x0000,0x0000,0x0000,0x0000,0x0000,0x0000,0x0000,0x0000,0x0000,0x0000,0x0000,0x0000,0x0000,0x0000,0x0000,
  0x0000,0x0000,0x0000,0x0000,0x0000,0x0000,0x0000,0x0000,0x0000,0x0000,0x0000,0x0000,0x0000,0x0000,0x0000,0x0000,
  0x0000,0x0000,0x0000,0x0000,0x0000,0x0000,0x0000,0x0000,0x0000,0x0000,0x0000,0x0000,0x0000,0x0000,0x0000,0x0000,
  0x0000,0x0000,0x0000,0x0000,0x0000,0x0000,0x0000,0x0000,0x0000,0x0000,0x0000,0x0000,0x0000,0x0000,0x0000,0x0000,
  0x0000,0x0000,0x0000,0x0000,0x0000,0x0000,0x0000,0x0000,0x0000,0x0000,0x0000,0x0000,0x0000,0x0000,0x0000,0x0000,
  0x0000,0x0000,0x0000,0x0000,0x0000,0x0000,0x0000,0x0000,0x0000,0x0000,0x0000,0x0000,0x0000,0x0000,0x0000,0x0000,
  0x0000,0x0000,0x0000,0x0000,0x0000,0x0000,0x0000,0x0000,0x0000,0x0000,0x0000,0x0000,0x0000,0x0000,0x0000,0x0000,
  0x0000,0x0000,0x0000,0x0000,0x0000,0x0000,0x0000,0x0000,0x0000,0x0000,0x0000,0x0000,0x0000,0x0000,0x0000,0x0000,
  0x0000,0x0000,0x0000,0x0000,0x0000,0x0000,0x0000,0x0000,0x0000,0x0000,0x0000,0x0000,0x0000,0x0000,0x0000,0x0000,
  0x0000,0x0000,0x0000,0x0000,0x0000,0x0000,0x0000,0x0000,0x0000,0x0000,0x0000,0x0000,0x0000,0x0000,0x630C,0x630C,
  0x630C,0x630C,0x0000,0x0000,0x0000,0x0000,0x0000,0x0000,0x0000,0x0000,0x0000,0x0000,0x0000,0x0000,0x0000,0x0000,
  0x0000,0x0000,0x0000,0x0000,0x0000,0x0000,0x0000,0x0000,0x630C,0x630C,0x630C,0x630C,0x0000,0x0000,0x0000,0x0000,
  0x0000,0x0000,0x0000,0x0000,0x0000,0x0000,0x0000,0x0000,0x0000,0x0000,0x0000,0x0000,0x0000,0x0000,0x0000,0x0000,
  0x0000,0x0000,0x0000,0x0000,0x0000,0x0000,0x0000,0x0000,0x0000,0x0000,0x0000,0x0000,0x0000,0x0000,0x630C,0x630C,
  0x630C,0x630C,0x0000,0x0000,0x0000,0x0000,0x0000,0x0000,0x0000,0x0000,0x0000,0x0000,0x0000,0x0000,0x0000,0x0000,
  0x0000,0x0000,0x0000,0x0000,0x0000,0x0000,0x0000,0x0000,0x630C,0x630C,0x630C,0x630C,0x0000,0x0000,0x0000,0x0000,
  0x0000,0x0000,0x0000,0x0000,0x0000,0x0000,0x0000,0x0000,0x0000,0x0000,0x0000,0x0000,0x0000,0x0000,0x0000,0x0000,
  0x0000,0x0000,0x0000,0x0000,0x0000,0x0000,0x0000,0x0000,0x0000,0x0000,0x0000,0x0000,0xEBF1,0xEBF1,0x0000,0x0000,
  0x630C,0x630C,0x630C,0x630C,0x0000,0x0000,0x0000,0x0000,0x0000,0x0000,0x0000,0x0000,0x0000,0x0000,0x0000,0x0000,
  0x0000,0x0000,0x0000,0x0000,0x0000,0x0000,0x630C,0x630C,0x630C,0x630C,0x0000,0x0000,0xEBF1,0xEBF1,0x0000,0x0000,
  0x0000,0x0000,0x0000,0x0000,0x0000,0x0000,0x0000,0x0000,0x0000,0x0000,0x0000,0x0000,0x0000,0x0000,0x0000,0x0000,
  0x0000,0x0000,0x0000,0x0000,0x0000,0x0000,0x0000,0x0000,0x0000,0x0000,0x0000,0x0000,0xEBF1,0xEBF1,0x0000,0x0000,
  0x630C,0x630C,0x630C,0x630C,0x0000,0x0000,0x0000,0x0000,0x0000,0x0000,0x0000,0x0000,0x0000,0x0000,0x0000,0x0000,
  0x0000,0x0000,0x0000,0x0000,0x0000,0x0000,0x630C,0x630C,0x630C,0x630C,0x0000,0x0000,0xEBF1,0xEBF1,0x0000,0x0000,
  0x0000,0x0000,0x0000,0x0000,0x0000,0x0000,0x0000,0x0000,0x0000,0x0000,0x0000,0x0000,0x0000,0x0000,0x0000,0x0000,
  0x0000,0x0000,0x0000,0x0000,0x0000,0x0000,0x0000,0x0000,0x0000,0x0000,0x0000,0x0000,0xEBF1,0xEBF1,0x0000,0x0000,
  0x630C,0x630C,0x630C,0x630C,0x630C,0x630C,0x0000,0x0000,0x0000,0x0000,0x0000,0x0000,0x0000,0x0000,0x0000,0x0000,
  0x0000,0x0000,0x0000,0x0000,0x630C,0x630C,0x630C,0x630C,0x630C,0x630C,0x0000,0x0000,0xEBF1,0xEBF1,0x0000,0x0000,
  0x0000,0x0000,0x0000,0x0000,0x0000,0x0000,0x0000,0x0000,0x0000,0x0000,0x0000,0x0000,0x0000,0x0000,0x0000,0x0000,
  0x0000,0x0000,0x0000,0x0000,0x0000,0x0000,0x0000,0x0000,0x0000,0x0000,0x0000,0x0000,0xEBF1,0xEBF1,0x0000,0x0000,
  0x630C,0x630C,0x630C,0x630C,0x630C,0x630C,0x0000,0x0000,0x0000,0x0000,0x0000,0x0000,0x0000,0x0000,0x0000,0x0000,
  0x0000,0x0000,0x0000,0x0000,0x630C,0x630C,0x630C,0x630C,0x630C,0x630C,0x0000,0x0000,0xEBF1,0xEBF1,0x0000,0x0000,
  0x0000,0x0000,0x0000,0x0000,0x0000,0x0000,0x0000,0x0000,0x0000,0x0000,0x0000,0x0000,0x0000,0x0000,0x0000,0x0000,
  0x0000,0x0000,0x0000,0x0000,0x0000,0x0000,0x0000,0x0000,0x0000,0x0000,0x0000,0x0000,0xEBF1,0xEBF1,0xEBF1,0xEBF1,
  0x0000,0x0000,0x630C,0x630C,0x630C,0x630C,0x4229,0x4229,0x630C,0x630C,0x4229,0x4229,0x4229,0x4229,0x4229,0x4229,
  0x630C,0x630C,0x4229,0x4229,0x630C,0x630C,0x630C,0x630C,0x630C,0x630C,0xEBF1,0xEBF1,0xEBF1,0xEBF1,0x0000,0x0000,
  0x0000,0x0000,0x0000,0x0000,0x0000,0x0000,0x0000,0x0000,0x0000,0x0000,0x0000,0x0000,0x0000,0x0000,0x0000,0x0000,
  0x0000,0x0000,0x0000,0x0000,0x0000,0x0000,0x0000,0x0000,0x0000,0x0000,0x0000,0x0000,0xEBF1,0xEBF1,0xEBF1,0xEBF1,
  0x0000,0x0000,0x630C,0x630C,0x630C,0x630C,0x4229,0x4229,0x630C,0x630C,0x4229,0x4229,0x4229,0x4229,0x4229,0x4229,
  0x630C,0x630C,0x4229,0x4229,0x630C,0x630C,0x630C,0x630C,0x630C,0x630C,0xEBF1,0xEBF1,0xEBF1,0xEBF1,0x0000,0x0000,
  0x0000,0x0000,0x0000,0x0000,0x0000,0x0000,0x0000,0x0000,0x0000,0x0000,0x0000,0x0000,0x0000,0x0000,0x0000,0x0000,
  0x0000,0x0000,0x0000,0x0000,0x0000,0x0000,0x0000,0x0000,0x0000,0x0000,0x0000,0x0000,0xEBF1,0xEBF1,0xEBF1,0xEBF1,
  0x0000,0x0000,0x630C,0x630C,0x630C,0x630C,0x4229,0x4229,0x630C,0x630C,0x4229,0x4229,0x4229,0x4229,0x4229,0x4229,
  0x630C,0x630C,0x4229,0x4229,0x630C,0x630C,0x630C,0x630C,0xEBF1,0xEBF1,0xEBF1,0xEBF1,0xEBF1,0xEBF1,0x0000,0x0000,
  0x0000,0x0000,0x0000,0x0000,0x0000,0x0000,0x0000,0x0000,0x0000,0x0000,0x0000,0x0000,0x0000,0x0000,0x0000,0x0000,
  0x0000,0x0000,0x0000,0x0000,0x0000,0x0000,0x0000,0x0000,0x0000,0x0000,0x0000,0x0000,0xEBF1,0xEBF1,0xEBF1,0xEBF1,
  0x0000,0x0000,0x630C,0x630C,0x630C,0x630C,0x4229,0x4229,0x630C,0x630C,0x4229,0x4229,0x4229,0x4229,0x4229,0x4229,
  0x630C,0x630C,0x4229,0x4229,0x630C,0x630C,0x630C,0x630C,0xEBF1,0xEBF1,0xEBF1,0xEBF1,0xEBF1,0xEBF1,0x0000,0x0000,
  0x0000,0x0000,0x0000,0x0000,0x0000,0x0000,0x0000,0x0000,0x0000,0x0000,0x0000,0x0000,0x0000,0x0000,0x0000,0x0000,
  0x0000,0x0000,0x0000,0x0000,0x0000,0x0000,0x0000,0x0000,0x0000,0x0000,0x0000,0x0000,0xEBF1,0xEBF1,0xEBF1,0xEBF1,
  0x630C,0x630C,0x630C,0x630C,0x630C,0x630C,0x630C,0x630C,0x630C,0x630C,0x630C,0x630C,0x4229,0x4229,0x630C,0x630C,
  0x630C,0x630C,0x630C,0x630C,0x630C,0x630C,0x630C,0x630C,0x0000,0x0000,0xEBF1,0xEBF1,0x0000,0x0000,0x0000,0x0000,
  0x0000,0x0000,0x0000,0x0000,0x0000,0x0000,0x0000,0x0000,0x0000,0x0000,0x0000,0x0000,0x0000,0x0000,0x0000,0x0000,
  0x0000,0x0000,0x0000,0x0000,0x0000,0x0000,0x0000,0x0000,0x0000,0x0000,0x0000,0x0000,0xEBF1,0xEBF1,0xEBF1,0xEBF1,
  0x630C,0x630C,0x630C,0x630C,0x630C,0x630C,0x630C,0x630C,0x630C,0x630C,0x630C,0x630C,0x4229,0x4229,0x630C,0x630C,
  0x630C,0x630C,0x630C,0x630C,0x630C,0x630C,0x630C,0x630C,0x0000,0x0000,0xEBF1,0xEBF1,0x0000,0x0000,0x0000,0x0000,
  0x0000,0x0000,0x0000,0x0000,0x0000,0x0000,0x0000,0x0000,0x0000,0x0000,0x0000,0x0000,0x0000,0x0000,0x0000,0x0000,
  0x0000,0x0000,0x0000,0x0000,0x0000,0x0000,0x0000,0x0000,0x0000,0x0000,0x0000,0x0000,0x0000,0x0000,0x630C,0x630C,
  0x630C,0x630C,0x630C,0x630C,0x630C,0x630C,0x630C,0x630C,0x630C,0x630C,0x630C,0x630C,0x4229,0x4229,0x630C,0x630C,
  0x630C,0x630C,0x630C,0x630C,0x630C,0x630C,0x630C,0x630C,0x630C,0x630C,0x0000,0x0000,0x0000,0x0000,0x0000,0x0000,
  0x0000,0x0000,0x0000,0x0000,0x0000,0x0000,0x0000,0x0000,0x0000,0x0000,0x0000,0x0000,0x0000,0x0000,0x0000,0x0000,
  0x0000,0x0000,0x0000,0x0000,0x0000,0x0000,0x0000,0x0000,0x0000,0x0000,0x0000,0x0000,0x0000,0x0000,0x630C,0x630C,
  0x630C,0x630C,0x630C,0x630C,0x630C,0x630C,0x630C,0x630C,0x630C,0x630C,0x630C,0x630C,0x4229,0x4229,0x630C,0x630C,
  0x630C,0x630C,0x630C,0x630C,0x630C,0x630C,0x630C,0x630C,0x630C,0x630C,0x0000,0x0000,0x0000,0x0000,0x0000,0x0000,
  0x0000,0x0000,0x0000,0x0000,0x0000,0x0000,0x0000,0x0000,0x0000,0x0000,0x0000,0x0000,0x0000,0x0000,0x0000,0x0000,
  0x0000,0x0000,0x0000,0x0000,0x0000,0x0000,0x0000,0x0000,0x0000,0x0000,0x0000,0x0000,0x0000,0x0000,0x630C,0x630C,
  0x630C,0x630C,0x630C,0x630C,0x0000,0x0000,0x0000,0x0000,0x0000,0x0000,0x630C,0x630C,0x630C,0x630C,0x630C,0x630C,
  0x0000,0x0000,0x0000,0x0000,0x0000,0x0000,0x630C,0x630C,0x630C,0x630C,0x630C,0x630C,0x0000,0x0000,0x0000,0x0000,
  0x0000,0x0000,0x0000,0x0000,0x0000,0x0000,0x0000,0x0000,0x0000,0x0000,0x0000,0x0000,0x0000,0x0000,0x0000,0x0000,
  0x0000,0x0000,0x0000,0x0000,0x0000,0x0000,0x0000,0x0000,0x0000,0x0000,0x0000,0x0000,0x0000,0x0000,0x630C,0x630C,
  0x630C,0x630C,0x630C,0x630C,0x0000,0x0000,0x0000,0x0000,0x0000,0x0000,0x630C,0x630C,0x630C,0x630C,0x630C,0x630C,
  0x0000,0x0000,0x0000,0x0000,0x0000,0x0000,0x630C,0x630C,0x630C,0x630C,0x630C,0x630C,0x0000,0x0000,0x0000,0x0000,
  0x0000,0x0000,0x0000,0x0000,0x0000,0x0000,0x0000,0x0000,0x0000,0x0000,0x0000,0x0000,0x0000,0x0000,0x0000,0x0000,
  0x0000,0x0000,0x0000,0x0000,0x0000,0x0000,0x0000,0x0000,0x0000,0x0000,0x0000,0x0000,0x0000,0x0000,0x630C,0x630C,
  0x630C,0x630C,0x0000,0x0000,0x9F2A,0x9F2A,0x0000,0x0000,0x9F2A,0x9F2A,0x630C,0x630C,0x630C,0x630C,0x630C,0x630C,
  0x9F2A,0x9F2A,0x0000,0x0000,0x9F2A,0x9F2A,0x0000,0x0000,0x630C,0x630C,0x630C,0x630C,0x0000,0x0000,0x0000,0x0000,
  0x0000,0x0000,0x0000,0x0000,0x0000,0x0000,0x0000,0x0000,0x0000,0x0000,0x0000,0x0000,0x0000,0x0000,0x0000,0x0000,
  0x0000,0x0000,0x0000,0x0000,0x0000,0x0000,0x0000,0x0000,0x0000,0x0000,0x0000,0x0000,0x0000,0x0000,0x630C,0x630C,
  0x630C,0x630C,0x0000,0x0000,0x9F2A,0x9F2A,0x0000,0x0000,0x9F2A,0x9F2A,0x630C,0x630C,0x630C,0x630C,0x630C,0x630C,
  0x9F2A,0x9F2A,0x0000,0x0000,0x9F2A,0x9F2A,0x0000,0x0000,0x630C,0x630C,0x630C,0x630C,0x0000,0x0000,0x0000,0x0000,
  0x0000,0x0000,0x0000,0x0000,0x0000,0x0000,0x0000,0x0000,0x0000,0x0000,0x0000,0x0000,0x0000,0x0000,0x0000,0x0000,
  0x0000,0x0000,0x0000,0x0000,0x0000,0x0000,0x0000,0x0000,0xFFFF,0xFFFF,0xFFFF,0xFFFF,0x630C,0x630C,0x630C,0x630C,
  0x630C,0x630C,0x630C,0x630C,0x630C,0x630C,0x630C,0x630C,0xD6BA,0xD6BA,0xD6BA,0xD6BA,0xD6BA,0xD6BA,0xD6BA,0xD6BA,
  0xD6BA,0xD6BA,0x630C,0x630C,0x630C,0x630C,0x630C,0x630C,0x630C,0x630C,0x630C,0x630C,0xFFFF,0xFFFF,0xFFFF,0xFFFF,
  0xFFFF,0xFFFF,0x0000,0x0000,0x0000,0x0000,0x0000,0x0000,0x0000,0x0000,0x0000,0x0000,0x0000,0x0000,0x0000,0x0000,
  0x0000,0x0000,0x0000,0x0000,0x0000,0x0000,0x0000,0x0000,0xFFFF,0xFFFF,0xFFFF,0xFFFF,0x630C,0x630C,0x630C,0x630C,
  0x630C,0x630C,0x630C,0x630C,0x630C,0x630C,0x630C,0x630C,0xD6BA,0xD6BA,0xD6BA,0xD6BA,0xD6BA,0xD6BA,0xD6BA,0xD6BA,
  0xD6BA,0xD6BA,0x630C,0x630C,0x630C,0x630C,0x630C,0x630C,0x630C,0x630C,0x630C,0x630C,0xFFFF,0xFFFF,0xFFFF,0xFFFF,
  0xFFFF,0xFFFF,0x0000,0x0000,0x0000,0x0000,0x0000,0x0000,0x0000,0x0000,0x0000,0x0000,0x0000,0x0000,0x0000,0x0000,
  0x0000,0x0000,0x0000,0x0000,0x0000,0x0000,0x0000,0x0000,0x0000,0x0000,0x0000,0x0000,0xFFFF,0xFFFF,0xFFFF,0xFFFF,
  0x630C,0x630C,0x630C,0x630C,0x630C,0x630C,0xD6BA,0xD6BA,0xD6BA,0xD6BA,0xEBF1,0xEBF1,0xEBF1,0xEBF1,0xEBF1,0xEBF1,
  0xD6BA,0xD6BA,0xD6BA,0xD6BA,0x630C,0x630C,0x630C,0x630C,0xFFFF,0xFFFF,0xFFFF,0xFFFF,0xFFFF,0xFFFF,0x0000,0x0000,
  0x0000,0x0000,0x0000,0x0000,0x0000,0x0000,0x0000,0x0000,0x0000,0x0000,0x0000,0x0000,0x0000,0x0000,0x0000,0x0000,
  0x0000,0x0000,0x0000,0x0000,0x0000,0x0000,0x0000,0x0000,0x0000,0x0000,0x0000,0x0000,0xFFFF,0xFFFF,0xFFFF,0xFFFF,
  0x630C,0x630C,0x630C,0x630C,0x630C,0x630C,0xD6BA,0xD6BA,0xD6BA,0xD6BA,0xEBF1,0xEBF1,0xEBF1,0xEBF1,0xEBF1,0xEBF1,
  0xD6BA,0xD6BA,0xD6BA,0xD6BA,0x630C,0x630C,0x630C,0x630C,0xFFFF,0xFFFF,0xFFFF,0xFFFF,0xFFFF,0xFFFF,0x0000,0x0000,
  0x0000,0x0000,0x0000,0x0000,0x0000,0x0000,0x0000,0x0000,0x0000,0x0000,0x0000,0x0000,0x0000,0x0000,0x0000,0x0000,
  0x0000,0x0000,0x0000,0x0000,0x0000,0x0000,0x0000,0x0000,0x0000,0x0000,0x0000,0x0000,0x630C,0x630C,0x630C,0x630C,
  0x630C,0x630C,0x630C,0x630C,0xD6BA,0xD6BA,0xD6BA,0xD6BA,0xD6BA,0xD6BA,0xD6BA,0xD6BA,0x0000,0x0000,0xD6BA,0xD6BA,
  0xD6BA,0xD6BA,0xD6BA,0xD6BA,0xD6BA,0xD6BA,0x630C,0x630C,0x630C,0x630C,0x630C,0x630C,0x630C,0x630C,0x0000,0x0000,
  0x0000,0x0000,0x0000,0x0000,0x0000,0x0000,0x0000,0x0000,0x0000,0x0000,0x0000,0x0000,0x0000,0x0000,0x0000,0x0000,
  0x0000,0x0000,0x0000,0x0000,0x0000,0x0000,0x0000,0x0000,0x0000,0x0000,0x0000,0x0000,0x630C,0x630C,0x630C,0x630C,
  0x630C,0x630C,0x630C,0x630C,0xD6BA,0xD6BA,0xD6BA,0xD6BA,0xD6BA,0xD6BA,0xD6BA,0xD6BA,0x0000,0x0000,0xD6BA,0xD6BA,
  0xD6BA,0xD6BA,0xD6BA,0xD6BA,0xD6BA,0xD6BA,0x630C,0x630C,0x630C,0x630C,0x630C,0x630C,0x630C,0x630C,0x0000,0x0000,
  0x0000,0x0000,0x0000,0x0000,0x0000,0x0000,0x0000,0x0000,0x0000,0x0000,0x0000,0x0000,0x0000,0x0000,0x0000,0x0000,
  0x0000,0x0000,0x0000,0x0000,0x0000,0x0000,0x0000,0x0000,0x0000,0x0000,0xFFFF,0xFFFF,0xFFFF,0xFFFF,0xFFFF,0xFFFF,
  0x630C,0x630C,0xD6BA,0xD6BA,0xD6BA,0xD6BA,0xD6BA,0xD6BA,0x0000,0x0000,0x0000,0x0000,0xD6BA,0xD6BA,0x0000,0x0000,
  0x0000,0x0000,0xD6BA,0xD6BA,0xD6BA,0xD6BA,0xD6BA,0xD6BA,0xFFFF,0xFFFF,0xFFFF,0xFFFF,0xFFFF,0xFFFF,0x0000,0x0000,
  0x0000,0x0000,0x0000,0x0000,0x0000,0x0000,0x0000,0x0000,0x0000,0x0000,0x0000,0x0000,0x0000,0x0000,0x0000,0x0000,
  0x0000,0x0000,0x0000,0x0000,0x0000,0x0000,0x0000,0x0000,0x0000,0x0000,0xFFFF,0xFFFF,0xFFFF,0xFFFF,0xFFFF,0xFFFF,
  0x630C,0x630C,0xD6BA,0xD6BA,0xD6BA,0xD6BA,0xD6BA,0xD6BA,0x0000,0x0000,0x0000,0x0000,0xD6BA,0xD6BA,0x0000,0x0000,
  0x0000,0x0000,0xD6BA,0xD6BA,0xD6BA,0xD6BA,0xD6BA,0xD6BA,0xFFFF,0xFFFF,0xFFFF,0xFFFF,0xFFFF,0xFFFF,0x0000,0x0000,
  0x0000,0x0000,0x0000,0x0000,0x0000,0x0000,0x0000,0x0000,0x0000,0x0000,0x0000,0x0000,0x0000,0x0000,0x0000,0x0000,
  0x0000,0x0000,0x0000,0x0000,0x0000,0x0000,0x0000,0x0000,0x0000,0x0000,0x0000,0x0000,0x0000,0x0000,0x0000,0x0000,
  0xD6BA,0xD6BA,0xD6BA,0xD6BA,0xD6BA,0xD6BA,0xD6BA,0xD6BA,0xD6BA,0xD6BA,0xD6BA,0xD6BA,0xD6BA,0xD6BA,0xD6BA,0xD6BA,
  0xD6BA,0xD6BA,0xD6BA,0xD6BA,0xD6BA,0xD6BA,0xD6BA,0xD6BA,0xD6BA,0xD6BA,0x0000,0x0000,0x0000,0x0000,0x0000,0x0000,
  0x0000,0x0000,0x0000,0x0000,0x0000,0x0000,0x0000,0x0000,0x0000,0x0000,0x0000,0x0000,0x0000,0x0000,0x0000,0x0000,
  0x0000,0x0000,0x0000,0x0000,0x0000,0x0000,0x0000,0x0000,0x0000,0x0000,0x0000,0x0000,0x0000,0x0000,0x0000,0x0000,
  0xD6BA,0xD6BA,0xD6BA,0xD6BA,0xD6BA,0xD6BA,0xD6BA,0xD6BA,0xD6BA,0xD6BA,0xD6BA,0xD6BA,0xD6BA,0xD6BA,0xD6BA,0xD6BA,
  0xD6BA,0xD6BA,0xD6BA,0xD6BA,0xD6BA,0xD6BA,0xD6BA,0xD6BA,0xD6BA,0xD6BA,0x0000,0x0000,0x0000,0x0000,0x0000,0x0000,
  0x0000,0x0000,0x0000,0x0000,0x0000,0x0000,0x0000,0x0000,0x0000,0x0000,0x0000,0x0000,0x0000,0x0000,0x0000,0x0000,
  0x0000,0x0000,0x0000,0x0000,0x0000,0x0000,0x0000,0x0000,0x0000,0x0000,0x0000,0x0000,0x0000,0x0000,0x0000,0x0000,
  0xFFFF,0xFFFF,0xD6BA,0xD6BA,0xD6BA,0xD6BA,0xD6BA,0xD6BA,0xD6BA,0xD6BA,0xD6BA,0xD6BA,0xD6BA,0xD6BA,0xD6BA,0xD6BA,
  0xD6BA,0xD6BA,0xD6BA,0xD6BA,0xD6BA,0xD6BA,0xD6BA,0xD6BA,0xFFFF,0xFFFF,0x0000,0x0000,0x0000,0x0000,0x0000,0x0000,
  0x0000,0x0000,0x0000,0x0000,0x0000,0x0000,0x0000,0x0000,0x0000,0x0000,0x0000,0x0000,0x0000,0x0000,0x0000,0x0000,
  0x0000,0x0000,0x0000,0x0000,0x0000,0x0000,0x0000,0x0000,0x0000,0x0000,0x0000,0x0000,0x0000,0x0000,0x0000,0x0000,
  0xFFFF,0xFFFF,0xD6BA,0xD6BA,0xD6BA,0xD6BA,0xD6BA,0xD6BA,0xD6BA,0xD6BA,0xD6BA,0xD6BA,0xD6BA,0xD6BA,0xD6BA,0xD6BA,
  0xD6BA,0xD6BA,0xD6BA,0xD6BA,0xD6BA,0xD6BA,0xD6BA,0xD6BA,0xFFFF,0xFFFF,0x0000,0x0000,0x0000,0x0000,0x0000,0x0000,
  0x0000,0x0000,0x0000,0x0000,0x0000,0x0000,0x0000,0x0000,0x0000,0x0000,0x0000,0x0000,0x0000,0x0000,0x0000,0x0000,
  0x0000,0x0000,0x0000,0x0000,0x0000,0x0000,0x0000,0x0000,0x0000,0x0000,0x0000,0x0000,0x0000,0x0000,0xFFFF,0xFFFF,
  0x0000,0x0000,0x0000,0x0000,0x0000,0x0000,0x0000,0x0000,0xD6BA,0xD6BA,0xD6BA,0xD6BA,0xD6BA,0xD6BA,0xD6BA,0xD6BA,
  0xD6BA,0xD6BA,0x0000,0x0000,0x0000,0x0000,0x0000,0x0000,0x0000,0x0000,0xFFFF,0xFFFF,0x0000,0x0000,0x0000,0x0000,
  0x0000,0x0000,0x0000,0x0000,0x0000,0x0000,0x0000,0x0000,0x0000,0x0000,0x0000,0x0000,0x0000,0x0000,0x0000,0x0000,
  0x0000,0x0000,0x0000,0x0000,0x0000,0x0000,0x0000,0x0000,0x0000,0x0000,0x0000,0x0000,0x0000,0x0000,0xFFFF,0xFFFF,
  0x0000,0x0000,0x0000,0x0000,0x0000,0x0000,0x0000,0x0000,0xD6BA,0xD6BA,0xD6BA,0xD6BA,0xD6BA,0xD6BA,0xD6BA,0xD6BA,
  0xD6BA,0xD6BA,0x0000,0x0000,0x0000,0x0000,0x0000,0x0000,0x0000,0x0000,0xFFFF,0xFFFF,0x0000,0x0000,0x0000,0x0000,
  0x0000,0x0000,0x0000,0x0000,0x0000,0x0000,0x0000,0x0000,0x0000,0x0000,0x0000,0x0000,0x0000,0x0000,0x0000,0x0000,
  0x0000,0x0000,0x0000,0x0000,0x0000,0x0000,0x0000,0x0000,0x0000,0x0000,0x0000,0x0000,0x0000,0x0000,0x0000,0x0000,
  0x0000,0x0000,0x0000,0x0000,0x630C,0x630C,0x630C,0x630C,0x0000,0x0000,0x0000,0x0000,0x0000,0x0000,0x0000,0x0000,
  0x0000,0x0000,0x630C,0x630C,0x630C,0x630C,0x0000,0x0000,0x0000,0x0000,0x0000,0x0000,0x0000,0x0000,0x0000,0x0000,
  0x0000,0x0000,0x0000,0x0000,0x0000,0x0000,0x0000,0x0000,0x0000,0x0000,0x0000,0x0000,0x0000,0x0000,0x0000,0x0000,
  0x0000,0x0000,0x0000,0x0000,0x0000,0x0000,0x0000,0x0000,0x0000,0x0000,0x0000,0x0000,0x0000,0x0000,0x0000,0x0000,
  0x0000,0x0000,0x0000,0x0000,0x630C,0x630C,0x630C,0x630C,0x0000,0x0000,0x0000,0x0000,0x0000,0x0000,0x0000,0x0000,
  0x0000,0x0000,0x630C,0x630C,0x630C,0x630C,0x0000,0x0000,0x0000,0x0000,0x0000,0x0000,0x0000,0x0000,0x0000,0x0000,
  0x0000,0x0000,0x0000,0x0000,0x0000,0x0000,0x0000,0x0000,0x0000,0x0000,0x0000,0x0000,0x0000,0x0000,0x0000,0x0000,
  0x0000,0x0000,0x0000,0x0000,0x0000,0x0000,0x0000,0x0000,0x0000,0x0000,0x0000,0x0000,0x0000,0x0000,0x0000,0x0000,
  0x0000,0x0000,0x0000,0x0000,0x630C,0x630C,0x630C,0x630C,0xD6BA,0xD6BA,0xD6BA,0xD6BA,0xD6BA,0xD6BA,0xD6BA,0xD6BA,
  0xD6BA,0xD6BA,0x630C,0x630C,0x630C,0x630C,0x0000,0x0000,0x0000,0x0000,0x0000,0x0000,0x0000,0x0000,0x0000,0x0000,
  0x0000,0x0000,0x0000,0x0000,0x0000,0x0000,0x0000,0x0000,0x0000,0x0000,0x0000,0x0000,0x0000,0x0000,0x0000,0x0000,
  0x0000,0x0000,0x0000,0x0000,0x0000,0x0000,0x0000,0x0000,0x0000,0x0000,0x0000,0x0000,0x0000,0x0000,0x0000,0x0000,
  0x0000,0x0000,0x0000,0x0000,0x630C,0x630C,0x630C,0x630C,0xD6BA,0xD6BA,0xD6BA,0xD6BA,0xD6BA,0xD6BA,0xD6BA,0xD6BA,
  0xD6BA,0xD6BA,0x630C,0x630C,0x630C,0x630C,0x0000,0x0000,0x0000,0x0000,0x0000,0x0000,0x0000,0x0000,0x0000,0x0000,
  0x0000,0x0000,0x0000,0x0000,0x0000,0x0000,0x0000,0x0000,0x0000,0x0000,0x0000,0x0000,0x0000,0x0000,0x0000,0x0000,
  0x0000,0x0000,0x0000,0x0000,0x0000,0x0000,0x0000,0x0000,0x0000,0x0000,0x0000,0x0000,0x0000,0x0000,0x0000,0x0000,
  0x0000,0x0000,0x0000,0x0000,0x630C,0x630C,0x630C,0x630C,0xD6BA,0xD6BA,0xD6BA,0xD6BA,0xD6BA,0xD6BA,0xD6BA,0xD6BA,
  0xD6BA,0xD6BA,0x630C,0x630C,0x630C,0x630C,0x0000,0x0000,0x0000,0x0000,0x0000,0x0000,0x0000,0x0000,0x0000,0x0000,
  0x0000,0x0000,0x0000,0x0000,0x0000,0x0000,0x0000,0x0000,0x0000,0x0000,0x0000,0x0000,0x0000,0x0000,0x0000,0x0000,
  0x0000,0x0000,0x0000,0x0000,0x0000,0x0000,0x0000,0x0000,0x0000,0x0000,0x0000,0x0000,0x0000,0x0000,0x0000,0x0000,
  0x0000,0x0000,0x0000,0x0000,0x630C,0x630C,0x630C,0x630C,0xD6BA,0xD6BA,0xD6BA,0xD6BA,0xD6BA,0xD6BA,0xD6BA,0xD6BA,
  0xD6BA,0xD6BA,0x630C,0x630C,0x630C,0x630C,0x0000,0x0000,0x0000,0x0000,0x0000,0x0000,0x0000,0x0000,0x0000,0x0000,
  0x0000,0x0000,0x0000,0x0000,0x0000,0x0000,0x0000,0x0000,0x0000,0x0000,0x0000,0x0000,0x0000,0x0000,0x0000,0x0000,
  0x0000,0x0000,0x0000,0x0000,0x0000,0x0000,0x0000,0x0000,0x0000,0x0000,0x0000,0x0000,0x0000,0x0000,0x0000,0x0000,
  0x0000,0x0000,0x0000,0x0000,0x630C,0x630C,0x630C,0x630C,0x630C,0x630C,0xD6BA,0xD6BA,0xD6BA,0xD6BA,0xD6BA,0xD6BA,
  0x630C,0x630C,0x630C,0x630C,0x630C,0x630C,0x0000,0x0000,0x0000,0x0000,0x0000,0x0000,0x0000,0x0000,0x0000,0x0000,
  0x0000,0x0000,0x0000,0x0000,0x630C,0x630C,0x630C,0x630C,0x0000,0x0000,0x0000,0x0000,0x0000,0x0000,0x0000,0x0000,
  0x0000,0x0000,0x0000,0x0000,0x0000,0x0000,0x0000,0x0000,0x0000,0x0000,0x0000,0x0000,0x0000,0x0000,0x0000,0x0000,
  0x0000,0x0000,0x0000,0x0000,0x630C,0x630C,0x630C,0x630C,0x630C,0x630C,0xD6BA,0xD6BA,0xD6BA,0xD6BA,0xD6BA,0xD6BA,
  0x630C,0x630C,0x630C,0x630C,0x630C,0x630C,0x0000,0x0000,0x0000,0x0000,0x0000,0x0000,0x0000,0x0000,0x0000,0x0000,
  0x0000,0x0000,0x0000,0x0000,0x630C,0x630C,0x630C,0x630C,0x0000,0x0000,0x0000,0x0000,0x0000,0x0000,0x0000,0x0000,
  0x0000,0x0000,0x0000,0x0000,0x0000,0x0000,0x0000,0x0000,0x0000,0x0000,0x0000,0x0000,0x0000,0x0000,0x0000,0x0000,
  0x0000,0x0000,0x0000,0x0000,0x630C,0x630C,0x630C,0x630C,0x630C,0x630C,0xD6BA,0xD6BA,0xD6BA,0xD6BA,0xD6BA,0xD6BA,
  0x630C,0x630C,0x630C,0x630C,0x630C,0x630C,0x0000,0x0000,0x0000,0x0000,0x0000,0x0000,0x0000,0x0000,0x0000,0x0000,
  0x0000,0x0000,0x0000,0x0000,0x4229,0x4229,0x4229,0x4229,0x630C,0x630C,0x0000,0x0000,0x0000,0x0000,0x0000,0x0000,
  0x0000,0x0000,0x0000,0x0000,0x0000,0x0000,0x0000,0x0000,0x0000,0x0000,0x0000,0x0000,0x0000,0x0000,0x0000,0x0000,
  0x0000,0x0000,0x0000,0x0000,0x630C,0x630C,0x630C,0x630C,0x630C,0x630C,0xD6BA,0xD6BA,0xD6BA,0xD6BA,0xD6BA,0xD6BA,
  0x630C,0x630C,0x630C,0x630C,0x630C,0x630C,0x0000,0x0000,0x0000,0x0000,0x0000,0x0000,0x0000,0x0000,0x0000,0x0000,
  0x0000,0x0000,0x0000,0x0000,0x4229,0x4229,0x4229,0x4229,0x630C,0x630C,0x0000,0x0000,0x0000,0x0000,0x0000,0x0000,
  0x0000,0x0000,0x0000,0x0000,0x0000,0x0000,0x0000,0x0000,0x0000,0x0000,0x0000,0x0000,0x0000,0x0000,0x0000,0x0000,
  0x0000,0x0000,0x0000,0x0000,0x630C,0x630C,0x630C,0x630C,0x0000,0x0000,0xD6BA,0xD6BA,0xD6BA,0xD6BA,0xD6BA,0xD6BA,
  0x0000,0x0000,0x630C,0x630C,0x630C,0x630C,0x0000,0x0000,0x630C,0x630C,0x0000,0x0000,0x0000,0x0000,0x0000,0x0000,
  0x0000,0x0000,0x0000,0x0000,0x0000,0x0000,0x630C,0x630C,0x630C,0x630C,0x0000,0x0000,0x0000,0x0000,0x0000,0x0000,
  0x0000,0x0000,0x0000,0x0000,0x0000,0x0000,0x0000,0x0000,0x0000,0x0000,0x0000,0x0000,0x0000,0x0000,0x0000,0x0000,
  0x0000,0x0000,0x0000,0x0000,0x630C,0x630C,0x630C,0x630C,0x0000,0x0000,0xD6BA,0xD6BA,0xD6BA,0xD6BA,0xD6BA,0xD6BA,
  0x0000,0x0000,0x630C,0x630C,0x630C,0x630C,0x0000,0x0000,0x630C,0x630C,0x0000,0x0000,0x0000,0x0000,0x0000,0x0000,
  0x0000,0x0000,0x0000,0x0000,0x0000,0x0000,0x630C,0x630C,0x630C,0x630C,0x0000,0x0000,0x0000,0x0000,0x0000,0x0000,
  0x0000,0x0000,0x0000,0x0000,0x0000,0x0000,0x0000,0x0000,0x0000,0x0000,0x0000,0x0000,0x0000,0x0000,0x0000,0x0000,
  0x0000,0x0000,0x0000,0x0000,0x630C,0x630C,0x630C,0x630C,0x630C,0x630C,0x0000,0x0000,0xD6BA,0xD6BA,0x0000,0x0000,
  0x630C,0x630C,0x630C,0x630C,0x630C,0x630C,0x0000,0x0000,0x630C,0x630C,0x4229,0x4229,0x630C,0x630C,0x0000,0x0000,
  0x0000,0x0000,0x0000,0x0000,0x0000,0x0000,0x4229,0x4229,0x630C,0x630C,0x0000,0x0000,0x0000,0x0000,0x0000,0x0000,
  0x0000,0x0000,0x0000,0x0000,0x0000,0x0000,0x0000,0x0000,0x0000,0x0000,0x0000,0x0000,0x0000,0x0000,0x0000,0x0000,
  0x0000,0x0000,0x0000,0x0000,0x630C,0x630C,0x630C,0x630C,0x630C,0x630C,0x0000,0x0000,0xD6BA,0xD6BA,0x0000,0x0000,
  0x630C,0x630C,0x630C,0x630C,0x630C,0x630C,0x0000,0x0000,0x630C,0x630C,0x4229,0x4229,0x630C,0x630C,0x0000,0x0000,
  0x0000,0x0000,0x0000,0x0000,0x0000,0x0000,0x4229,0x4229,0x630C,0x630C,0x0000,0x0000,0x0000,0x0000,0x0000,0x0000,
  0x0000,0x0000,0x0000,0x0000,0x0000,0x0000,0x0000,0x0000,0x0000,0x0000,0x0000,0x0000,0x0000,0x0000,0x0000,0x0000,
  0x0000,0x0000,0x0000,0x0000,0x0000,0x0000,0x630C,0x630C,0x630C,0x630C,0x630C,0x630C,0x0000,0x0000,0x630C,0x630C,
  0x630C,0x630C,0x630C,0x630C,0x0000,0x0000,0x0000,0x0000,0x630C,0x630C,0x4229,0x4229,0x630C,0x630C,0x0000,0x0000,
  0x0000,0x0000,0x0000,0x0000,0x0000,0x0000,0x630C,0x630C,0x630C,0x630C,0x0000,0x0000,0x0000,0x0000,0x0000,0x0000,
  0x0000,0x0000,0x0000,0x0000,0x0000,0x0000,0x0000,0x0000,0x0000,0x0000,0x0000,0x0000,0x0000,0x0000,0x0000,0x0000,
  0x0000,0x0000,0x0000,0x0000,0x0000,0x0000,0x630C,0x630C,0x630C,0x630C,0x630C,0x630C,0x0000,0x0000,0x630C,0x630C,
  0x630C,0x630C,0x630C,0x630C,0x0000,0x0000,0x0000,0x0000,0x630C,0x630C,0x4229,0x4229,0x630C,0x630C,0x0000,0x0000,
  0x0000,0x0000,0x0000,0x0000,0x0000,0x0000,0x630C,0x630C,0x630C,0x630C,0x0000,0x0000,0x0000,0x0000,0x0000,0x0000,
  0x0000,0x0000,0x0000,0x0000,0x0000,0x0000,0x0000,0x0000,0x0000,0x0000,0x0000,0x0000,0x0000,0x0000,0x0000,0x0000,
  0x0000,0x0000,0x0000,0x0000,0x0000,0x0000,0x630C,0x630C,0x630C,0x630C,0x630C,0x630C,0x0000,0x0000,0x630C,0x630C,
  0x630C,0x630C,0x630C,0x630C,0x0000,0x0000,0x630C,0x630C,0x630C,0x630C,0x630C,0x630C,0x630C,0x630C,0x4229,0x4229,
  0x0000,0x0000,0x0000,0x0000,0x630C,0x630C,0x630C,0x630C,0x0000,0x0000,0x0000,0x0000,0x0000,0x0000,0x0000,0x0000,
  0x0000,0x0000,0x0000,0x0000,0x0000,0x0000,0x0000,0x0000,0x0000,0x0000,0x0000,0x0000,0x0000,0x0000,0x0000,0x0000,
  0x0000,0x0000,0x0000,0x0000,0x0000,0x0000,0x630C,0x630C,0x630C,0x630C,0x630C,0x630C,0x0000,0x0000,0x630C,0x630C,
  0x630C,0x630C,0x630C,0x630C,0x0000,0x0000,0x630C,0x630C,0x630C,0x630C,0x630C,0x630C,0x630C,0x630C,0x4229,0x4229,
  0x0000,0x0000,0x0000,0x0000,0x630C,0x630C,0x630C,0x630C,0x0000,0x0000,0x0000,0x0000,0x0000,0x0000,0x0000,0x0000,
  0x0000,0x0000,0x0000,0x0000,0x0000,0x0000,0x0000,0x0000,0x0000,0x0000,0x0000,0x0000,0x0000,0x0000,0x0000,0x0000,
  0x0000,0x0000,0x0000,0x0000,0x0000,0x0000,0x630C,0x630C,0xD6BA,0xD6BA,0xD6BA,0xD6BA,0x0000,0x0000,0xD6BA,0xD6BA,
  0xD6BA,0xD6BA,0x630C,0x630C,0x630C,0x630C,0x0000,0x0000,0x630C,0x630C,0x630C,0x630C,0x630C,0x630C,0x4229,0x4229,
  0x0000,0x0000,0x630C,0x630C,0x630C,0x630C,0x0000,0x0000,0x0000,0x0000,0x0000,0x0000,0x0000,0x0000,0x0000,0x0000,
  0x0000,0x0000,0x0000,0x0000,0x0000,0x0000,0x0000,0x0000,0x0000,0x0000,0x0000,0x0000,0x0000,0x0000,0x0000,0x0000,
  0x0000,0x0000,0x0000,0x0000,0x0000,0x0000,0x630C,0x630C,0xD6BA,0xD6BA,0xD6BA,0xD6BA,0x0000,0x0000,0xD6BA,0xD6BA,
  0xD6BA,0xD6BA,0x630C,0x630C,0x630C,0x630C,0x0000,0x0000,0x630C,0x630C,0x630C,0x630C,0x630C,0x630C,0x4229,0x4229,
  0x0000,0x0000,0x630C,0x630C,0x630C,0x630C,0x0000,0x0000,0x0000,0x0000,0x0000,0x0000,0x0000,0x0000,0x0000,0x0000,
  0x0000,0x0000,0x0000,0x0000,0x0000,0x0000,0x0000,0x0000,0x0000,0x0000,0x0000,0x0000,0x0000,0x0000,0x0000,0x0000,
  0x0000,0x0000,0x0000,0x0000,0x630C,0x630C,0x630C,0x630C,0xD6BA,0xD6BA,0x0000,0x0000,0x0000,0x0000,0x0000,0x0000,
  0xD6BA,0xD6BA,0x630C,0x630C,0x630C,0x630C,0x0000,0x0000,0x630C,0x630C,0x630C,0x630C,0x630C,0x630C,0x630C,0x630C,
  0x0000,0x0000,0x630C,0x630C,0x0000,0x0000,0x0000,0x0000,0x0000,0x0000,0x0000,0x0000,0x0000,0x0000,0x0000,0x0000,
  0x0000,0x0000,0x0000,0x0000,0x0000,0x0000,0x0000,0x0000,0x0000,0x0000,0x0000,0x0000,0x0000,0x0000,0x0000,0x0000,
  0x0000,0x0000,0x0000,0x0000,0x630C,0x630C,0x630C,0x630C,0xD6BA,0xD6BA,0x0000,0x0000,0x0000,0x0000,0x0000,0x0000,
  0xD6BA,0xD6BA,0x630C,0x630C,0x630C,0x630C,0x0000,0x0000,0x630C,0x630C,0x630C,0x630C,0x630C,0x630C,0x630C,0x630C,
  0x0000,0x0000,0x630C,0x630C,0x0000,0x0000,0x0000,0x0000,0x0000,0x0000,0x0000,0x0000,0x0000,0x0000,0x0000,0x0000,
};

// catt-pet8.png (64x64)
static const uint16_t catt_pet8[4096] PROGMEM = {
  0x0000,0x0000,0x0000,0x0000,0x0000,0x0000,0x0000,0x0000,0x0000,0x0000,0x0000,0x0000,0x0000,0x0000,0x0000,0x0000,
  0x0000,0x0000,0x0000,0x0000,0x0000,0x0000,0x0000,0x0000,0x0000,0x0000,0x0000,0x0000,0x0000,0x0000,0x0000,0x0000,
  0x0000,0x0000,0x0000,0x0000,0x0000,0x0000,0x0000,0x0000,0x0000,0x0000,0x0000,0x0000,0x0000,0x0000,0x0000,0x0000,
  0x0000,0x0000,0x0000,0x0000,0x0000,0x0000,0x0000,0x0000,0x0000,0x0000,0x0000,0x0000,0x0000,0x0000,0x0000,0x0000,
  0x0000,0x0000,0x0000,0x0000,0x0000,0x0000,0x0000,0x0000,0x0000,0x0000,0x0000,0x0000,0x0000,0x0000,0x0000,0x0000,
  0x0000,0x0000,0x0000,0x0000,0x0000,0x0000,0x0000,0x0000,0x0000,0x0000,0x0000,0x0000,0x0000,0x0000,0x0000,0x0000,
  0x0000,0x0000,0x0000,0x0000,0x0000,0x0000,0x0000,0x0000,0x0000,0x0000,0x0000,0x0000,0x0000,0x0000,0x0000,0x0000,
  0x0000,0x0000,0x0000,0x0000,0x0000,0x0000,0x0000,0x0000,0x0000,0x0000,0x0000,0x0000,0x0000,0x0000,0x0000,0x0000,
  0x0000,0x0000,0x0000,0x0000,0x0000,0x0000,0x0000,0x0000,0x0000,0x0000,0x0000,0x0000,0x0000,0x0000,0x0000,0x0000,
  0x0000,0x0000,0x0000,0x0000,0x0000,0x0000,0x0000,0x0000,0x0000,0x0000,0x0000,0x0000,0x0000,0x0000,0x0000,0x0000,
  0x0000,0x0000,0x0000,0x0000,0x0000,0x0000,0x0000,0x0000,0x0000,0x0000,0x0000,0x0000,0x0000,0x0000,0x0000,0x0000,
  0x0000,0x0000,0x0000,0x0000,0x0000,0x0000,0x0000,0x0000,0x0000,0x0000,0x0000,0x0000,0x0000,0x0000,0x0000,0x0000,
  0x0000,0x0000,0x0000,0x0000,0x0000,0x0000,0x0000,0x0000,0x0000,0x0000,0x0000,0x0000,0x0000,0x0000,0x0000,0x0000,
  0x0000,0x0000,0x0000,0x0000,0x0000,0x0000,0x0000,0x0000,0x0000,0x0000,0x0000,0x0000,0x0000,0x0000,0x0000,0x0000,
  0x0000,0x0000,0x0000,0x0000,0x0000,0x0000,0x0000,0x0000,0x0000,0x0000,0x0000,0x0000,0x0000,0x0000,0x0000,0x0000,
  0x0000,0x0000,0x0000,0x0000,0x0000,0x0000,0x0000,0x0000,0x0000,0x0000,0x0000,0x0000,0x0000,0x0000,0x0000,0x0000,
  0x0000,0x0000,0x0000,0x0000,0x0000,0x0000,0x0000,0x0000,0x0000,0x0000,0x0000,0x0000,0x0000,0x0000,0x0000,0x0000,
  0x0000,0x0000,0x0000,0x0000,0x0000,0x0000,0x0000,0x0000,0x0000,0x0000,0x0000,0x0000,0x0000,0x0000,0x0000,0x0000,
  0x0000,0x0000,0x0000,0x0000,0x0000,0x0000,0x0000,0x0000,0x0000,0x0000,0x0000,0x0000,0x0000,0x0000,0x0000,0x0000,
  0x0000,0x0000,0x0000,0x0000,0x0000,0x0000,0x0000,0x0000,0x0000,0x0000,0x0000,0x0000,0x0000,0x0000,0x0000,0x0000,
  0x0000,0x0000,0x0000,0x0000,0x0000,0x0000,0x0000,0x0000,0x0000,0x0000,0x0000,0x0000,0x0000,0x0000,0x0000,0x0000,
  0x0000,0x0000,0x0000,0x0000,0x0000,0x0000,0x0000,0x0000,0x0000,0x0000,0x0000,0x0000,0x0000,0x0000,0x0000,0x0000,
  0x0000,0x0000,0x0000,0x0000,0x0000,0x0000,0x0000,0x0000,0x0000,0x0000,0x0000,0x0000,0x0000,0x0000,0x0000,0x0000,
  0x0000,0x0000,0x0000,0x0000,0x0000,0x0000,0x0000,0x0000,0x0000,0x0000,0x0000,0x0000,0x0000,0x0000,0x0000,0x0000,
  0x0000,0x0000,0x0000,0x0000,0x0000,0x0000,0x0000,0x0000,0x0000,0x0000,0x0000,0x0000,0x0000,0x0000,0x0000,0x0000,
  0x0000,0x0000,0x0000,0x0000,0x0000,0x0000,0x0000,0x0000,0x0000,0x0000,0x0000,0x0000,0x0000,0x0000,0x0000,0x0000,
  0x0000,0x0000,0x0000,0x0000,0x0000,0x0000,0x0000,0x0000,0x0000,0x0000,0x0000,0x0000,0x0000,0x0000,0x0000,0x0000,
  0x0000,0x0000,0x0000,0x0000,0x0000,0x0000,0x0000,0x0000,0x0000,0x0000,0x0000,0x0000,0x0000,0x0000,0x0000,0x0000,
  0x0000,0x0000,0x0000,0x0000,0x0000,0x0000,0x0000,0x0000,0x0000,0x0000,0x0000,0x0000,0x0000,0x0000,0x0000,0x0000,
  0x0000,0x0000,0x0000,0x0000,0x0000,0x0000,0x0000,0x0000,0x0000,0x0000,0x0000,0x0000,0x0000,0x0000,0x0000,0x0000,
  0x0000,0x0000,0x0000,0x0000,0x0000,0x0000,0x0000,0x0000,0x0000,0x0000,0x0000,0x0000,0x0000,0x0000,0x0000,0x0000,
  0x0000,0x0000,0x0000,0x0000,0x0000,0x0000,0x0000,0x0000,0x0000,0x0000,0x0000,0x0000,0x0000,0x0000,0x0000,0x0000,
  0x0000,0x0000,0x0000,0x0000,0x0000,0x0000,0x0000,0x0000,0x0000,0x0000,0x0000,0x0000,0x0000,0x0000,0x0000,0x0000,
  0x0000,0x0000,0x0000,0x0000,0x0000,0x0000,0x0000,0x0000,0x0000,0x0000,0x0000,0x0000,0x0000,0x0000,0x0000,0x0000,
  0x0000,0x0000,0x0000,0x0000,0x0000,0x0000,0x0000,0x0000,0x0000,0x0000,0x0000,0x0000,0x0000,0x0000,0x0000,0x0000,
  0x0000,0x0000,0x0000,0x0000,0x0000,0x0000,0x0000,0x0000,0x0000,0x0000,0x0000,0x0000,0x0000,0x0000,0x0000,0x0000,
  0x0000,0x0000,0x0000,0x0000,0x0000,0x0000,0x0000,0x0000,0x0000,0x0000,0x0000,0x0000,0x0000,0x0000,0x0000,0x0000,
  0x0000,0x0000,0x0000,0x0000,0x0000,0x0000,0x0000,0x0000,0x0000,0x0000,0x0000,0x0000,0x0000,0x0000,0x0000,0x0000,
  0x0000,0x0000,0x0000,0x0000,0x0000,0x0000,0x0000,0x0000,0x0000,0x0000,0x0000,0x0000,0x0000,0x0000,0x0000,0x0000,
  0x0000,0x0000,0x0000,0x0000,0x0000,0x0000,0x0000,0x0000,0x0000,0x0000,0x0000,0x0000,0x0000,0x0000,0x0000,0x0000,
  0x0000,0x0000,0x0000,0x0000,0x0000,0x0000,0x0000,0x0000,0x0000,0x0000,0x0000,0x0000,0x0000,0x0000,0x630C,0x630C,
  0x630C,0x630C,0x0000,0x0000,0x0000,0x0000,0x0000,0x0000,0x0000,0x0000,0x0000,0x0000,0x0000,0x0000,0x0000,0x0000,
  0x0000,0x0000,0x0000,0x0000,0x0000,0x0000,0x0000,0x0000,0x630C,0x630C,0x630C,0x630C,0x0000,0x0000,0x0000,0x0000,
  0x0000,0x0000,0x0000,0x0000,0x0000,0x0000,0x0000,0x0000,0x0000,0x0000,0x0000,0x0000,0x0000,0x0000,0x0000,0x0000,
  0x0000,0x0000,0x0000,0x0000,0x0000,0x0000,0x0000,0x0000,0x0000,0x0000,0x0000,0x0000,0x0000,0x0000,0x630C,0x630C,
  0x630C,0x630C,0x0000,0x0000,0x0000,0x0000,0x0000,0x0000,0x0000,0x0000,0x0000,0x0000,0x0000,0x0000,0x0000,0x0000,
  0x0000,0x0000,0x0000,0x0000,0x0000,0x0000,0x0000,0x0000,0x630C,0x630C,0x630C,0x630C,0x0000,0x0000,0x0000,0x0000,
  0x0000,0x0000,0x0000,0x0000,0x0000,0x0000,0x0000,0x0000,0x0000,0x0000,0x0000,0x0000,0x0000,0x0000,0x0000,0x0000,
  0x0000,0x0000,0x0000,0x0000,0x0000,0x0000,0x0000,0x0000,0x0000,0x0000,0x0000,0x0000,0xEBF1,0xEBF1,0x0000,0x0000,
  0x630C,0x630C,0x630C,0x630C,0x0000,0x0000,0x0000,0x0000,0x0000,0x0000,0x0000,0x0000,0x0000,0x0000,0x0000,0x0000,
  0x0000,0x0000,0x0000,0x0000,0x0000,0x0000,0x630C,0x630C,0x630C,0x630C,0x0000,0x0000,0xEBF1,0xEBF1,0x0000,0x0000,
  0x0000,0x0000,0x0000,0x0000,0x0000,0x0000,0x0000,0x0000,0x0000,0x0000,0x0000,0x0000,0x0000,0x0000,0x0000,0x0000,
  0x0000,0x0000,0x0000,0x0000,0x0000,0x0000,0x0000,0x0000,0x0000,0x0000,0x0000,0x0000,0xEBF1,0xEBF1,0x0000,0x0000,
  0x630C,0x630C,0x630C,0x630C,0x0000,0x0000,0x0000,0x0000,0x0000,0x0000,0x0000,0x0000,0x0000,0x0000,0x0000,0x0000,
  0x0000,0x0000,0x0000,0x0000,0x0000,0x0000,0x630C,0x630C,0x630C,0x630C,0x0000,0x0000,0xEBF1,0xEBF1,0x0000,0x0000,
  0x0000,0x0000,0x0000,0x0000,0x0000,0x0000,0x0000,0x0000,0x0000,0x0000,0x0000,0x0000,0x0000,0x0000,0x0000,0x0000,
  0x0000,0x0000,0x0000,0x0000,0x0000,0x0000,0x0000,0x0000,0x0000,0x0000,0x0000,0x0000,0xEBF1,0xEBF1,0x0000,0x0000,
  0x630C,0x630C,0x630C,0x630C,0x630C,0x630C,0x0000,0x0000,0x0000,0x0000,0x0000,0x0000,0x0000,0x0000,0x0000,0x0000,
  0x0000,0x0000,0x0000,0x0000,0x630C,0x630C,0x630C,0x630C,0x630C,0x630C,0x0000,0x0000,0xEBF1,0xEBF1,0x0000,0x0000,
  0x0000,0x0000,0x0000,0x0000,0x0000,0x0000,0x0000,0x0000,0x0000,0x0000,0x0000,0x0000,0x0000,0x0000,0x0000,0x0000,
  0x0000,0x0000,0x0000,0x0000,0x0000,0x0000,0x0000,0x0000,0x0000,0x0000,0x0000,0x0000,0xEBF1,0xEBF1,0x0000,0x0000,
  0x630C,0x630C,0x630C,0x630C,0x630C,0x630C,0x0000,0x0000,0x0000,0x0000,0x0000,0x0000,0x0000,0x0000,0x0000,0x0000,
  0x0000,0x0000,0x0000,0x0000,0x630C,0x630C,0x630C,0x630C,0x630C,0x630C,0x0000,0x0000,0xEBF1,0xEBF1,0x0000,0x0000,
  0x0000,0x0000,0x0000,0x0000,0x0000,0x0000,0x0000,0x0000,0x0000,0x0000,0x0000,0x0000,0x0000,0x0000,0x0000,0x0000,
  0x0000,0x0000,0x0000,0x0000,0x0000,0x0000,0x0000,0x0000,0x0000,0x0000,0x0000,0x0000,0xEBF1,0xEBF1,0xEBF1,0xEBF1,
  0x0000,0x0000,0x630C,0x630C,0x630C,0x630C,0x4229,0x4229,0x630C,0x630C,0x4229,0x4229,0x4229,0x4229,0x4229,0x4229,
  0x630C,0x630C,0x4229,0x4229,0x630C,0x630C,0x630C,0x630C,0x630C,0x630C,0xEBF1,0xEBF1,0xEBF1,0xEBF1,0x0000,0x0000,
  0x0000,0x0000,0x0000,0x0000,0x0000,0x0000,0x0000,0x0000,0x0000,0x0000,0x0000,0x0000,0x0000,0x0000,0x0000,0x0000,
  0x0000,0x0000,0x0000,0x0000,0x0000,0x0000,0x0000,0x0000,0x0000,0x0000,0x0000,0x0000,0xEBF1,0xEBF1,0xEBF1,0xEBF1,
  0x0000,0x0000,0x630C,0x630C,0x630C,0x630C,0x4229,0x4229,0x630C,0x630C,0x4229,0x4229,0x4229,0x4229,0x4229,0x4229,
  0x630C,0x630C,0x4229,0x4229,0x630C,0x630C,0x630C,0x630C,0x630C,0x630C,0xEBF1,0xEBF1,0xEBF1,0xEBF1,0x0000,0x0000,
  0x0000,0x0000,0x0000,0x0000,0x0000,0x0000,0x0000,0x0000,0x0000,0x0000,0x0000,0x0000,0x0000,0x0000,0x0000,0x0000,
  0x0000,0x0000,0x0000,0x0000,0x0000,0x0000,0x0000,0x0000,0x0000,0x0000,0x0000,0x0000,0xEBF1,0xEBF1,0xEBF1,0xEBF1,
  0x0000,0x0000,0x630C,0x630C,0x630C,0x630C,0x4229,0x4229,0x630C,0x630C,0x4229,0x4229,0x4229,0x4229,0x4229,0x4229,
  0x630C,0x630C,0x4229,0x4229,0x630C,0x630C,0x630C,0x630C,0xEBF1,0xEBF1,0xEBF1,0xEBF1,0xEBF1,0xEBF1,0x0000,0x0000,
  0x0000,0x0000,0x0000,0x0000,0x0000,0x0000,0x0000,0x0000,0x0000,0x0000,0x0000,0x0000,0x0000,0x0000,0x0000,0x0000,
  0x0000,0x0000,0x0000,0x0000,0x0000,0x0000,0x0000,0x0000,0x0000,0x0000,0x0000,0x0000,0xEBF1,0xEBF1,0xEBF1,0xEBF1,
  0x0000,0x0000,0x630C,0x630C,0x630C,0x630C,0x4229,0x4229,0x630C,0x630C,0x4229,0x4229,0x4229,0x4229,0x4229,0x4229,
  0x630C,0x630C,0x4229,0x4229,0x630C,0x630C,0x630C,0x630C,0xEBF1,0xEBF1,0xEBF1,0xEBF1,0xEBF1,0xEBF1,0x0000,0x0000,
  0x0000,0x0000,0x0000,0x0000,0x0000,0x0000,0x0000,0x0000,0x0000,0x0000,0x0000,0x0000,0x0000,0x0000,0x0000,0x0000,
  0x0000,0x0000,0x0000,0x0000,0x0000,0x0000,0x0000,0x0000,0x0000,0x0000,0x0000,0x0000,0xEBF1,0xEBF1,0xEBF1,0xEBF1,
  0x630C,0x630C,0x630C,0x630C,0x630C,0x630C,0x630C,0x630C,0x630C,0x630C,0x630C,0x630C,0x4229,0x4229,0x630C,0x630C,
  0x630C,0x630C,0x630C,0x630C,0x630C,0x630C,0x630C,0x630C,0x0000,0x0000,0xEBF1,0xEBF1,0x0000,0x0000,0x0000,0x0000,
  0x0000,0x0000,0x0000,0x0000,0x0000,0x0000,0x0000,0x0000,0x0000,0x0000,0x0000,0x0000,0x0000,0x0000,0x0000,0x0000,
  0x0000,0x0000,0x0000,0x0000,0x0000,0x0000,0x0000,0x0000,0x0000,0x0000,0x0000,0x0000,0xEBF1,0xEBF1,0xEBF1,0xEBF1,
  0x630C,0x630C,0x630C,0x630C,0x630C,0x630C,0x630C,0x630C,0x630C,0x630C,0x630C,0x630C,0x4229,0x4229,0x630C,0x630C,
  0x630C,0x630C,0x630C,0x630C,0x630C,0x630C,0x630C,0x630C,0x0000,0x0000,0xEBF1,0xEBF1,0x0000,0x0000,0x0000,0x0000,
  0x0000,0x0000,0x0000,0x0000,0x0000,0x0000,0x0000,0x0000,0x0000,0x0000,0x0000,0x0000,0x0000,0x0000,0x0000,0x0000,
  0x0000,0x0000,0x0000,0x0000,0x0000,0x0000,0x0000,0x0000,0x0000,0x0000,0x0000,0x0000,0x0000,0x0000,0x630C,0x630C,
  0x630C,0x630C,0x630C,0x630C,0x0000,0x0000,0x0000,0x0000,0x0000,0x0000,0x630C,0x630C,0x4229,0x4229,0x630C,0x630C,
  0x0000,0x0000,0x0000,0x0000,0x0000,0x0000,0x630C,0x630C,0x630C,0x630C,0x0000,0x0000,0x0000,0x0000,0x0000,0x0000,
  0x0000,0x0000,0x0000,0x0000,0x0000,0x0000,0x0000,0x0000,0x0000,0x0000,0x0000,0x0000,0x0000,0x0000,0x0000,0x0000,
  0x0000,0x0000,0x0000,0x0000,0x0000,0x0000,0x0000,0x0000,0x0000,0x0000,0x0000,0x0000,0x0000,0x0000,0x630C,0x630C,
  0x630C,0x630C,0x630C,0x630C,0x0000,0x0000,0x0000,0x0000,0x0000,0x0000,0x630C,0x630C,0x4229,0x4229,0x630C,0x630C,
  0x0000,0x0000,0x0000,0x0000,0x0000,0x0000,0x630C,0x630C,0x630C,0x630C,0x0000,0x0000,0x0000,0x0000,0x0000,0x0000,
  0x0000,0x0000,0x0000,0x0000,0x0000,0x0000,0x0000,0x0000,0x0000,0x0000,0x0000,0x0000,0x0000,0x0000,0x0000,0x0000,
  0x0000,0x0000,0x0000,0x0000,0x0000,0x0000,0x0000,0x0000,0x0000,0x0000,0x0000,0x0000,0x0000,0x0000,0x630C,0x630C,
  0x630C,0x630C,0x0000,0x0000,0x9F2A,0x9F2A,0x0000,0x0000,0x9F2A,0x9F2A,0x630C,0x630C,0x630C,0x630C,0x630C,0x630C,
  0x9F2A,0x9F2A,0x0000,0x0000,0x9F2A,0x9F2A,0x0000,0x0000,0x630C,0x630C,0x630C,0x630C,0x0000,0x0000,0x0000,0x0000,
  0x0000,0x0000,0x0000,0x0000,0x0000,0x0000,0x0000,0x0000,0x0000,0x0000,0x0000,0x0000,0x0000,0x0000,0x0000,0x0000,
  0x0000,0x0000,0x0000,0x0000,0x0000,0x0000,0x0000,0x0000,0x0000,0x0000,0x0000,0x0000,0x0000,0x0000,0x630C,0x630C,
  0x630C,0x630C,0x0000,0x0000,0x9F2A,0x9F2A,0x0000,0x0000,0x9F2A,0x9F2A,0x630C,0x630C,0x630C,0x630C,0x630C,0x630C,
  0x9F2A,0x9F2A,0x0000,0x0000,0x9F2A,0x9F2A,0x0000,0x0000,0x630C,0x630C,0x630C,0x630C,0x0000,0x0000,0x0000,0x0000,
  0x0000,0x0000,0x0000,0x0000,0x0000,0x0000,0x0000,0x0000,0x0000,0x0000,0x0000,0x0000,0x0000,0x0000,0x0000,0x0000,
  0x0000,0x0000,0x0000,0x0000,0x0000,0x0000,0x0000,0x0000,0x0000,0x0000,0x0000,0x0000,0x0000,0x0000,0x630C,0x630C,
  0x630C,0x630C,0x0000,0x0000,0x9F2A,0x9F2A,0x0000,0x0000,0x9F2A,0x9F2A,0x630C,0x630C,0x630C,0x630C,0x630C,0x630C,
  0x9F2A,0x9F2A,0x0000,0x0000,0x9F2A,0x9F2A,0x0000,0x0000,0x630C,0x630C,0x630C,0x630C,0x0000,0x0000,0x0000,0x0000,
  0x0000,0x0000,0x0000,0x0000,0x0000,0x0000,0x0000,0x0000,0x0000,0x0000,0x0000,0x0000,0x0000,0x0000,0x0000,0x0000,
  0x0000,0x0000,0x0000,0x0000,0x0000,0x0000,0x0000,0x0000,0x0000,0x0000,0x0000,0x0000,0x0000,0x0000,0x630C,0x630C,
  0x630C,0x630C,0x0000,0x0000,0x9F2A,0x9F2A,0x0000,0x0000,0x9F2A,0x9F2A,0x630C,0x630C,0x630C,0x630C,0x630C,0x630C,
  0x9F2A,0x9F2A,0x0000,0x0000,0x9F2A,0x9F2A,0x0000,0x0000,0x630C,0x630C,0x630C,0x630C,0x0000,0x0000,0x0000,0x0000,
  0x0000,0x0000,0x0000,0x0000,0x0000,0x0000,0x0000,0x0000,0x0000,0x0000,0x0000,0x0000,0x0000,0x0000,0x0000,0x0000,
  0x0000,0x0000,0x0000,0x0000,0x0000,0x0000,0x0000,0x0000,0xFFFF,0xFFFF,0xFFFF,0xFFFF,0x630C,0x630C,0x630C,0x630C,
  0x630C,0x630C,0x630C,0x630C,0x630C,0x630C,0x630C,0x630C,0xD6BA,0xD6BA,0xD6BA,0xD6BA,0xD6BA,0xD6BA,0xD6BA,0xD6BA,
  0xD6BA,0xD6BA,0x630C,0x630C,0x630C,0x630C,0x630C,0x630C,0x630C,0x630C,0x630C,0x630C,0xFFFF,0xFFFF,0xFFFF,0xFFFF,
  0xFFFF,0xFFFF,0x0000,0x0000,0x0000,0x0000,0x0000,0x0000,0x0000,0x0000,0x0000,0x0000,0x0000,0x0000,0x0000,0x0000,
  0x0000,0x0000,0x0000,0x0000,0x0000,0x0000,0x0000,0x0000,0xFFFF,0xFFFF,0xFFFF,0xFFFF,0x630C,0x630C,0x630C,0x630C,
  0x630C,0x630C,0x630C,0x630C,0x630C,0x630C,0x630C,0x630C,0xD6BA,0xD6BA,0xD6BA,0xD6BA,0xD6BA,0xD6BA,0xD6BA,0xD6BA,
  0xD6BA,0xD6BA,0x630C,0x630C,0x630C,0x630C,0x630C,0x630C,0x630C,0x630C,0x630C,0x630C,0xFFFF,0xFFFF,0xFFFF,0xFFFF,
  0xFFFF,0xFFFF,0x0000,0x0000,0x0000,0x0000,0x0000,0x0000,0x0000,0x0000,0x0000,0x0000,0x0000,0x0000,0x0000,0x0000,
  0x0000,0x0000,0x0000,0x0000,0x0000,0x0000,0x0000,0x0000,0x0000,0x0000,0x0000,0x0000,0xFFFF,0xFFFF,0xFFFF,0xFFFF,
  0x630C,0x630C,0x630C,0x630C,0x630C,0x630C,0xD6BA,0xD6BA,0xD6BA,0xD6BA,0xEBF1,0xEBF1,0xEBF1,0xEBF1,0xEBF1,0xEBF1,
  0xD6BA,0xD6BA,0xD6BA,0xD6BA,0x630C,0x630C,0x630C,0x630C,0xFFFF,0xFFFF,0xFFFF,0xFFFF,0xFFFF,0xFFFF,0x0000,0x0000,
  0x0000,0x0000,0x0000,0x0000,0x0000,0x0000,0x0000,0x0000,0x0000,0x0000,0x0000,0x0000,0x0000,0x0000,0x0000,0x0000,
  0x0000,0x0000,0x0000,0x0000,0x0000,0x0000,0x0000,0x0000,0x0000,0x0000,0x0000,0x0000,0xFFFF,0xFFFF,0xFFFF,0xFFFF,
  0x630C,0x630C,0x630C,0x630C,0x630C,0x630C,0xD6BA,0xD6BA,0xD6BA,0xD6BA,0xEBF1,0xEBF1,0xEBF1,0xEBF1,0xEBF1,0xEBF1,
  0xD6BA,0xD6BA,0xD6BA,0xD6BA,0x630C,0x630C,0x630C,0x630C,0xFFFF,0xFFFF,0xFFFF,0xFFFF,0xFFFF,0xFFFF,0x0000,0x0000,
  0x0000,0x0000,0x0000,0x0000,0x0000,0x0000,0x0000,0x0000,0x0000,0x0000,0x0000,0x0000,0x0000,0x0000,0x0000,0x0000,
  0x0000,0x0000,0x0000,0x0000,0x0000,0x0000,0x0000,0x0000,0x0000,0x0000,0x0000,0x0000,0x630C,0x630C,0x630C,0x630C,
  0x630C,0x630C,0x630C,0x630C,0xD6BA,0xD6BA,0xD6BA,0xD6BA,0xD6BA,0xD6BA,0xD6BA,0xD6BA,0x0000,0x0000,0xD6BA,0xD6BA,
  0xD6BA,0xD6BA,0xD6BA,0xD6BA,0xD6BA,0xD6BA,0x630C,0x630C,0x630C,0x630C,0x630C,0x630C,0x630C,0x630C,0x0000,0x0000,
  0x0000,0x0000,0x0000,0x0000,0x0000,0x0000,0x0000,0x0000,0x0000,0x0000,0x0000,0x0000,0x0000,0x0000,0x0000,0x0000,
  0x0000,0x0000,0x0000,0x0000,0x0000,0x0000,0x0000,0x0000,0x0000,0x0000,0x0000,0x0000,0x630C,0x630C,0x630C,0x630C,
  0x630C,0x630C,0x630C,0x630C,0xD6BA,0xD6BA,0xD6BA,0xD6BA,0xD6BA,0xD6BA,0xD6BA,0xD6BA,0x0000,0x0000,0xD6BA,0xD6BA,
  0xD6BA,0xD6BA,0xD6BA,0xD6BA,0xD6BA,0xD6BA,0x630C,0x630C,0x630C,0x630C,0x630C,0x630C,0x630C,0x630C,0x0000,0x0000,
  0x0000,0x0000,0x0000,0x0000,0x0000,0x0000,0x0000,0x0000,0x0000,0x0000,0x0000,0x0000,0x0000,0x0000,0x0000,0x0000,
  0x0000,0x0000,0x0000,0x0000,0x0000,0x0000,0x0000,0x0000,0x0000,0x0000,0xFFFF,0xFFFF,0xFFFF,0xFFFF,0xFFFF,0xFFFF,
  0x630C,0x630C,0xD6BA,0xD6BA,0xD6BA,0xD6BA,0xD6BA,0xD6BA,0xD6BA,0xD6BA,0x0000,0x0000,0xD6BA,0xD6BA,0x0000,0x0000,
  0xD6BA,0xD6BA,0xD6BA,0xD6BA,0xD6BA,0xD6BA,0xD6BA,0xD6BA,0xFFFF,0xFFFF,0xFFFF,0xFFFF,0xFFFF,0xFFFF,0x0000,0x0000,
  0x0000,0x0000,0x0000,0x0000,0x0000,0x0000,0x0000,0x0000,0x0000,0x0000,0x0000,0x0000,0x0000,0x0000,0x0000,0x0000,
  0x0000,0x0000,0x0000,0x0000,0x0000,0x0000,0x0000,0x0000,0x0000,0x0000,0xFFFF,0xFFFF,0xFFFF,0xFFFF,0xFFFF,0xFFFF,
  0x630C,0x630C,0xD6BA,0xD6BA,0xD6BA,0xD6BA,0xD6BA,0xD6BA,0xD6BA,0xD6BA,0x0000,0x0000,0xD6BA,0xD6BA,0x0000,0x0000,
  0xD6BA,0xD6BA,0xD6BA,0xD6BA,0xD6BA,0xD6BA,0xD6BA,0xD6BA,0xFFFF,0xFFFF,0xFFFF,0xFFFF,0xFFFF,0xFFFF,0x0000,0x0000,
  0x0000,0x0000,0x0000,0x0000,0x0000,0x0000,0x0000,0x0000,0x0000,0x0000,0x0000,0x0000,0x0000,0x0000,0x0000,0x0000,
  0x0000,0x0000,0x0000,0x0000,0x0000,0x0000,0x0000,0x0000,0x0000,0x0000,0x0000,0x0000,0x0000,0x0000,0x0000,0x0000,
  0xD6BA,0xD6BA,0xD6BA,0xD6BA,0xD6BA,0xD6BA,0xD6BA,0xD6BA,0xD6BA,0xD6BA,0xD6BA,0xD6BA,0xD6BA,0xD6BA,0xD6BA,0xD6BA,
  0xD6BA,0xD6BA,0xD6BA,0xD6BA,0xD6BA,0xD6BA,0xD6BA,0xD6BA,0xD6BA,0xD6BA,0x0000,0x0000,0x0000,0x0000,0x0000,0x0000,
  0x0000,0x0000,0x0000,0x0000,0x0000,0x0000,0x0000,0x0000,0x0000,0x0000,0x0000,0x0000,0x0000,0x0000,0x0000,0x0000,
  0x0000,0x0000,0x0000,0x0000,0x0000,0x0000,0x0000,0x0000,0x0000,0x0000,0x0000,0x0000,0x0000,0x0000,0x0000,0x0000,
  0xD6BA,0xD6BA,0xD6BA,0xD6BA,0xD6BA,0xD6BA,0xD6BA,0xD6BA,0xD6BA,0xD6BA,0xD6BA,0xD6BA,0xD6BA,0xD6BA,0xD6BA,0xD6BA,
  0xD6BA,0xD6BA,0xD6BA,0xD6BA,0xD6BA,0xD6BA,0xD6BA,0xD6BA,0xD6BA,0xD6BA,0x0000,0x0000,0x0000,0x0000,0x0000,0x0000,
  0x0000,0x0000,0x0000,0x0000,0x0000,0x0000,0x0000,0x0000,0x0000,0x0000,0x0000,0x0000,0x0000,0x0000,0x0000,0x0000,
  0x0000,0x0000,0x0000,0x0000,0x0000,0x0000,0x0000,0x0000,0x0000,0x0000,0x0000,0x0000,0x0000,0x0000,0x0000,0x0000,
  0xFFFF,0xFFFF,0xD6BA,0xD6BA,0xD6BA,0xD6BA,0xD6BA,0xD6BA,0xD6BA,0xD6BA,0xD6BA,0xD6BA,0xD6BA,0xD6BA,0xD6BA,0xD6BA,
  0xD6BA,0xD6BA,0xD6BA,0xD6BA,0xD6BA,0xD6BA,0xD6BA,0xD6BA,0xFFFF,0xFFFF,0x0000,0x0000,0x0000,0x0000,0x0000,0x0000,
  0x0000,0x0000,0x0000,0x0000,0x0000,0x0000,0x0000,0x0000,0x0000,0x0000,0x0000,0x0000,0x0000,0x0000,0x0000,0x0000,
  0x0000,0x0000,0x0000,0x0000,0x0000,0x0000,0x0000,0x0000,0x0000,0x0000,0x0000,0x0000,0x0000,0x0000,0x0000,0x0000,
  0xFFFF,0xFFFF,0xD6BA,0xD6BA,0xD6BA,0xD6BA,0xD6BA,0xD6BA,0xD6BA,0xD6BA,0xD6BA,0xD6BA,0xD6BA,0xD6BA,0xD6BA,0xD6BA,
  0xD6BA,0xD6BA,0xD6BA,0xD6BA,0xD6BA,0xD6BA,0xD6BA,0xD6BA,0xFFFF,0xFFFF,0x0000,0x0000,0x0000,0x0000,0x0000,0x0000,
  0x0000,0x0000,0x0000,0x0000,0x0000,0x0000,0x0000,0x0000,0x0000,0x0000,0x0000,0x0000,0x0000,0x0000,0x0000,0x0000,
  0x0000,0x0000,0x0000,0x0000,0x0000,0x0000,0x0000,0x0000,0x0000,0x0000,0x0000,0x0000,0x0000,0x0000,0xFFFF,0xFFFF,
  0x0000,0x0000,0x0000,0x0000,0x0000,0x0000,0x0000,0x0000,0xD6BA,0xD6BA,0xD6BA,0xD6BA,0xD6BA,0xD6BA,0xD6BA,0xD6BA,
  0xD6BA,0xD6BA,0x0000,0x0000,0x0000,0x0000,0x0000,0x0000,0x0000,0x0000,0xFFFF,0xFFFF,0x0000,0x0000,0x0000,0x0000,
  0x0000,0x0000,0x0000,0x0000,0x0000,0x0000,0x0000,0x0000,0x0000,0x0000,0x0000,0x0000,0x0000,0x0000,0x0000,0x0000,
  0x0000,0x0000,0x0000,0x0000,0x0000,0x0000,0x0000,0x0000,0x0000,0x0000,0x0000,0x0000,0x0000,0x0000,0xFFFF,0xFFFF,
  0x0000,0x0000,0x0000,0x0000,0x0000,0x0000,0x0000,0x0000,0xD6BA,0xD6BA,0xD6BA,0xD6BA,0xD6BA,0xD6BA,0xD6BA,0xD6BA,
  0xD6BA,0xD6BA,0x0000,0x0000,0x0000,0x0000,0x0000,0x0000,0x0000,0x0000,0xFFFF,0xFFFF,0x0000,0x0000,0x0000,0x0000,
  0x0000,0x0000,0x0000,0x0000,0x0000,0x0000,0x0000,0x0000,0x0000,0x0000,0x0000,0x0000,0x0000,0x0000,0x0000,0x0000,
  0x0000,0x0000,0x0000,0x0000,0x0000,0x0000,0x0000,0x0000,0x0000,0x0000,0x0000,0x0000,0x0000,0x0000,0x0000,0x0000,
  0x0000,0x0000,0x0000,0x0000,0x630C,0x630C,0x630C,0x630C,0x0000,0x0000,0x0000,0x0000,0x0000,0x0000,0x0000,0x0000,
  0x0000,0x0000,0x630C,0x630C,0x630C,0x630C,0x0000,0x0000,0x0000,0x0000,0x0000,0x0000,0x0000,0x0000,0x0000,0x0000,
  0x0000,0x0000,0x0000,0x0000,0x0000,0x0000,0x0000,0x0000,0x0000,0x0000,0x0000,0x0000,0x0000,0x0000,0x0000,0x0000,
  0x0000,0x0000,0x0000,0x0000,0x0000,0x0000,0x0000,0x0000,0x0000,0x0000,0x0000,0x0000,0x0000,0x0000,0x0000,0x0000,
  0x0000,0x0000,0x0000,0x0000,0x630C,0x630C,0x630C,0x630C,0x0000,0x0000,0x0000,0x0000,0x0000,0x0000,0x0000,0x0000,
  0x0000,0x0000,0x630C,0x630C,0x630C,0x630C,0x0000,0x0000,0x0000,0x0000,0x0000,0x0000,0x0000,0x0000,0x0000,0x0000,
  0x0000,0x0000,0x0000,0x0000,0x0000,0x0000,0x0000,0x0000,0x0000,0x0000,0x0000,0x0000,0x0000,0x0000,0x0000,0x0000,
  0x0000,0x0000,0x0000,0x0000,0x0000,0x0000,0x0000,0x0000,0x0000,0x0000,0x0000,0x0000,0x0000,0x0000,0x0000,0x0000,
  0x0000,0x0000,0x0000,0x0000,0x630C,0x630C,0x630C,0x630C,0xD6BA,0xD6BA,0xD6BA,0xD6BA,0xD6BA,0xD6BA,0xD6BA,0xD6BA,
  0xD6BA,0xD6BA,0x630C,0x630C,0x630C,0x630C,0x0000,0x0000,0x0000,0x0000,0x0000,0x0000,0x0000,0x0000,0x0000,0x0000,
  0x0000,0x0000,0x0000,0x0000,0x0000,0x0000,0x0000,0x0000,0x0000,0x0000,0x0000,0x0000,0x0000,0x0000,0x0000,0x0000,
  0x0000,0x0000,0x0000,0x0000,0x0000,0x0000,0x0000,0x0000,0x0000,0x0000,0x0000,0x0000,0x0000,0x0000,0x0000,0x0000,
  0x0000,0x0000,0x0000,0x0000,0x630C,0x630C,0x630C,0x630C,0xD6BA,0xD6BA,0xD6BA,0xD6BA,0xD6BA,0xD6BA,0xD6BA,0xD6BA,
  0xD6BA,0xD6BA,0x630C,0x630C,0x630C,0x630C,0x0000,0x0000,0x0000,0x0000,0x0000,0x0000,0x0000,0x0000,0x0000,0x0000,
  0x0000,0x0000,0x0000,0x0000,0x0000,0x0000,0x0000,0x0000,0x0000,0x0000,0x0000,0x0000,0x0000,0x0000,0x0000,0x0000,
  0x0000,0x0000,0x0000,0x0000,0x0000,0x0000,0x0000,0x0000,0x0000,0x0000,0x0000,0x0000,0x0000,0x0000,0x0000,0x0000,
  0x0000,0x0000,0x0000,0x0000,0x630C,0x630C,0x630C,0x630C,0xD6BA,0xD6BA,0xD6BA,0xD6BA,0xD6BA,0xD6BA,0xD6BA,0xD6BA,
  0xD6BA,0xD6BA,0x630C,0x630C,0x630C,0x630C,0x0000,0x0000,0x0000,0x0000,0x0000,0x0000,0x0000,0x0000,0x0000,0x0000,
  0x0000,0x0000,0x0000,0x0000,0x0000,0x0000,0x0000,0x0000,0x0000,0x0000,0x0000,0x0000,0x0000,0x0000,0x0000,0x0000,
  0x0000,0x0000,0x0000,0x0000,0x0000,0x0000,0x0000,0x0000,0x0000,0x0000,0x0000,0x0000,0x0000,0x0000,0x0000,0x0000,
  0x0000,0x0000,0x0000,0x0000,0x630C,0x630C,0x630C,0x630C,0xD6BA,0xD6BA,0xD6BA,0xD6BA,0xD6BA,0xD6BA,0xD6BA,0xD6BA,
  0xD6BA,0xD6BA,0x630C,0x630C,0x630C,0x630C,0x0000,0x0000,0x0000,0x0000,0x0000,0x0000,0x0000,0x0000,0x0000,0x0000,
  0x0000,0x0000,0x0000,0x0000,0x0000,0x0000,0x0000,0x0000,0x0000,0x0000,0x0000,0x0000,0x0000,0x0000,0x0000,0x0000,
  0x0000,0x0000,0x0000,0x0000,0x0000,0x0000,0x0000,0x0000,0x0000,0x0000,0x0000,0x0000,0x0000,0x0000,0x0000,0x0000,
  0x0000,0x0000,0x0000,0x0000,0x630C,0x630C,0x630C,0x630C,0x630C,0x630C,0xD6BA,0xD6BA,0xD6BA,0xD6BA,0xD6BA,0xD6BA,
  0x630C,0x630C,0x630C,0x630C,0x630C,0x630C,0x0000,0x0000,0x0000,0x0000,0x0000,0x0000,0x0000,0x0000,0x0000,0x0000,
  0x0000,0x0000,0x0000,0x0000,0x630C,0x630C,0x630C,0x630C,0x0000,0x0000,0x0000,0x0000,0x0000,0x0000,0x0000,0x0000,
  0x0000,0x0000,0x0000,0x0000,0x0000,0x0000,0x0000,0x0000,0x0000,0x0000,0x0000,0x0000,0x0000,0x0000,0x0000,0x0000,
  0x0000,0x0000,0x0000,0x0000,0x630C,0x630C,0x630C,0x630C,0x630C,0x630C,0xD6BA,0xD6BA,0xD6BA,0xD6BA,0xD6BA,0xD6BA,
  0x630C,0x630C,0x630C,0x630C,0x630C,0x630C,0x0000,0x0000,0x0000,0x0000,0x0000,0x0000,0x0000,0x0000,0x0000,0x0000,
  0x0000,0x0000,0x0000,0x0000,0x630C,0x630C,0x630C,0x630C,0x0000,0x0000,0x0000,0x0000,0x0000,0x0000,0x0000,0x0000,
  0x0000,0x0000,0x0000,0x0000,0x0000,0x0000,0x0000,0x0000,0x0000,0x0000,0x0000,0x0000,0x0000,0x0000,0x0000,0x0000,
  0x0000,0x0000,0x0000,0x0000,0x630C,0x630C,0x630C,0x630C,0x630C,0x630C,0xD6BA,0xD6BA,0xD6BA,0xD6BA,0xD6BA,0xD6BA,
  0x630C,0x630C,0x630C,0x630C,0x630C,0x630C,0x0000,0x0000,0x0000,0x0000,0x0000,0x0000,0x0000,0x0000,0x0000,0x0000,
  0x0000,0x0000,0x0000,0x0000,0x4229,0x4229,0x4229,0x4229,0x630C,0x630C,0x0000,0x0000,0x0000,0x0000,0x0000,0x0000,
  0x0000,0x0000,0x0000,0x0000,0x0000,0x0000,0x0000,0x0000,0x0000,0x0000,0x0000,0x0000,0x0000,0x0000,0x0000,0x0000,
  0x0000,0x0000,0x0000,0x0000,0x630C,0x630C,0x630C,0x630C,0x630C,0x630C,0xD6BA,0xD6BA,0xD6BA,0xD6BA,0xD6BA,0xD6BA,
  0x630C,0x630C,0x630C,0x630C,0x630C,0x630C,0x0000,0x0000,0x0000,0x0000,0x0000,0x0000,0x0000,0x0000,0x0000,0x0000,
  0x0000,0x0000,0x0000,0x0000,0x4229,0x4229,0x4229,0x4229,0x630C,0x630C,0x0000,0x0000,0x0000,0x0000,0x0000,0x0000,
  0x0000,0x0000,0x0000,0x0000,0x0000,0x0000,0x0000,0x0000,0x0000,0x0000,0x0000,0x0000,0x0000,0x0000,0x0000,0x0000,
  0x0000,0x0000,0x0000,0x0000,0x630C,0x630C,0x630C,0x630C,0x0000,0x0000,0xD6BA,0xD6BA,0xD6BA,0xD6BA,0xD6BA,0xD6BA,
  0x0000,0x0000,0x630C,0x630C,0x630C,0x630C,0x0000,0x0000,0x630C,0x630C,0x0000,0x0000,0x0000,0x0000,0x0000,0x0000,
  0x0000,0x0000,0x0000,0x0000,0x0000,0x0000,0x630C,0x630C,0x630C,0x630C,0x0000,0x0000,0x0000,0x0000,0x0000,0x0000,
  0x0000,0x0000,0x0000,0x0000,0x0000,0x0000,0x0000,0x0000,0x0000,0x0000,0x0000,0x0000,0x0000,0x0000,0x0000,0x0000,
  0x0000,0x0000,0x0000,0x0000,0x630C,0x630C,0x630C,0x630C,0x0000,0x0000,0xD6BA,0xD6BA,0xD6BA,0xD6BA,0xD6BA,0xD6BA,
  0x0000,0x0000,0x630C,0x630C,0x630C,0x630C,0x0000,0x0000,0x630C,0x630C,0x0000,0x0000,0x0000,0x0000,0x0000,0x0000,
  0x0000,0x0000,0x0000,0x0000,0x0000,0x0000,0x630C,0x630C,0x630C,0x630C,0x0000,0x0000,0x0000,0x0000,0x0000,0x0000,
  0x0000,0x0000,0x0000,0x0000,0x0000,0x0000,0x0000,0x0000,0x0000,0x0000,0x0000,0x0000,0x0000,0x0000,0x0000,0x0000,
  0x0000,0x0000,0x0000,0x0000,0x630C,0x630C,0x630C,0x630C,0x630C,0x630C,0x0000,0x0000,0xD6BA,0xD6BA,0x0000,0x0000,
  0x630C,0x630C,0x630C,0x630C,0x630C,0x630C,0x0000,0x0000,0x630C,0x630C,0x4229,0x4229,0x630C,0x630C,0x0000,0x0000,
  0x0000,0x0000,0x0000,0x0000,0x0000,0x0000,0x4229,0x4229,0x630C,0x630C,0x0000,0x0000,0x0000,0x0000,0x0000,0x0000,
  0x0000,0x0000,0x0000,0x0000,0x0000,0x0000,0x0000,0x0000,0x0000,0x0000,0x0000,0x0000,0x0000,0x0000,0x0000,0x0000,
  0x0000,0x0000,0x0000,0x0000,0x630C,0x630C,0x630C,0x630C,0x630C,0x630C,0x0000,0x0000,0xD6BA,0xD6BA,0x0000,0x0000,
  0x630C,0x630C,0x630C,0x630C,0x630C,0x630C,0x0000,0x0000,0x630C,0x630C,0x4229,0x4229,0x630C,0x630C,0x0000,0x0000,
  0x0000,0x0000,0x0000,0x0000,0x0000,0x0000,0x4229,0x4229,0x630C,0x630C,0x0000,0x0000,0x0000,0x0000,0x0000,0x0000,
  0x0000,0x0000,0x0000,0x0000,0x0000,0x0000,0x0000,0x0000,0x0000,0x0000,0x0000,0x0000,0x0000,0x0000,0x0000,0x0000,
  0x0000,0x0000,0x0000,0x0000,0x0000,0x0000,0x630C,0x630C,0x630C,0x630C,0x630C,0x630C,0x0000,0x0000,0x630C,0x630C,
  0x630C,0x630C,0x630C,0x630C,0x0000,0x0000,0x0000,0x0000,0x630C,0x630C,0x4229,0x4229,0x630C,0x630C,0x0000,0x0000,
  0x0000,0x0000,0x0000,0x0000,0x0000,0x0000,0x630C,0x630C,0x630C,0x630C,0x0000,0x0000,0x0000,0x0000,0x0000,0x0000,
  0x0000,0x0000,0x0000,0x0000,0x0000,0x0000,0x0000,0x0000,0x0000,0x0000,0x0000,0x0000,0x0000,0x0000,0x0000,0x0000,
  0x0000,0x0000,0x0000,0x0000,0x0000,0x0000,0x630C,0x630C,0x630C,0x630C,0x630C,0x630C,0x0000,0x0000,0x630C,0x630C,
  0x630C,0x630C,0x630C,0x630C,0x0000,0x0000,0x0000,0x0000,0x630C,0x630C,0x4229,0x4229,0x630C,0x630C,0x0000,0x0000,
  0x0000,0x0000,0x0000,0x0000,0x0000,0x0000,0x630C,0x630C,0x630C,0x630C,0x0000,0x0000,0x0000,0x0000,0x0000,0x0000,
  0x0000,0x0000,0x0000,0x0000,0x0000,0x0000,0x0000,0x0000,0x0000,0x0000,0x0000,0x0000,0x0000,0x0000,0x0000,0x0000,
  0x0000,0x0000,0x0000,0x0000,0x0000,0x0000,0x630C,0x630C,0x630C,0x630C,0x630C,0x630C,0x0000,0x0000,0x630C,0x630C,
  0x630C,0x630C,0x630C,0x630C,0x0000,0x0000,0x630C,0x630C,0x630C,0x630C,0x630C,0x630C,0x630C,0x630C,0x4229,0x4229,
  0x0000,0x0000,0x0000,0x0000,0x630C,0x630C,0x630C,0x630C,0x0000,0x0000,0x0000,0x0000,0x0000,0x0000,0x0000,0x0000,
  0x0000,0x0000,0x0000,0x0000,0x0000,0x0000,0x0000,0x0000,0x0000,0x0000,0x0000,0x0000,0x0000,0x0000,0x0000,0x0000,
  0x0000,0x0000,0x0000,0x0000,0x0000,0x0000,0x630C,0x630C,0x630C,0x630C,0x630C,0x630C,0x0000,0x0000,0x630C,0x630C,
  0x630C,0x630C,0x630C,0x630C,0x0000,0x0000,0x630C,0x630C,0x630C,0x630C,0x630C,0x630C,0x630C,0x630C,0x4229,0x4229,
  0x0000,0x0000,0x0000,0x0000,0x630C,0x630C,0x630C,0x630C,0x0000,0x0000,0x0000,0x0000,0x0000,0x0000,0x0000,0x0000,
  0x0000,0x0000,0x0000,0x0000,0x0000,0x0000,0x0000,0x0000,0x0000,0x0000,0x0000,0x0000,0x0000,0x0000,0x0000,0x0000,
  0x0000,0x0000,0x0000,0x0000,0x0000,0x0000,0x630C,0x630C,0xD6BA,0xD6BA,0xD6BA,0xD6BA,0x0000,0x0000,0xD6BA,0xD6BA,
  0xD6BA,0xD6BA,0x630C,0x630C,0x630C,0x630C,0x0000,0x0000,0x630C,0x630C,0x630C,0x630C,0x630C,0x630C,0x4229,0x4229,
  0x0000,0x0000,0x630C,0x630C,0x630C,0x630C,0x0000,0x0000,0x0000,0x0000,0x0000,0x0000,0x0000,0x0000,0x0000,0x0000,
  0x0000,0x0000,0x0000,0x0000,0x0000,0x0000,0x0000,0x0000,0x0000,0x0000,0x0000,0x0000,0x0000,0x0000,0x0000,0x0000,
  0x0000,0x0000,0x0000,0x0000,0x0000,0x0000,0x630C,0x630C,0xD6BA,0xD6BA,0xD6BA,0xD6BA,0x0000,0x0000,0xD6BA,0xD6BA,
  0xD6BA,0xD6BA,0x630C,0x630C,0x630C,0x630C,0x0000,0x0000,0x630C,0x630C,0x630C,0x630C,0x630C,0x630C,0x4229,0x4229,
  0x0000,0x0000,0x630C,0x630C,0x630C,0x630C,0x0000,0x0000,0x0000,0x0000,0x0000,0x0000,0x0000,0x0000,0x0000,0x0000,
  0x0000,0x0000,0x0000,0x0000,0x0000,0x0000,0x0000,0x0000,0x0000,0x0000,0x0000,0x0000,0x0000,0x0000,0x0000,0x0000,
  0x0000,0x0000,0x0000,0x0000,0x630C,0x630C,0x630C,0x630C,0xD6BA,0xD6BA,0x0000,0x0000,0x0000,0x0000,0x0000,0x0000,
  0xD6BA,0xD6BA,0x630C,0x630C,0x630C,0x630C,0x0000,0x0000,0x630C,0x630C,0x630C,0x630C,0x630C,0x630C,0x630C,0x630C,
  0x0000,0x0000,0x630C,0x630C,0x0000,0x0000,0x0000,0x0000,0x0000,0x0000,0x0000,0x0000,0x0000,0x0000,0x0000,0x0000,
  0x0000,0x0000,0x0000,0x0000,0x0000,0x0000,0x0000,0x0000,0x0000,0x0000,0x0000,0x0000,0x0000,0x0000,0x0000,0x0000,
  0x0000,0x0000,0x0000,0x0000,0x630C,0x630C,0x630C,0x630C,0xD6BA,0xD6BA,0x0000,0x0000,0x0000,0x0000,0x0000,0x0000,
  0xD6BA,0xD6BA,0x630C,0x630C,0x630C,0x630C,0x0000,0x0000,0x630C,0x630C,0x630C,0x630C,0x630C,0x630C,0x630C,0x630C,
  0x0000,0x0000,0x630C,0x630C,0x0000,0x0000,0x0000,0x0000,0x0000,0x0000,0x0000,0x0000,0x0000,0x0000,0x0000,0x0000,
};

// Frame sequences - index into these by animation frame number
static const uint16_t* const IDLE_FRAMES[] = {
  cat,
};
static const uint8_t IDLE_FRAME_COUNT = 1;

static const uint16_t* const SLEEP_FRAMES[] = {
  cat_sleep_1,
  cat_sleep_2,
  cat_sleep_3,
  cat_sleep_4,
};
static const uint8_t SLEEP_FRAME_COUNT = 4;

static const uint16_t* const PET_FRAMES[] = {
  catt_pet1,
  catt_pet2,
  catt_pet3,
  catt_pet4,
  catt_pet5,
  catt_pet6,
  catt_pet7,
  catt_pet8,
};
static const uint8_t PET_FRAME_COUNT = 8;

#endif